# Subdivisions lookup generated from Natural Earth 5.1.1 on 2026-09-07 by tools/prep-boundaries.mjs. Do not edit by hand; regenerate with npm run prep and re-import this tab together with the map data.
Key,Country Code,Name,Code,Canonical
ad|andorra la vella,AD,Andorra la Vella,AD-07,TRUE
ad|canillo,AD,Canillo,AD-02,TRUE
ad|encamp,AD,Encamp,AD-03,TRUE
ad|escaldes-engordany,AD,Escaldes-Engordany,AD-08,TRUE
ad|la massana,AD,La Massana,AD-04,TRUE
ad|ordino,AD,Ordino,AD-05,TRUE
ad|sant julià de lòria,AD,Sant Julià de Lòria,AD-06,TRUE
ae|abu dhabi,AE,Abu Dhabi,AE-AZ,TRUE
ae|ajman,AE,Ajman,AE-AJ,TRUE
ae|dubay,AE,Dubay,AE-DU,TRUE
ae|fujayrah,AE,Fujayrah,AE-FU,TRUE
ae|neutral zone,AE,Neutral Zone,AE-~347,TRUE
ae|neutral zone (2),AE,Neutral Zone (2),AE-~344,TRUE
ae|ras al khaymah,AE,Ras Al Khaymah,AE-RK,TRUE
ae|sharjah,AE,Sharjah,AE-SH,TRUE
ae|umm al qaywayn,AE,Umm Al Qaywayn,AE-UQ,TRUE
af|badakhshan,AF,Badakhshan,AF-BDS,TRUE
af|badghis,AF,Badghis,AF-BDG,TRUE
af|baghlan,AF,Baghlan,AF-BGL,TRUE
af|balkh,AF,Balkh,AF-BAL,TRUE
af|bamyan,AF,Bamyan,AF-BAM,TRUE
af|farah,AF,Farah,AF-FRA,TRUE
af|faryab,AF,Faryab,AF-FYB,TRUE
af|ghazni,AF,Ghazni,AF-GHA,TRUE
af|ghor,AF,Ghor,AF-GHO,TRUE
af|hilmand,AF,Hilmand,AF-HEL,TRUE
af|hirat,AF,Hirat,AF-HER,TRUE
af|jawzjan,AF,Jawzjan,AF-JOW,TRUE
af|kabul,AF,Kabul,AF-KAB,TRUE
af|kandahar,AF,Kandahar,AF-KAN,TRUE
af|kapisa,AF,Kapisa,AF-KAP,TRUE
af|khost,AF,Khost,AF-KHO,TRUE
af|kunar,AF,Kunar,AF-KNR,TRUE
af|kunduz,AF,Kunduz,AF-KDZ,TRUE
af|laghman,AF,Laghman,AF-LAG,TRUE
af|logar,AF,Logar,AF-LOG,TRUE
af|nangarhar,AF,Nangarhar,AF-NAN,TRUE
af|nimroz,AF,Nimroz,AF-NIM,TRUE
af|nuristan,AF,Nuristan,AF-NUR,TRUE
af|paktika,AF,Paktika,AF-PIA,TRUE
af|paktya,AF,Paktya,AF-PKA,TRUE
af|parwan,AF,Parwan,AF-PAR,TRUE
af|samangan,AF,Samangan,AF-SAM,TRUE
af|sari pul,AF,Sari Pul,AF-SAR,TRUE
af|takhar,AF,Takhar,AF-TAK,TRUE
af|uruzgan,AF,Uruzgan,AF-URU,TRUE
af|wardak,AF,Wardak,AF-WAR,TRUE
af|zabul,AF,Zabul,AF-ZAB,TRUE
ag|barbuda,AG,Barbuda,AG-10,TRUE
ag|redonda,AG,Redonda,AG-11,TRUE
ag|saint george,AG,Saint George,AG-03,TRUE
ag|saint john,AG,Saint John,AG-04,TRUE
ag|saint mary,AG,Saint Mary,AG-05,TRUE
ag|saint paul,AG,Saint Paul,AG-06,TRUE
ag|saint peter,AG,Saint Peter,AG-07,TRUE
ag|saint philip,AG,Saint Philip,AG-08,TRUE
ai|blowing point,AI,Blowing Point,AI-~5114,TRUE
ai|east end,AI,East End,AI-~5115,TRUE
ai|george hill,AI,George Hill,AI-~5116,TRUE
ai|island harbour,AI,Island Harbour,AI-~5117,TRUE
ai|north hill,AI,North Hill,AI-~5118,TRUE
ai|north side,AI,North Side,AI-~5119,TRUE
ai|sandy ground,AI,Sandy Ground,AI-~5120,TRUE
ai|sandy hill,AI,Sandy Hill,AI-~5121,TRUE
ai|south hill,AI,South Hill,AI-~5122,TRUE
ai|stoney ground,AI,Stoney Ground,AI-~5123,TRUE
ai|the farrington,AI,The Farrington,AI-~5124,TRUE
ai|the quarter,AI,The Quarter,AI-~5125,TRUE
ai|the valley,AI,The Valley,AI-~5126,TRUE
ai|unnamed area,AI,Unnamed area,AI-X00,TRUE
ai|west end,AI,West End,AI-~5127,TRUE
al|berat,AL,Berat,AL-01,TRUE
al|dibër,AL,Dibër,AL-09,TRUE
al|durrës,AL,Durrës,AL-02,TRUE
al|elbasan,AL,Elbasan,AL-03,TRUE
al|fier,AL,Fier,AL-04,TRUE
al|gjirokastër,AL,Gjirokastër,AL-05,TRUE
al|korçë,AL,Korçë,AL-06,TRUE
al|kukës,AL,Kukës,AL-07,TRUE
al|lezhë,AL,Lezhë,AL-08,TRUE
al|shkodër,AL,Shkodër,AL-10,TRUE
al|tiranë,AL,Tiranë,AL-11,TRUE
al|vlorë,AL,Vlorë,AL-12,TRUE
am|aragatsotn,AM,Aragatsotn,AM-AG,TRUE
am|ararat,AM,Ararat,AM-AR,TRUE
am|armavir,AM,Armavir,AM-AV,TRUE
am|erevan,AM,Erevan,AM-ER,TRUE
am|gegharkunik,AM,Gegharkunik,AM-GR,TRUE
am|kotayk,AM,Kotayk,AM-KT,TRUE
am|lori,AM,Lori,AM-LO,TRUE
am|shirak,AM,Shirak,AM-SH,TRUE
am|syunik,AM,Syunik,AM-SU,TRUE
am|tavush,AM,Tavush,AM-TV,TRUE
am|vayots dzor,AM,Vayots Dzor,AM-VD,TRUE
ao|bengo,AO,Bengo,AO-BGO,TRUE
ao|benguela,AO,Benguela,AO-BGU,TRUE
ao|bié,AO,Bié,AO-BIE,TRUE
ao|cabinda,AO,Cabinda,AO-CAB,TRUE
ao|cuando cubango,AO,Cuando Cubango,AO-CCU,TRUE
ao|cuanza norte,AO,Cuanza Norte,AO-CNO,TRUE
ao|cuanza sul,AO,Cuanza Sul,AO-CUS,TRUE
ao|cunene,AO,Cunene,AO-CNN,TRUE
ao|huambo,AO,Huambo,AO-HUA,TRUE
ao|huíla,AO,Huíla,AO-HUI,TRUE
ao|luanda,AO,Luanda,AO-LUA,TRUE
ao|lunda norte,AO,Lunda Norte,AO-LNO,TRUE
ao|lunda sul,AO,Lunda Sul,AO-LSU,TRUE
ao|malanje,AO,Malanje,AO-MAL,TRUE
ao|moxico,AO,Moxico,AO-MOX,TRUE
ao|namibe,AO,Namibe,AO-NAM,TRUE
ao|uíge,AO,Uíge,AO-UIG,TRUE
ao|zaire,AO,Zaire,AO-ZAI,TRUE
ar|buenos aires,AR,Buenos Aires,AR-B,TRUE
ar|catamarca,AR,Catamarca,AR-K,TRUE
ar|chaco,AR,Chaco,AR-H,TRUE
ar|chubut,AR,Chubut,AR-U,TRUE
ar|ciudad de buenos aires,AR,Ciudad de Buenos Aires,AR-C,TRUE
ar|córdoba,AR,Córdoba,AR-X,TRUE
ar|corrientes,AR,Corrientes,AR-W,TRUE
ar|entre ríos,AR,Entre Ríos,AR-E,TRUE
ar|formosa,AR,Formosa,AR-P,TRUE
ar|jujuy,AR,Jujuy,AR-Y,TRUE
ar|la pampa,AR,La Pampa,AR-L,TRUE
ar|la rioja,AR,La Rioja,AR-F,TRUE
ar|mendoza,AR,Mendoza,AR-M,TRUE
ar|misiones,AR,Misiones,AR-N,TRUE
ar|neuquén,AR,Neuquén,AR-Q,TRUE
ar|río negro,AR,Río Negro,AR-R,TRUE
ar|salta,AR,Salta,AR-A,TRUE
ar|san juan,AR,San Juan,AR-J,TRUE
ar|san luis,AR,San Luis,AR-D,TRUE
ar|santa cruz,AR,Santa Cruz,AR-Z,TRUE
ar|santa fe,AR,Santa Fe,AR-S,TRUE
ar|santiago del estero,AR,Santiago del Estero,AR-G,TRUE
ar|tierra del fuego,AR,Tierra del Fuego,AR-V,TRUE
ar|tucumán,AR,Tucumán,AR-T,TRUE
as|eastern,AS,Eastern,AS-~4998,TRUE
as|manu's,AS,Manu's,AS-~4999,TRUE
as|rose atoll,AS,Rose Atoll,AS-~5000,TRUE
as|swain's island,AS,Swain's Island,AS-~5001,TRUE
as|western,AS,Western,AS-~5002,TRUE
at|burgenland,AT,Burgenland,AT-1,TRUE
at|kärnten,AT,Kärnten,AT-2,TRUE
at|niederösterreich,AT,Niederösterreich,AT-3,TRUE
at|oberösterreich,AT,Oberösterreich,AT-4,TRUE
at|salzburg,AT,Salzburg,AT-5,TRUE
at|steiermark,AT,Steiermark,AT-6,TRUE
at|tirol,AT,Tirol,AT-7,TRUE
at|vorarlberg,AT,Vorarlberg,AT-8,TRUE
at|wien,AT,Wien,AT-9,TRUE
au|ashmore and cartier islands,AU,Ashmore and Cartier Islands,AU-~10012,TRUE
au|australian capital territory,AU,Australian Capital Territory,AU-ACT,TRUE
au|christmas island,AU,Christmas Island,AU-~2652,TRUE
au|cocos (keeling) islands,AU,Cocos (Keeling) Islands,AU-~1928,TRUE
au|jervis bay territory,AU,Jervis Bay Territory,AU-~1932,TRUE
au|macquarie island,AU,Macquarie Island,AU-~10015,TRUE
au|new south wales,AU,New South Wales,AU-NSW,TRUE
au|northern territory,AU,Northern Territory,AU-NT,TRUE
au|queensland,AU,Queensland,AU-QLD,TRUE
au|south australia,AU,South Australia,AU-SA,TRUE
au|tasmania,AU,Tasmania,AU-TAS,TRUE
au|victoria,AU,Victoria,AU-VIC,TRUE
au|western australia,AU,Western Australia,AU-WA,TRUE
ax|brändö,AX,Brändö,AX-~4823,TRUE
ax|eckerö,AX,Eckerö,AX-~4812,TRUE
ax|föglö,AX,Föglö,AX-~4814,TRUE
ax|jomala,AX,Jomala,AX-~4810,TRUE
ax|kökar,AX,Kökar,AX-~4824,TRUE
ax|kumlinge,AX,Kumlinge,AX-~4822,TRUE
ax|lemland,AX,Lemland,AX-~4818,TRUE
ax|lumparland,AX,Lumparland,AX-~4819,TRUE
ax|mariehamn,AX,Mariehamn,AX-~4817,TRUE
ax|sottunga,AX,Sottunga,AX-~4821,TRUE
ax|vårdö,AX,Vårdö,AX-~4820,TRUE
az|abşeron,AZ,Abşeron,AZ-ABS,TRUE
az|ağcabədi,AZ,Ağcabədi,AZ-AGC,TRUE
az|ağdam,AZ,Ağdam,AZ-AGM,TRUE
az|ağdaş,AZ,Ağdaş,AZ-AGS,TRUE
az|ağstafa,AZ,Ağstafa,AZ-AGA,TRUE
az|ağsu,AZ,Ağsu,AZ-AGU,TRUE
az|astara,AZ,Astara,AZ-AST,TRUE
az|babək,AZ,Babək,AZ-BAB,TRUE
az|bakı,AZ,Bakı,AZ-BA,TRUE
az|balakən,AZ,Balakən,AZ-BAL,TRUE
az|beyləqan,AZ,Beyləqan,AZ-BEY,TRUE
az|bərdə,AZ,Bərdə,AZ-BAR,TRUE
az|biləsuvar,AZ,Biləsuvar,AZ-BIL,TRUE
az|cəbrayıl,AZ,Cəbrayıl,AZ-CAB,TRUE
az|cəlilabad,AZ,Cəlilabad,AZ-CAL,TRUE
az|culfa,AZ,Culfa,AZ-CUL,TRUE
az|daşkəsən,AZ,Daşkəsən,AZ-DAS,TRUE
az|dəvəçi,AZ,Dəvəçi,AZ-SBN,TRUE
az|füzuli,AZ,Füzuli,AZ-FUZ,TRUE
az|gədəbəy,AZ,Gədəbəy,AZ-GAD,TRUE
az|gəncə,AZ,Gəncə,AZ-GA,TRUE
az|goranboy,AZ,Goranboy,AZ-GOR,TRUE
az|göyçay,AZ,Göyçay,AZ-GOY,TRUE
az|hajigabul,AZ,Hajigabul,AZ-HAC,TRUE
az|i̇mişli,AZ,İmişli,AZ-IMI,TRUE
az|i̇smayıllı,AZ,İsmayıllı,AZ-ISM,TRUE
az|kangarli,AZ,Kangarli,AZ-KAN,TRUE
az|kəlbəcər,AZ,Kəlbəcər,AZ-KAL,TRUE
az|kürdəmir,AZ,Kürdəmir,AZ-KUR,TRUE
az|lankaran,AZ,Lankaran,AZ-LAN,TRUE
az|lankaran (2),AZ,Lankaran (2),AZ-LA,TRUE
az|lerik,AZ,Lerik,AZ-LER,TRUE
az|masallı,AZ,Masallı,AZ-MAS,TRUE
az|mingəçevir,AZ,Mingəçevir,AZ-MI,TRUE
az|naftalan,AZ,Naftalan,AZ-NA,TRUE
az|naxçıvan,AZ,Naxçıvan,AZ-NX,TRUE
az|neftçala,AZ,Neftçala,AZ-NEF,TRUE
az|oğuz,AZ,Oğuz,AZ-OGU,TRUE
az|ordubad,AZ,Ordubad,AZ-ORD,TRUE
az|qax,AZ,Qax,AZ-QAX,TRUE
az|qazax,AZ,Qazax,AZ-QAZ,TRUE
az|qəbələ,AZ,Qəbələ,AZ-QAB,TRUE
az|qobustan,AZ,Qobustan,AZ-QOB,TRUE
az|quba,AZ,Quba,AZ-QBA,TRUE
az|qubadli,AZ,Qubadli,AZ-QBI,TRUE
az|qusar,AZ,Qusar,AZ-QUS,TRUE
az|saatlı,AZ,Saatlı,AZ-SAT,TRUE
az|sabirabad,AZ,Sabirabad,AZ-SAB,TRUE
az|şahbuz,AZ,Şahbuz,AZ-SAH,TRUE
az|salyan,AZ,Salyan,AZ-SAL,TRUE
az|şamaxı,AZ,Şamaxı,AZ-SMI,TRUE
az|samux,AZ,Samux,AZ-SMX,TRUE
az|sədərək,AZ,Sədərək,AZ-SAD,TRUE
az|şəki,AZ,Şəki,AZ-SA,TRUE
az|şəmkir,AZ,Şəmkir,AZ-SKR,TRUE
az|şərur,AZ,Şərur,AZ-SAR,TRUE
az|shirvan,AZ,Shirvan,AZ-SR,TRUE
az|siyəzən,AZ,Siyəzən,AZ-SIY,TRUE
az|stepanakert,AZ,Stepanakert,AZ-XA,TRUE
az|sumqayıt,AZ,Sumqayıt,AZ-SM,TRUE
az|şuşa,AZ,Şuşa,AZ-SUS,TRUE
az|şuşa (2),AZ,Şuşa (2),AZ-~5565,TRUE
az|tərtər,AZ,Tərtər,AZ-TAR,TRUE
az|tovuz,AZ,Tovuz,AZ-TOV,TRUE
az|ucar,AZ,Ucar,AZ-UCA,TRUE
az|xaçmaz,AZ,Xaçmaz,AZ-XAC,TRUE
az|xanlar,AZ,Xanlar,AZ-GYG,TRUE
az|xizı,AZ,Xizı,AZ-XIZ,TRUE
az|xocalı,AZ,Xocalı,AZ-XCI,TRUE
az|xocavənd,AZ,Xocavənd,AZ-XVD,TRUE
az|yardımlı,AZ,Yardımlı,AZ-YAR,TRUE
az|yevlakh rayon,AZ,Yevlakh Rayon,AZ-YEV,TRUE
az|zaqatala,AZ,Zaqatala,AZ-ZAQ,TRUE
az|zəngilan,AZ,Zəngilan,AZ-ZAN,TRUE
az|zərdab,AZ,Zərdab,AZ-ZAR,TRUE
ba|banja luka,BA,Banja Luka,BA-~4802,TRUE
ba|bijeljina,BA,Bijeljina,BA-~4804,TRUE
ba|brčko distrikt,BA,Brčko Distrikt,BA-BRC,TRUE
ba|doboj,BA,Doboj,BA-~4801,TRUE
ba|federation of bosnia and herzegovina,BA,Federation of Bosnia and Herzegovina,BA-BIH,TRUE
ba|foča,BA,Foča,BA-~4807,TRUE
ba|posavina,BA,Posavina,BA-SRP,TRUE
ba|sarajevo-romanija,BA,Sarajevo-romanija,BA-~4806,TRUE
ba|trebinje,BA,Trebinje,BA-~4808,TRUE
ba|vlasenica,BA,Vlasenica,BA-~4805,TRUE
bb|christ church,BB,Christ Church,BB-01,TRUE
bb|saint andrew,BB,Saint Andrew,BB-02,TRUE
bb|saint george,BB,Saint George,BB-03,TRUE
bb|saint james,BB,Saint James,BB-04,TRUE
bb|saint john,BB,Saint John,BB-05,TRUE
bb|saint joseph,BB,Saint Joseph,BB-06,TRUE
bb|saint lucy,BB,Saint Lucy,BB-07,TRUE
bb|saint michael,BB,Saint Michael,BB-08,TRUE
bb|saint peter,BB,Saint Peter,BB-09,TRUE
bb|saint philip,BB,Saint Philip,BB-10,TRUE
bb|saint thomas,BB,Saint Thomas,BB-11,TRUE
bd|barisal,BD,Barisal,BD-A,TRUE
bd|chittagong,BD,Chittagong,BD-B,TRUE
bd|dhaka,BD,Dhaka,BD-C,TRUE
bd|khulna,BD,Khulna,BD-D,TRUE
bd|rajshahi,BD,Rajshahi,BD-E,TRUE
bd|rangpur,BD,Rangpur,BD-F,TRUE
bd|sylhet,BD,Sylhet,BD-G,TRUE
be|antwerp,BE,Antwerp,BE-VAN,TRUE
be|brussels,BE,Brussels,BE-BRU,TRUE
be|east flanders,BE,East Flanders,BE-VOV,TRUE
be|flemish brabant,BE,Flemish Brabant,BE-VBR,TRUE
be|hainaut,BE,Hainaut,BE-WHT,TRUE
be|liege,BE,Liege,BE-WLG,TRUE
be|limburg,BE,Limburg,BE-VLI,TRUE
be|luxembourg,BE,Luxembourg,BE-WLX,TRUE
be|namur,BE,Namur,BE-WNA,TRUE
be|walloon brabant,BE,Walloon Brabant,BE-WBR,TRUE
be|west flanders,BE,West Flanders,BE-VWV,TRUE
bf|balé,BF,Balé,BF-BAL,TRUE
bf|bam,BF,Bam,BF-BAM,TRUE
bf|banwa,BF,Banwa,BF-BAN,TRUE
bf|bazéga,BF,Bazéga,BF-BAZ,TRUE
bf|bougouriba,BF,Bougouriba,BF-BGR,TRUE
bf|boulgou,BF,Boulgou,BF-BLG,TRUE
bf|boulkiemdé,BF,Boulkiemdé,BF-BLK,TRUE
bf|ganzourgou,BF,Ganzourgou,BF-GAN,TRUE
bf|gnagna,BF,Gnagna,BF-GNA,TRUE
bf|gourma,BF,Gourma,BF-GOU,TRUE
bf|houet,BF,Houet,BF-HOU,TRUE
bf|ioba,BF,Ioba,BF-IOB,TRUE
bf|kadiogo,BF,Kadiogo,BF-KAD,TRUE
bf|kénédougou,BF,Kénédougou,BF-KEN,TRUE
bf|komoé,BF,Komoé,BF-COM,TRUE
bf|komondjari,BF,Komondjari,BF-KMD,TRUE
bf|kompienga,BF,Kompienga,BF-KMP,TRUE
bf|kossi,BF,Kossi,BF-KOS,TRUE
bf|koulpélogo,BF,Koulpélogo,BF-KOP,TRUE
bf|kouritenga,BF,Kouritenga,BF-KOT,TRUE
bf|kourwéogo,BF,Kourwéogo,BF-KOW,TRUE
bf|léraba,BF,Léraba,BF-LER,TRUE
bf|loroum,BF,Loroum,BF-LOR,TRUE
bf|mou houn,BF,Mou Houn,BF-MOU,TRUE
bf|nahouri,BF,Nahouri,BF-NAO,TRUE
bf|namentenga,BF,Namentenga,BF-NAM,TRUE
bf|nayala,BF,Nayala,BF-NAY,TRUE
bf|noumbiel,BF,Noumbiel,BF-NOU,TRUE
bf|oubritenga,BF,Oubritenga,BF-OUB,TRUE
bf|oudalan,BF,Oudalan,BF-OUD,TRUE
bf|passoré,BF,Passoré,BF-PAS,TRUE
bf|poni,BF,Poni,BF-PON,TRUE
bf|sanguié,BF,Sanguié,BF-SNG,TRUE
bf|sanmatenga,BF,Sanmatenga,BF-SMT,TRUE
bf|séno,BF,Séno,BF-SEN,TRUE
bf|sissili,BF,Sissili,BF-SIS,TRUE
bf|soum,BF,Soum,BF-SOM,TRUE
bf|sourou,BF,Sourou,BF-SOR,TRUE
bf|tapoa,BF,Tapoa,BF-TAP,TRUE
bf|tuy,BF,Tuy,BF-TUI,TRUE
bf|yagha,BF,Yagha,BF-YAG,TRUE
bf|yatenga,BF,Yatenga,BF-YAT,TRUE
bf|ziro,BF,Ziro,BF-ZIR,TRUE
bf|zondoma,BF,Zondoma,BF-ZON,TRUE
bf|zoundwéogo,BF,Zoundwéogo,BF-ZOU,TRUE
bg|blagoevgrad,BG,Blagoevgrad,BG-01,TRUE
bg|burgas,BG,Burgas,BG-02,TRUE
bg|dobrich,BG,Dobrich,BG-08,TRUE
bg|gabrovo,BG,Gabrovo,BG-07,TRUE
bg|grad sofiya,BG,Grad Sofiya,BG-22,TRUE
bg|haskovo,BG,Haskovo,BG-26,TRUE
bg|kardzhali,BG,Kardzhali,BG-09,TRUE
bg|kyustendil,BG,Kyustendil,BG-10,TRUE
bg|lovech,BG,Lovech,BG-11,TRUE
bg|montana,BG,Montana,BG-12,TRUE
bg|pazardzhik,BG,Pazardzhik,BG-13,TRUE
bg|pernik,BG,Pernik,BG-14,TRUE
bg|pleven,BG,Pleven,BG-15,TRUE
bg|plovdiv,BG,Plovdiv,BG-16,TRUE
bg|razgrad,BG,Razgrad,BG-17,TRUE
bg|ruse,BG,Ruse,BG-18,TRUE
bg|shumen,BG,Shumen,BG-27,TRUE
bg|silistra,BG,Silistra,BG-19,TRUE
bg|sliven,BG,Sliven,BG-20,TRUE
bg|smolyan,BG,Smolyan,BG-21,TRUE
bg|sofia,BG,Sofia,BG-23,TRUE
bg|stara zagora,BG,Stara Zagora,BG-24,TRUE
bg|targovishte,BG,Targovishte,BG-25,TRUE
bg|varna,BG,Varna,BG-03,TRUE
bg|veliko tarnovo,BG,Veliko Tarnovo,BG-04,TRUE
bg|vidin,BG,Vidin,BG-05,TRUE
bg|vratsa,BG,Vratsa,BG-06,TRUE
bg|yambol,BG,Yambol,BG-28,TRUE
bh|al janūbīyah,BH,Al Janūbīyah,BH-14,TRUE
bh|al manāmah,BH,Al Manāmah,BH-13,TRUE
bh|al muḩarraq,BH,Al Muḩarraq,BH-15,TRUE
bh|al wusţá,BH,Al Wusţá,BH-16,TRUE
bh|ash shamālīyah,BH,Ash Shamālīyah,BH-17,TRUE
bi|bubanza,BI,Bubanza,BI-BB,TRUE
bi|bujumbura mairie,BI,Bujumbura Mairie,BI-BM,TRUE
bi|bujumbura rural,BI,Bujumbura Rural,BI-BL,TRUE
bi|bururi,BI,Bururi,BI-BR,TRUE
bi|cankuzo,BI,Cankuzo,BI-CA,TRUE
bi|cibitoke,BI,Cibitoke,BI-CI,TRUE
bi|gitega,BI,Gitega,BI-GI,TRUE
bi|karuzi,BI,Karuzi,BI-KR,TRUE
bi|kayanza,BI,Kayanza,BI-KY,TRUE
bi|kirundo,BI,Kirundo,BI-KI,TRUE
bi|makamba,BI,Makamba,BI-MA,TRUE
bi|muramvya,BI,Muramvya,BI-MU,TRUE
bi|muyinga,BI,Muyinga,BI-MY,TRUE
bi|mwaro,BI,Mwaro,BI-MW,TRUE
bi|ngozi,BI,Ngozi,BI-NG,TRUE
bi|rutana,BI,Rutana,BI-RT,TRUE
bi|ruyigi,BI,Ruyigi,BI-RY,TRUE
bj|alibori,BJ,Alibori,BJ-AL,TRUE
bj|atakora,BJ,Atakora,BJ-AK,TRUE
bj|atlantique,BJ,Atlantique,BJ-AQ,TRUE
bj|borgou,BJ,Borgou,BJ-BO,TRUE
bj|collines,BJ,Collines,BJ-CO,TRUE
bj|donga,BJ,Donga,BJ-DO,TRUE
bj|kouffo,BJ,Kouffo,BJ-KO,TRUE
bj|littoral,BJ,Littoral,BJ-LI,TRUE
bj|mono,BJ,Mono,BJ-MO,TRUE
bj|ouémé,BJ,Ouémé,BJ-OU,TRUE
bj|plateau,BJ,Plateau,BJ-PL,TRUE
bj|zou,BJ,Zou,BJ-ZO,TRUE
bm|city of hamilton,BM,City of Hamilton,BM-HA,TRUE
bm|city of saint george,BM,City of Saint George,BM-SG,TRUE
bm|devonshire,BM,Devonshire,BM-DEV,TRUE
bm|hamilton,BM,Hamilton,BM-HAM,TRUE
bm|paget,BM,Paget,BM-PAG,TRUE
bm|pembroke,BM,Pembroke,BM-PEM,TRUE
bm|saint george's,BM,Saint George's,BM-SGE,TRUE
bm|sandys,BM,Sandys,BM-SAN,TRUE
bm|smith's,BM,Smith's,BM-SMI,TRUE
bm|southampton,BM,Southampton,BM-SOU,TRUE
bm|warwick,BM,Warwick,BM-WAR,TRUE
bn|belait,BN,Belait,BN-BE,TRUE
bn|brunei and muara,BN,Brunei and Muara,BN-BM,TRUE
bn|temburong,BN,Temburong,BN-TE,TRUE
bn|tutong,BN,Tutong,BN-TU,TRUE
bo|chuquisaca,BO,Chuquisaca,BO-H,TRUE
bo|cochabamba,BO,Cochabamba,BO-C,TRUE
bo|el beni,BO,El Beni,BO-B,TRUE
bo|la paz,BO,La Paz,BO-L,TRUE
bo|oruro,BO,Oruro,BO-O,TRUE
bo|pando,BO,Pando,BO-N,TRUE
bo|potosí,BO,Potosí,BO-P,TRUE
bo|santa cruz,BO,Santa Cruz,BO-S,TRUE
bo|tarija,BO,Tarija,BO-T,TRUE
br|acre,BR,Acre,BR-AC,TRUE
br|alagoas,BR,Alagoas,BR-AL,TRUE
br|amapá,BR,Amapá,BR-AP,TRUE
br|amazonas,BR,Amazonas,BR-AM,TRUE
br|bahia,BR,Bahia,BR-BA,TRUE
br|ceará,BR,Ceará,BR-CE,TRUE
br|distrito federal,BR,Distrito Federal,BR-DF,TRUE
br|espírito santo,BR,Espírito Santo,BR-ES,TRUE
br|goiás,BR,Goiás,BR-GO,TRUE
br|maranhão,BR,Maranhão,BR-MA,TRUE
br|mato grosso,BR,Mato Grosso,BR-MT,TRUE
br|mato grosso do sul,BR,Mato Grosso do Sul,BR-MS,TRUE
br|minas gerais,BR,Minas Gerais,BR-MG,TRUE
br|pará,BR,Pará,BR-PA,TRUE
br|paraíba,BR,Paraíba,BR-PB,TRUE
br|paraná,BR,Paraná,BR-PR,TRUE
br|pernambuco,BR,Pernambuco,BR-PE,TRUE
br|piauí,BR,Piauí,BR-PI,TRUE
br|rio de janeiro,BR,Rio de Janeiro,BR-RJ,TRUE
br|rio grande do norte,BR,Rio Grande do Norte,BR-RN,TRUE
br|rio grande do sul,BR,Rio Grande do Sul,BR-RS,TRUE
br|rondônia,BR,Rondônia,BR-RO,TRUE
br|roraima,BR,Roraima,BR-RR,TRUE
br|santa catarina,BR,Santa Catarina,BR-SC,TRUE
br|são paulo,BR,São Paulo,BR-SP,TRUE
br|sergipe,BR,Sergipe,BR-SE,TRUE
br|tocantins,BR,Tocantins,BR-TO,TRUE
bs|acklins,BS,Acklins,BS-AK,TRUE
bs|berry islands,BS,Berry Islands,BS-BY,TRUE
bs|bimini,BS,Bimini,BS-BI,TRUE
bs|black point,BS,Black Point,BS-BP,TRUE
bs|cat island,BS,Cat Island,BS-CI,TRUE
bs|central abaco,BS,Central Abaco,BS-CO,TRUE
bs|central andros,BS,Central Andros,BS-CS,TRUE
bs|central eleuthera,BS,Central Eleuthera,BS-CE,TRUE
bs|city of freeport,BS,City of Freeport,BS-FP,TRUE
bs|crooked island and long cay,BS,Crooked Island and Long Cay,BS-CK,TRUE
bs|east grand bahama,BS,East Grand Bahama,BS-EG,TRUE
bs|exuma,BS,Exuma,BS-EX,TRUE
bs|harbour island,BS,Harbour Island,BS-HI,TRUE
bs|inagua,BS,Inagua,BS-IN,TRUE
bs|long island,BS,Long Island,BS-LI,TRUE
bs|mangrove cay,BS,Mangrove Cay,BS-MC,TRUE
bs|mayaguana,BS,Mayaguana,BS-MG,TRUE
bs|moore's island,BS,Moore's Island,BS-MI,TRUE
bs|new providence,BS,New Providence,BS-~5009,TRUE
bs|north abaco,BS,North Abaco,BS-NO,TRUE
bs|north andros,BS,North Andros,BS-NS,TRUE
bs|north eleuthera,BS,North Eleuthera,BS-NE,TRUE
bs|ragged island,BS,Ragged Island,BS-RI,TRUE
bs|rum cay,BS,Rum Cay,BS-RC,TRUE
bs|san salvador,BS,San Salvador,BS-SS,TRUE
bs|south abaco,BS,South Abaco,BS-SO,TRUE
bs|south andros,BS,South Andros,BS-SA,TRUE
bs|south eleuthera,BS,South Eleuthera,BS-SE,TRUE
bs|spanish wells,BS,Spanish Wells,BS-SW,TRUE
bs|west grand bahama,BS,West Grand Bahama,BS-WG,TRUE
bt|bumthang,BT,Bumthang,BT-33,TRUE
bt|chhukha,BT,Chhukha,BT-12,TRUE
bt|chirang,BT,Chirang,BT-21,TRUE
bt|daga,BT,Daga,BT-22,TRUE
bt|gasa,BT,Gasa,BT-GA,TRUE
bt|geylegphug,BT,Geylegphug,BT-31,TRUE
bt|ha,BT,Ha,BT-13,TRUE
bt|lhuntshi,BT,Lhuntshi,BT-44,TRUE
bt|mongar,BT,Mongar,BT-42,TRUE
bt|paro,BT,Paro,BT-11,TRUE
bt|pemagatsel,BT,Pemagatsel,BT-43,TRUE
bt|punakha,BT,Punakha,BT-23,TRUE
bt|samchi,BT,Samchi,BT-14,TRUE
bt|samdrup jongkhar,BT,Samdrup Jongkhar,BT-45,TRUE
bt|shemgang,BT,Shemgang,BT-34,TRUE
bt|tashi yangtse,BT,Tashi Yangtse,BT-TY,TRUE
bt|tashigang,BT,Tashigang,BT-41,TRUE
bt|thimphu,BT,Thimphu,BT-15,TRUE
bt|tongsa,BT,Tongsa,BT-32,TRUE
bt|wangdi phodrang,BT,Wangdi Phodrang,BT-24,TRUE
bw|central,BW,Central,BW-CE,TRUE
bw|francistown,BW,Francistown,BW-FR,TRUE
bw|gaborone,BW,Gaborone,BW-GA,TRUE
bw|ghanzi,BW,Ghanzi,BW-GH,TRUE
bw|jwaneng,BW,Jwaneng,BW-JW,TRUE
bw|kgalagadi,BW,Kgalagadi,BW-KG,TRUE
bw|kgatleng,BW,Kgatleng,BW-KL,TRUE
bw|kweneng,BW,Kweneng,BW-KW,TRUE
bw|lobatse,BW,Lobatse,BW-LO,TRUE
bw|north-east,BW,North-East,BW-NE,TRUE
bw|north-west,BW,North-West,BW-NW,TRUE
bw|selebi-phikwe,BW,Selebi-Phikwe,BW-SP,TRUE
bw|south-east,BW,South-East,BW-SE,TRUE
bw|southern,BW,Southern,BW-SO,TRUE
bw|sowa,BW,Sowa,BW-ST,TRUE
by|brest,BY,Brest,BY-BR,TRUE
by|city of minsk,BY,City of Minsk,BY-HM,TRUE
by|gomel,BY,Gomel,BY-HO,TRUE
by|grodno,BY,Grodno,BY-HR,TRUE
by|minsk,BY,Minsk,BY-MI,TRUE
by|mogilev,BY,Mogilev,BY-MA,TRUE
by|vitebsk,BY,Vitebsk,BY-VI,TRUE
bz|belize,BZ,Belize,BZ-BZ,TRUE
bz|cayo,BZ,Cayo,BZ-CY,TRUE
bz|corozal,BZ,Corozal,BZ-CZL,TRUE
bz|orange walk,BZ,Orange Walk,BZ-OW,TRUE
bz|stann creek,BZ,Stann Creek,BZ-SC,TRUE
bz|toledo,BZ,Toledo,BZ-TOL,TRUE
ca|alberta,CA,Alberta,CA-AB,TRUE
ca|british columbia,CA,British Columbia,CA-BC,TRUE
ca|manitoba,CA,Manitoba,CA-MB,TRUE
ca|new brunswick,CA,New Brunswick,CA-NB,TRUE
ca|newfoundland and labrador,CA,Newfoundland and Labrador,CA-NL,TRUE
ca|northwest territories,CA,Northwest Territories,CA-NT,TRUE
ca|nova scotia,CA,Nova Scotia,CA-NS,TRUE
ca|nunavut,CA,Nunavut,CA-NU,TRUE
ca|ontario,CA,Ontario,CA-ON,TRUE
ca|prince edward island,CA,Prince Edward Island,CA-PE,TRUE
ca|québec,CA,Québec,CA-QC,TRUE
ca|saskatchewan,CA,Saskatchewan,CA-SK,TRUE
ca|yukon,CA,Yukon,CA-YT,TRUE
cd|bandundu,CD,Bandundu,CD-BN,TRUE
cd|bas-congo,CD,Bas-Congo,CD-BC,TRUE
cd|équateur,CD,Équateur,CD-EQ,TRUE
cd|kasaï-occidental,CD,Kasaï-Occidental,CD-KW,TRUE
cd|kasaï-oriental,CD,Kasaï-Oriental,CD-KE,TRUE
cd|katanga,CD,Katanga,CD-KA,TRUE
cd|kinshasa city,CD,Kinshasa City,CD-KN,TRUE
cd|maniema,CD,Maniema,CD-MA,TRUE
cd|nord-kivu,CD,Nord-Kivu,CD-NK,TRUE
cd|orientale,CD,Orientale,CD-OR,TRUE
cd|sud-kivu,CD,Sud-Kivu,CD-SK,TRUE
cf|bamingui-bangoran,CF,Bamingui-Bangoran,CF-BB,TRUE
cf|bangui,CF,Bangui,CF-BGF,TRUE
cf|basse-kotto,CF,Basse-Kotto,CF-BK,TRUE
cf|haut-mbomou,CF,Haut-Mbomou,CF-HM,TRUE
cf|haute-kotto,CF,Haute-Kotto,CF-HK,TRUE
cf|kémo,CF,Kémo,CF-KG,TRUE
cf|lobaye,CF,Lobaye,CF-LB,TRUE
cf|mambéré-kadéï,CF,Mambéré-Kadéï,CF-HS,TRUE
cf|mbomou,CF,Mbomou,CF-MB,TRUE
cf|nana-grébizi,CF,Nana-Grébizi,CF-KB,TRUE
cf|nana-mambéré,CF,Nana-Mambéré,CF-NM,TRUE
cf|ombella-m'poko,CF,Ombella-M'Poko,CF-MP,TRUE
cf|ouaka,CF,Ouaka,CF-UK,TRUE
cf|ouham,CF,Ouham,CF-AC,TRUE
cf|ouham-pendé,CF,Ouham-Pendé,CF-OP,TRUE
cf|sangha-mbaéré,CF,Sangha-Mbaéré,CF-SE,TRUE
cf|vakaga,CF,Vakaga,CF-VK,TRUE
cg|bouenza,CG,Bouenza,CG-11,TRUE
cg|brazzaville,CG,Brazzaville,CG-BZV,TRUE
cg|cuvette,CG,Cuvette,CG-8,TRUE
cg|cuvette-ouest,CG,Cuvette-Ouest,CG-15,TRUE
cg|kouilou,CG,Kouilou,CG-5,TRUE
cg|lékoumou,CG,Lékoumou,CG-2,TRUE
cg|likouala,CG,Likouala,CG-7,TRUE
cg|niari,CG,Niari,CG-9,TRUE
cg|plateaux,CG,Plateaux,CG-14,TRUE
cg|pointe noire,CG,Pointe Noire,CG-16,TRUE
cg|pool,CG,Pool,CG-12,TRUE
cg|sangha,CG,Sangha,CG-13,TRUE
ch|aargau,CH,Aargau,CH-AG,TRUE
ch|appenzell ausserrhoden,CH,Appenzell Ausserrhoden,CH-AR,TRUE
ch|appenzell innerrhoden,CH,Appenzell Innerrhoden,CH-AI,TRUE
ch|basel-landschaft,CH,Basel-Landschaft,CH-BL,TRUE
ch|basel-stadt,CH,Basel-Stadt,CH-BS,TRUE
ch|bern,CH,Bern,CH-BE,TRUE
ch|fribourg,CH,Fribourg,CH-FR,TRUE
ch|genève,CH,Genève,CH-GE,TRUE
ch|glarus,CH,Glarus,CH-GL,TRUE
ch|graubünden,CH,Graubünden,CH-GR,TRUE
ch|jura,CH,Jura,CH-JU,TRUE
ch|lucerne,CH,Lucerne,CH-LU,TRUE
ch|neuchâtel,CH,Neuchâtel,CH-NE,TRUE
ch|nidwalden,CH,Nidwalden,CH-NW,TRUE
ch|obwalden,CH,Obwalden,CH-OW,TRUE
ch|sankt gallen,CH,Sankt Gallen,CH-SG,TRUE
ch|schaffhausen,CH,Schaffhausen,CH-SH,TRUE
ch|schwyz,CH,Schwyz,CH-SZ,TRUE
ch|solothurn,CH,Solothurn,CH-SO,TRUE
ch|thurgau,CH,Thurgau,CH-TG,TRUE
ch|ticino,CH,Ticino,CH-TI,TRUE
ch|uri,CH,Uri,CH-UR,TRUE
ch|valais,CH,Valais,CH-VS,TRUE
ch|vaud,CH,Vaud,CH-VD,TRUE
ch|zug,CH,Zug,CH-ZG,TRUE
ch|zürich,CH,Zürich,CH-ZH,TRUE
ci|agnéby,CI,Agnéby,CI-16,TRUE
ci|bafing,CI,Bafing,CI-17,TRUE
ci|bas-sassandra,CI,Bas-Sassandra,CI-09,TRUE
ci|cavally,CI,Cavally,CI-19,TRUE
ci|comoe,CI,Comoe,CI-05,TRUE
ci|denguélé,CI,Denguélé,CI-10,TRUE
ci|dix-huit montagnes,CI,Dix-Huit Montagnes,CI-06,TRUE
ci|fromager,CI,Fromager,CI-18,TRUE
ci|haut-sassandra,CI,Haut-Sassandra,CI-02,TRUE
ci|lacs,CI,Lacs,CI-07,TRUE
ci|lagunes,CI,Lagunes,CI-01,TRUE
ci|marahoué,CI,Marahoué,CI-12,TRUE
ci|n'zi-comoé,CI,N'zi-Comoé,CI-11,TRUE
ci|savanes,CI,Savanes,CI-03,TRUE
ci|sud-bandama,CI,Sud-Bandama,CI-15,TRUE
ci|sud-comoé,CI,Sud-Comoé,CI-13,TRUE
ci|vallée du bandama,CI,Vallée du Bandama,CI-04,TRUE
ci|worodougou,CI,Worodougou,CI-14,TRUE
ci|zanzan,CI,Zanzan,CI-08,TRUE
ck|aitutaki,CK,Aitutaki,CK-~4951,TRUE
ck|atiu,CK,Atiu,CK-~4950,TRUE
ck|mangaia,CK,Mangaia,CK-~4952,TRUE
ck|manihiki,CK,Manihiki,CK-~4961,TRUE
ck|mauke,CK,Mauke,CK-~4955,TRUE
ck|mitiaro,CK,Mitiaro,CK-~4954,TRUE
ck|palmerston,CK,Palmerston,CK-~4956,TRUE
ck|penrhyn,CK,Penrhyn,CK-~4962,TRUE
ck|pukapuka,CK,Pukapuka,CK-~4959,TRUE
ck|rakahanga,CK,Rakahanga,CK-~4960,TRUE
ck|rarotonga,CK,Rarotonga,CK-~4953,TRUE
cl|aisén del general carlos ibáñez del campo,CL,Aisén del General Carlos Ibáñez del Campo,CL-AI,TRUE
cl|antofagasta,CL,Antofagasta,CL-AN,TRUE
cl|arica y parinacota,CL,Arica y Parinacota,CL-AP,TRUE
cl|atacama,CL,Atacama,CL-AT,TRUE
cl|bío-bío,CL,Bío-Bío,CL-BI,TRUE
cl|coquimbo,CL,Coquimbo,CL-CO,TRUE
cl|la araucanía,CL,La Araucanía,CL-AR,TRUE
cl|libertador general bernardo o'higgins,CL,Libertador General Bernardo O'Higgins,CL-LI,TRUE
cl|los lagos,CL,Los Lagos,CL-LL,TRUE
cl|los ríos,CL,Los Ríos,CL-LR,TRUE
cl|magallanes y antártica chilena,CL,Magallanes y Antártica Chilena,CL-MA,TRUE
cl|maule,CL,Maule,CL-ML,TRUE
cl|ñuble,CL,Ñuble,CL-NB,TRUE
cl|región metropolitana de santiago,CL,Región Metropolitana de Santiago,CL-RM,TRUE
cl|tarapacá,CL,Tarapacá,CL-TA,TRUE
cl|valparaíso,CL,Valparaíso,CL-VS,TRUE
cm|adamaoua,CM,Adamaoua,CM-AD,TRUE
cm|centre,CM,Centre,CM-CE,TRUE
cm|est,CM,Est,CM-ES,TRUE
cm|extrême-nord,CM,Extrême-Nord,CM-EN,TRUE
cm|littoral,CM,Littoral,CM-LT,TRUE
cm|nord,CM,Nord,CM-NO,TRUE
cm|nord-ouest,CM,Nord-Ouest,CM-NW,TRUE
cm|ouest,CM,Ouest,CM-OU,TRUE
cm|sud,CM,Sud,CM-SU,TRUE
cm|sud-ouest,CM,Sud-Ouest,CM-SW,TRUE
cn|anhui,CN,Anhui,CN-AH,TRUE
cn|beijing,CN,Beijing,CN-BJ,TRUE
cn|chongqing,CN,Chongqing,CN-CQ,TRUE
cn|fujian,CN,Fujian,CN-FJ,TRUE
cn|gansu,CN,Gansu,CN-GS,TRUE
cn|guangdong,CN,Guangdong,CN-GD,TRUE
cn|guangxi,CN,Guangxi,CN-GX,TRUE
cn|guizhou,CN,Guizhou,CN-GZ,TRUE
cn|hainan,CN,Hainan,CN-HI,TRUE
cn|hebei,CN,Hebei,CN-HE,TRUE
cn|heilongjiang,CN,Heilongjiang,CN-HL,TRUE
cn|henan,CN,Henan,CN-HA,TRUE
cn|hubei,CN,Hubei,CN-HB,TRUE
cn|hunan,CN,Hunan,CN-HN,TRUE
cn|inner mongol,CN,Inner Mongol,CN-NM,TRUE
cn|jiangsu,CN,Jiangsu,CN-JS,TRUE
cn|jiangxi,CN,Jiangxi,CN-JX,TRUE
cn|jilin,CN,Jilin,CN-JL,TRUE
cn|liaoning,CN,Liaoning,CN-LN,TRUE
cn|ningxia,CN,Ningxia,CN-NX,TRUE
cn|paracel islands,CN,Paracel Islands,CN-~10136,TRUE
cn|qinghai,CN,Qinghai,CN-QH,TRUE
cn|shaanxi,CN,Shaanxi,CN-SN,TRUE
cn|shandong,CN,Shandong,CN-SD,TRUE
cn|shanghai,CN,Shanghai,CN-SH,TRUE
cn|shanxi,CN,Shanxi,CN-SX,TRUE
cn|sichuan,CN,Sichuan,CN-SC,TRUE
cn|tianjin,CN,Tianjin,CN-TJ,TRUE
cn|xinjiang,CN,Xinjiang,CN-XJ,TRUE
cn|xizang,CN,Xizang,CN-XZ,TRUE
cn|yunnan,CN,Yunnan,CN-YN,TRUE
cn|zhejiang,CN,Zhejiang,CN-ZJ,TRUE
co|amazonas,CO,Amazonas,CO-AMA,TRUE
co|antioquia,CO,Antioquia,CO-ANT,TRUE
co|arauca,CO,Arauca,CO-ARA,TRUE
co|atlántico,CO,Atlántico,CO-ATL,TRUE
co|bolívar,CO,Bolívar,CO-BOL,TRUE
co|boyacá,CO,Boyacá,CO-BOY,TRUE
co|caldas,CO,Caldas,CO-CAL,TRUE
co|caquetá,CO,Caquetá,CO-CAQ,TRUE
co|casanare,CO,Casanare,CO-CAS,TRUE
co|cauca,CO,Cauca,CO-CAU,TRUE
co|cesar,CO,Cesar,CO-CES,TRUE
co|chocó,CO,Chocó,CO-CHO,TRUE
co|córdoba,CO,Córdoba,CO-COR,TRUE
co|cundinamarca,CO,Cundinamarca,CO-CUN,TRUE
co|guainía,CO,Guainía,CO-GUA,TRUE
co|guaviare,CO,Guaviare,CO-GUV,TRUE
co|huila,CO,Huila,CO-HUI,TRUE
co|la guajira,CO,La Guajira,CO-LAG,TRUE
co|magdalena,CO,Magdalena,CO-MAG,TRUE
co|meta,CO,Meta,CO-MET,TRUE
co|nariño,CO,Nariño,CO-NAR,TRUE
co|norte de santander,CO,Norte de Santander,CO-NSA,TRUE
co|putumayo,CO,Putumayo,CO-PUT,TRUE
co|quindío,CO,Quindío,CO-QUI,TRUE
co|risaralda,CO,Risaralda,CO-RIS,TRUE
co|san andrés y providencia,CO,San Andrés y Providencia,CO-SAP,TRUE
co|santander,CO,Santander,CO-SAN,TRUE
co|sucre,CO,Sucre,CO-SUC,TRUE
co|tolima,CO,Tolima,CO-TOL,TRUE
co|unnamed area,CO,Unnamed area,CO-~10037,TRUE
co|valle del cauca,CO,Valle del Cauca,CO-VAC,TRUE
co|vaupés,CO,Vaupés,CO-VAU,TRUE
co|vichada,CO,Vichada,CO-VID,TRUE
cr|alajuela,CR,Alajuela,CR-A,TRUE
cr|cartago,CR,Cartago,CR-C,TRUE
cr|guanacaste,CR,Guanacaste,CR-G,TRUE
cr|heredia,CR,Heredia,CR-H,TRUE
cr|limón,CR,Limón,CR-L,TRUE
cr|puntarenas,CR,Puntarenas,CR-P,TRUE
cr|san josé,CR,San José,CR-SJ,TRUE
cu|artemisa,CU,Artemisa,CU-15,TRUE
cu|camagüey,CU,Camagüey,CU-09,TRUE
cu|ciego de ávila,CU,Ciego de Ávila,CU-08,TRUE
cu|cienfuegos,CU,Cienfuegos,CU-06,TRUE
cu|ciudad de la habana,CU,Ciudad de la Habana,CU-03,TRUE
cu|granma,CU,Granma,CU-12,TRUE
cu|guantánamo,CU,Guantánamo,CU-14,TRUE
cu|holguín,CU,Holguín,CU-11,TRUE
cu|isla de la juventud,CU,Isla de la Juventud,CU-99,TRUE
cu|las tunas,CU,Las Tunas,CU-10,TRUE
cu|matanzas,CU,Matanzas,CU-04,TRUE
cu|mayabeque,CU,Mayabeque,CU-16,TRUE
cu|pinar del río,CU,Pinar del Río,CU-01,TRUE
cu|sancti spíritus,CU,Sancti Spíritus,CU-07,TRUE
cu|santiago de cuba,CU,Santiago de Cuba,CU-13,TRUE
cu|villa clara,CU,Villa Clara,CU-05,TRUE
cv|boa vista,CV,Boa Vista,CV-BV,TRUE
cv|brava,CV,Brava,CV-BR,TRUE
cv|maio,CV,Maio,CV-MA,TRUE
cv|mosteiros,CV,Mosteiros,CV-MO,TRUE
cv|paul,CV,Paul,CV-PA,TRUE
cv|porto novo,CV,Porto Novo,CV-PN,TRUE
cv|praia,CV,Praia,CV-PR,TRUE
cv|ribeira brava,CV,Ribeira Brava,CV-RB,TRUE
cv|ribeira grande,CV,Ribeira Grande,CV-RG,TRUE
cv|ribeira grande de santiago,CV,Ribeira Grande de Santiago,CV-RS,TRUE
cv|sal,CV,Sal,CV-SL,TRUE
cv|santa catarina,CV,Santa Catarina,CV-CA,TRUE
cv|santa catarina do fogo,CV,Santa Catarina do Fogo,CV-CF,TRUE
cv|santa cruz,CV,Santa Cruz,CV-CR,TRUE
cv|são domingos,CV,São Domingos,CV-SD,TRUE
cv|são filipe,CV,São Filipe,CV-SF,TRUE
cv|são lourenço dos órgãos,CV,São Lourenço dos Órgãos,CV-SO,TRUE
cv|são miguel,CV,São Miguel,CV-SM,TRUE
cv|são salvador do mundo,CV,São Salvador do Mundo,CV-SS,TRUE
cv|são vicente,CV,São Vicente,CV-SV,TRUE
cv|tarrafal,CV,Tarrafal,CV-TA,TRUE
cv|tarrafal de são nicolau,CV,Tarrafal de São Nicolau,CV-TS,TRUE
cy|famagusta,CY,Famagusta,CY-04,TRUE
cy|larnaca,CY,Larnaca,CY-03,TRUE
cy|limassol,CY,Limassol,CY-02,TRUE
cy|nicosia,CY,Nicosia,CY-01,TRUE
cy|northern cyprus,CY,Northern Cyprus,CY-~10045,TRUE
cy|paphos,CY,Paphos,CY-05,TRUE
cz|jihočeský,CZ,Jihočeský,CZ-JC,TRUE
cz|jihomoravský,CZ,Jihomoravský,CZ-JM,TRUE
cz|karlovarský,CZ,Karlovarský,CZ-KA,TRUE
cz|královéhradecký,CZ,Královéhradecký,CZ-KR,TRUE
cz|liberecký,CZ,Liberecký,CZ-LI,TRUE
cz|moravskoslezský,CZ,Moravskoslezský,CZ-MO,TRUE
cz|olomoucký,CZ,Olomoucký,CZ-OL,TRUE
cz|pardubický,CZ,Pardubický,CZ-PA,TRUE
cz|plzeňský,CZ,Plzeňský,CZ-PL,TRUE
cz|prague,CZ,Prague,CZ-PR,TRUE
cz|středočeský,CZ,Středočeský,CZ-ST,TRUE
cz|ústecký,CZ,Ústecký,CZ-US,TRUE
cz|vysočina,CZ,Vysočina,CZ-VY,TRUE
cz|zlínský,CZ,Zlínský,CZ-ZL,TRUE
de|baden-württemberg,DE,Baden-Württemberg,DE-BW,TRUE
de|bayern,DE,Bayern,DE-BY,TRUE
de|berlin,DE,Berlin,DE-BE,TRUE
de|brandenburg,DE,Brandenburg,DE-BB,TRUE
de|bremen,DE,Bremen,DE-HB,TRUE
de|hamburg,DE,Hamburg,DE-HH,TRUE
de|hessen,DE,Hessen,DE-HE,TRUE
de|mecklenburg-vorpommern,DE,Mecklenburg-Vorpommern,DE-MV,TRUE
de|niedersachsen,DE,Niedersachsen,DE-NI,TRUE
de|nordrhein-westfalen,DE,Nordrhein-Westfalen,DE-NW,TRUE
de|rheinland-pfalz,DE,Rheinland-Pfalz,DE-RP,TRUE
de|saarland,DE,Saarland,DE-SL,TRUE
de|sachsen,DE,Sachsen,DE-SN,TRUE
de|sachsen-anhalt,DE,Sachsen-Anhalt,DE-ST,TRUE
de|schleswig-holstein,DE,Schleswig-Holstein,DE-SH,TRUE
de|thüringen,DE,Thüringen,DE-TH,TRUE
dj|ali sabieh,DJ,Ali Sabieh,DJ-AS,TRUE
dj|arta,DJ,Arta,DJ-AR,TRUE
dj|dikhil,DJ,Dikhil,DJ-DI,TRUE
dj|djibouti,DJ,Djibouti,DJ-DJ,TRUE
dj|obock,DJ,Obock,DJ-OB,TRUE
dj|tadjourah,DJ,Tadjourah,DJ-TA,TRUE
dk|hovedstaden,DK,Hovedstaden,DK-84,TRUE
dk|midtjylland,DK,Midtjylland,DK-82,TRUE
dk|nordjylland,DK,Nordjylland,DK-81,TRUE
dk|sjaælland,DK,Sjaælland,DK-85,TRUE
dk|syddanmark,DK,Syddanmark,DK-83,TRUE
dm|saint andrew,DM,Saint Andrew,DM-02,TRUE
dm|saint david,DM,Saint David,DM-03,TRUE
dm|saint george,DM,Saint George,DM-04,TRUE
dm|saint john,DM,Saint John,DM-05,TRUE
dm|saint joseph,DM,Saint Joseph,DM-06,TRUE
dm|saint luke,DM,Saint Luke,DM-07,TRUE
dm|saint mark,DM,Saint Mark,DM-08,TRUE
dm|saint patrick,DM,Saint Patrick,DM-09,TRUE
dm|saint paul,DM,Saint Paul,DM-10,TRUE
dm|saint peter,DM,Saint Peter,DM-11,TRUE
do|azua,DO,Azua,DO-02,TRUE
do|bahoruco,DO,Bahoruco,DO-03,TRUE
do|barahona,DO,Barahona,DO-04,TRUE
do|dajabón,DO,Dajabón,DO-05,TRUE
do|distrito nacional,DO,Distrito Nacional,DO-01,TRUE
do|duarte,DO,Duarte,DO-06,TRUE
do|el seybo,DO,El Seybo,DO-08,TRUE
do|espaillat,DO,Espaillat,DO-09,TRUE
do|hato mayor,DO,Hato Mayor,DO-30,TRUE
do|hermanas,DO,Hermanas,DO-19,TRUE
do|independencia,DO,Independencia,DO-10,TRUE
do|la altagracia,DO,La Altagracia,DO-11,TRUE
do|la estrelleta,DO,La Estrelleta,DO-07,TRUE
do|la romana,DO,La Romana,DO-12,TRUE
do|la vega,DO,La Vega,DO-13,TRUE
do|maría trinidad sánchez,DO,María Trinidad Sánchez,DO-14,TRUE
do|monseñor nouel,DO,Monseñor Nouel,DO-28,TRUE
do|monte cristi,DO,Monte Cristi,DO-15,TRUE
do|monte plata,DO,Monte Plata,DO-29,TRUE
do|pedernales,DO,Pedernales,DO-16,TRUE
do|peravia,DO,Peravia,DO-17,TRUE
do|puerto plata,DO,Puerto Plata,DO-18,TRUE
do|samaná,DO,Samaná,DO-20,TRUE
do|san cristóbal,DO,San Cristóbal,DO-21,TRUE
do|san josé de ocoa,DO,San José de Ocoa,DO-31,TRUE
do|san juan,DO,San Juan,DO-22,TRUE
do|san pedro de macorís,DO,San Pedro de Macorís,DO-23,TRUE
do|sánchez ramírez,DO,Sánchez Ramírez,DO-24,TRUE
do|santiago,DO,Santiago,DO-25,TRUE
do|santiago rodríguez,DO,Santiago Rodríguez,DO-26,TRUE
do|santo domingo,DO,Santo Domingo,DO-32,TRUE
do|valverde,DO,Valverde,DO-27,TRUE
dz|adrar,DZ,Adrar,DZ-01,TRUE
dz|aïn defla,DZ,Aïn Defla,DZ-44,TRUE
dz|aïn témouchent,DZ,Aïn Témouchent,DZ-46,TRUE
dz|alger,DZ,Alger,DZ-16,TRUE
dz|annaba,DZ,Annaba,DZ-23,TRUE
dz|batna,DZ,Batna,DZ-05,TRUE
dz|béchar,DZ,Béchar,DZ-08,TRUE
dz|béjaïa,DZ,Béjaïa,DZ-06,TRUE
dz|biskra,DZ,Biskra,DZ-07,TRUE
dz|blida,DZ,Blida,DZ-09,TRUE
dz|bordj bou arréridj,DZ,Bordj Bou Arréridj,DZ-34,TRUE
dz|bouira,DZ,Bouira,DZ-10,TRUE
dz|boumerdès,DZ,Boumerdès,DZ-35,TRUE
dz|chlef,DZ,Chlef,DZ-02,TRUE
dz|constantine,DZ,Constantine,DZ-25,TRUE
dz|djelfa,DZ,Djelfa,DZ-17,TRUE
dz|el bayadh,DZ,El Bayadh,DZ-32,TRUE
dz|el oued,DZ,El Oued,DZ-39,TRUE
dz|el tarf,DZ,El Tarf,DZ-36,TRUE
dz|ghardaïa,DZ,Ghardaïa,DZ-47,TRUE
dz|guelma,DZ,Guelma,DZ-24,TRUE
dz|illizi,DZ,Illizi,DZ-33,TRUE
dz|jijel,DZ,Jijel,DZ-18,TRUE
dz|khenchela,DZ,Khenchela,DZ-40,TRUE
dz|laghouat,DZ,Laghouat,DZ-03,TRUE
dz|m'sila,DZ,M'Sila,DZ-28,TRUE
dz|mascara,DZ,Mascara,DZ-29,TRUE
dz|médéa,DZ,Médéa,DZ-26,TRUE
dz|mila,DZ,Mila,DZ-43,TRUE
dz|mostaganem,DZ,Mostaganem,DZ-27,TRUE
dz|naâma,DZ,Naâma,DZ-45,TRUE
dz|oran,DZ,Oran,DZ-31,TRUE
dz|ouargla,DZ,Ouargla,DZ-30,TRUE
dz|oum el bouaghi,DZ,Oum el Bouaghi,DZ-04,TRUE
dz|relizane,DZ,Relizane,DZ-48,TRUE
dz|saïda,DZ,Saïda,DZ-20,TRUE
dz|sétif,DZ,Sétif,DZ-19,TRUE
dz|sidi bel abbès,DZ,Sidi Bel Abbès,DZ-22,TRUE
dz|skikda,DZ,Skikda,DZ-21,TRUE
dz|souk ahras,DZ,Souk Ahras,DZ-41,TRUE
dz|tamanghasset,DZ,Tamanghasset,DZ-11,TRUE
dz|tébessa,DZ,Tébessa,DZ-12,TRUE
dz|tiaret,DZ,Tiaret,DZ-14,TRUE
dz|tindouf,DZ,Tindouf,DZ-37,TRUE
dz|tipaza,DZ,Tipaza,DZ-42,TRUE
dz|tissemsilt,DZ,Tissemsilt,DZ-38,TRUE
dz|tizi ouzou,DZ,Tizi Ouzou,DZ-15,TRUE
dz|tlemcen,DZ,Tlemcen,DZ-13,TRUE
ec|azuay,EC,Azuay,EC-A,TRUE
ec|bolivar,EC,Bolivar,EC-B,TRUE
ec|cañar,EC,Cañar,EC-F,TRUE
ec|carchi,EC,Carchi,EC-C,TRUE
ec|chimborazo,EC,Chimborazo,EC-H,TRUE
ec|cotopaxi,EC,Cotopaxi,EC-X,TRUE
ec|el oro,EC,El Oro,EC-O,TRUE
ec|esmeraldas,EC,Esmeraldas,EC-E,TRUE
ec|galápagos,EC,Galápagos,EC-W,TRUE
ec|guayas,EC,Guayas,EC-G,TRUE
ec|imbabura,EC,Imbabura,EC-I,TRUE
ec|loja,EC,Loja,EC-L,TRUE
ec|los rios,EC,Los Rios,EC-R,TRUE
ec|manabi,EC,Manabi,EC-M,TRUE
ec|morona santiago,EC,Morona Santiago,EC-S,TRUE
ec|napo,EC,Napo,EC-N,TRUE
ec|orellana,EC,Orellana,EC-D,TRUE
ec|pastaza,EC,Pastaza,EC-Y,TRUE
ec|pichincha,EC,Pichincha,EC-P,TRUE
ec|santa elena,EC,Santa Elena,EC-SE,TRUE
ec|santo domingo de los tsáchilas,EC,Santo Domingo de los Tsáchilas,EC-SD,TRUE
ec|sucumbios,EC,Sucumbios,EC-U,TRUE
ec|tungurahua,EC,Tungurahua,EC-T,TRUE
ec|zamora chinchipe,EC,Zamora Chinchipe,EC-Z,TRUE
ee|harju,EE,Harju,EE-37,TRUE
ee|hiiu,EE,Hiiu,EE-39,TRUE
ee|ida-viru,EE,Ida-Viru,EE-44,TRUE
ee|järva,EE,Järva,EE-51,TRUE
ee|jõgeva,EE,Jõgeva,EE-49,TRUE
ee|lääne,EE,Lääne,EE-57,TRUE
ee|lääne-viru,EE,Lääne-Viru,EE-59,TRUE
ee|pärnu,EE,Pärnu,EE-67,TRUE
ee|põlva,EE,Põlva,EE-65,TRUE
ee|rapla,EE,Rapla,EE-70,TRUE
ee|saare,EE,Saare,EE-74,TRUE
ee|tartu,EE,Tartu,EE-78,TRUE
ee|valga,EE,Valga,EE-82,TRUE
ee|viljandi,EE,Viljandi,EE-84,TRUE
ee|võru,EE,Võru,EE-86,TRUE
eg|ad daqahliyah,EG,Ad Daqahliyah,EG-DK,TRUE
eg|al bahr al ahmar,EG,Al Bahr al Ahmar,EG-BA,TRUE
eg|al buhayrah,EG,Al Buhayrah,EG-BH,TRUE
eg|al fayyum,EG,Al Fayyum,EG-FYM,TRUE
eg|al gharbiyah,EG,Al Gharbiyah,EG-GH,TRUE
eg|al iskandariyah,EG,Al Iskandariyah,EG-ALX,TRUE
eg|al isma`iliyah,EG,Al Isma`iliyah,EG-IS,TRUE
eg|al jizah,EG,Al Jizah,EG-GZ,TRUE
eg|al minufiyah,EG,Al Minufiyah,EG-MNF,TRUE
eg|al minya,EG,Al Minya,EG-MN,TRUE
eg|al qahirah,EG,Al Qahirah,EG-C,TRUE
eg|al qalyubiyah,EG,Al Qalyubiyah,EG-KB,TRUE
eg|al wadi at jadid,EG,Al Wadi at Jadid,EG-WAD,TRUE
eg|as suways,EG,As Suways,EG-SUZ,TRUE
eg|ash sharqiyah,EG,Ash Sharqiyah,EG-SHR,TRUE
eg|aswan,EG,Aswan,EG-ASN,TRUE
eg|asyut,EG,Asyut,EG-AST,TRUE
eg|bani suwayf,EG,Bani Suwayf,EG-BNS,TRUE
eg|bur sa`id,EG,Bur Sa`id,EG-PTS,TRUE
eg|dumyat,EG,Dumyat,EG-DT,TRUE
eg|janub sina',EG,Janub Sina',EG-JS,TRUE
eg|kafr ash shaykh,EG,Kafr ash Shaykh,EG-KFS,TRUE
eg|luxor,EG,Luxor,EG-LX,TRUE
eg|matruh,EG,Matruh,EG-MT,TRUE
eg|qina,EG,Qina,EG-KN,TRUE
eg|shamal sina',EG,Shamal Sina',EG-SIN,TRUE
eg|suhaj,EG,Suhaj,EG-SHG,TRUE
er|anseba,ER,Anseba,ER-AN,TRUE
er|debub,ER,Debub,ER-DU,TRUE
er|debubawi keyih bahri,ER,Debubawi Keyih Bahri,ER-DK,TRUE
er|gash barka,ER,Gash Barka,ER-GB,TRUE
er|maekel,ER,Maekel,ER-MA,TRUE
er|semenawi keyih bahri,ER,Semenawi Keyih Bahri,ER-SK,TRUE
es|álava,ES,Álava,ES-VI,TRUE
es|albacete,ES,Albacete,ES-AB,TRUE
es|alicante,ES,Alicante,ES-A,TRUE
es|almería,ES,Almería,ES-AL,TRUE
es|asturias,ES,Asturias,ES-O,TRUE
es|ávila,ES,Ávila,ES-AV,TRUE
es|badajoz,ES,Badajoz,ES-BA,TRUE
es|baleares,ES,Baleares,ES-PM,TRUE
es|barcelona,ES,Barcelona,ES-B,TRUE
es|bizkaia,ES,Bizkaia,ES-BI,TRUE
es|burgos,ES,Burgos,ES-BU,TRUE
es|cáceres,ES,Cáceres,ES-CC,TRUE
es|cádiz,ES,Cádiz,ES-CA,TRUE
es|cantabria,ES,Cantabria,ES-S,TRUE
es|castellón,ES,Castellón,ES-CS,TRUE
es|ceuta,ES,Ceuta,ES-CE,TRUE
es|ciudad real,ES,Ciudad Real,ES-CR,TRUE
es|córdoba,ES,Córdoba,ES-CO,TRUE
es|cuenca,ES,Cuenca,ES-CU,TRUE
es|gerona,ES,Gerona,ES-GI,TRUE
es|gipuzkoa,ES,Gipuzkoa,ES-SS,TRUE
es|granada,ES,Granada,ES-GR,TRUE
es|guadalajara,ES,Guadalajara,ES-GU,TRUE
es|huelva,ES,Huelva,ES-H,TRUE
es|huesca,ES,Huesca,ES-HU,TRUE
es|jaén,ES,Jaén,ES-J,TRUE
es|la coruña,ES,La Coruña,ES-C,TRUE
es|la rioja,ES,La Rioja,ES-LO,TRUE
es|las palmas,ES,Las Palmas,ES-GC,TRUE
es|león,ES,León,ES-LE,TRUE
es|lérida,ES,Lérida,ES-L,TRUE
es|lugo,ES,Lugo,ES-LU,TRUE
es|madrid,ES,Madrid,ES-M,TRUE
es|málaga,ES,Málaga,ES-MA,TRUE
es|melilla,ES,Melilla,ES-ML,TRUE
es|murcia,ES,Murcia,ES-MU,TRUE
es|navarra,ES,Navarra,ES-NA,TRUE
es|orense,ES,Orense,ES-OR,TRUE
es|palencia,ES,Palencia,ES-P,TRUE
es|pontevedra,ES,Pontevedra,ES-PO,TRUE
es|salamanca,ES,Salamanca,ES-SA,TRUE
es|santa cruz de tenerife,ES,Santa Cruz de Tenerife,ES-TF,TRUE
es|segovia,ES,Segovia,ES-SG,TRUE
es|sevilla,ES,Sevilla,ES-SE,TRUE
es|soria,ES,Soria,ES-SO,TRUE
es|tarragona,ES,Tarragona,ES-T,TRUE
es|teruel,ES,Teruel,ES-TE,TRUE
es|toledo,ES,Toledo,ES-TO,TRUE
es|valencia,ES,Valencia,ES-V,TRUE
es|valladolid,ES,Valladolid,ES-VA,TRUE
es|zamora,ES,Zamora,ES-ZA,TRUE
es|zaragoza,ES,Zaragoza,ES-Z,TRUE
et|addis ababa,ET,Addis Ababa,ET-AA,TRUE
et|afar,ET,Afar,ET-AF,TRUE
et|amhara,ET,Amhara,ET-AM,TRUE
et|benshangul-gumaz,ET,Benshangul-Gumaz,ET-BE,TRUE
et|dire dawa,ET,Dire Dawa,ET-DD,TRUE
et|gambela peoples,ET,Gambela Peoples,ET-GA,TRUE
et|harari people,ET,Harari People,ET-HA,TRUE
et|oromiya,ET,Oromiya,ET-OR,TRUE
et|somali,ET,Somali,ET-SO,TRUE
"et|southern nations, nationalities and peoples",ET,"Southern Nations, Nationalities and Peoples",ET-SN,TRUE
et|tigray,ET,Tigray,ET-TI,TRUE
fi|central finland,FI,Central Finland,FI-08,TRUE
fi|central ostrobothnia,FI,Central Ostrobothnia,FI-07,TRUE
fi|finland proper,FI,Finland Proper,FI-19,TRUE
fi|kainuu,FI,Kainuu,FI-05,TRUE
fi|kymenlaakso,FI,Kymenlaakso,FI-09,TRUE
fi|lapland,FI,Lapland,FI-10,TRUE
fi|north karelia,FI,North Karelia,FI-13,TRUE
fi|northern ostrobothnia,FI,Northern Ostrobothnia,FI-14,TRUE
fi|northern savonia,FI,Northern Savonia,FI-15,TRUE
fi|ostrobothnia,FI,Ostrobothnia,FI-12,TRUE
fi|päijät-häme,FI,Päijät-Häme,FI-16,TRUE
fi|pirkanmaa,FI,Pirkanmaa,FI-11,TRUE
fi|satakunta,FI,Satakunta,FI-17,TRUE
fi|south karelia,FI,South Karelia,FI-02,TRUE
fi|southern ostrobothnia,FI,Southern Ostrobothnia,FI-03,TRUE
fi|southern savonia,FI,Southern Savonia,FI-04,TRUE
fi|tavastia proper,FI,Tavastia Proper,FI-06,TRUE
fi|uusimaa,FI,Uusimaa,FI-18,TRUE
fj|central,FJ,Central,FJ-C,TRUE
fj|eastern,FJ,Eastern,FJ-E,TRUE
fj|northern,FJ,Northern,FJ-N,TRUE
fj|rotuma,FJ,Rotuma,FJ-R,TRUE
fj|western,FJ,Western,FJ-W,TRUE
fm|chuuk,FM,Chuuk,FM-TRK,TRUE
fm|kosrae,FM,Kosrae,FM-KSA,TRUE
fm|pohnpei,FM,Pohnpei,FM-PNI,TRUE
fm|yap,FM,Yap,FM-YAP,TRUE
fr|ain,FR,Ain,FR-01,TRUE
fr|aisne,FR,Aisne,FR-02,TRUE
fr|allier,FR,Allier,FR-03,TRUE
fr|alpes-de-haute-provence,FR,Alpes-de-Haute-Provence,FR-04,TRUE
fr|alpes-maritimes,FR,Alpes-Maritimes,FR-06,TRUE
fr|ardèche,FR,Ardèche,FR-07,TRUE
fr|ardennes,FR,Ardennes,FR-08,TRUE
fr|ariège,FR,Ariège,FR-09,TRUE
fr|aube,FR,Aube,FR-10,TRUE
fr|aude,FR,Aude,FR-11,TRUE
fr|aveyron,FR,Aveyron,FR-12,TRUE
fr|bas-rhin,FR,Bas-Rhin,FR-67,TRUE
fr|bouches-du-rhône,FR,Bouches-du-Rhône,FR-13,TRUE
fr|calvados,FR,Calvados,FR-14,TRUE
fr|cantal,FR,Cantal,FR-15,TRUE
fr|charente,FR,Charente,FR-16,TRUE
fr|charente-maritime,FR,Charente-Maritime,FR-17,TRUE
fr|cher,FR,Cher,FR-18,TRUE
fr|corrèze,FR,Corrèze,FR-19,TRUE
fr|corse-du-sud,FR,Corse-du-Sud,FR-2A,TRUE
fr|côte-d'or,FR,Côte-d'Or,FR-21,TRUE
fr|côtes-d'armor,FR,Côtes-d'Armor,FR-22,TRUE
fr|creuse,FR,Creuse,FR-23,TRUE
fr|deux-sèvres,FR,Deux-Sèvres,FR-79,TRUE
fr|dordogne,FR,Dordogne,FR-24,TRUE
fr|doubs,FR,Doubs,FR-25,TRUE
fr|drôme,FR,Drôme,FR-26,TRUE
fr|essonne,FR,Essonne,FR-91,TRUE
fr|eure,FR,Eure,FR-27,TRUE
fr|eure-et-loir,FR,Eure-et-Loir,FR-28,TRUE
fr|finistère,FR,Finistère,FR-29,TRUE
fr|gard,FR,Gard,FR-30,TRUE
fr|gers,FR,Gers,FR-32,TRUE
fr|gironde,FR,Gironde,FR-33,TRUE
fr|guadeloupe,FR,Guadeloupe,FR-GP,TRUE
fr|guyane française,FR,Guyane française,FR-GF,TRUE
fr|haute-corse,FR,Haute-Corse,FR-2B,TRUE
fr|haute-garonne,FR,Haute-Garonne,FR-31,TRUE
fr|haute-loire,FR,Haute-Loire,FR-43,TRUE
fr|haute-marne,FR,Haute-Marne,FR-52,TRUE
fr|haute-rhin,FR,Haute-Rhin,FR-68,TRUE
fr|haute-saône,FR,Haute-Saône,FR-70,TRUE
fr|haute-savoie,FR,Haute-Savoie,FR-74,TRUE
fr|haute-vienne,FR,Haute-Vienne,FR-87,TRUE
fr|hautes-alpes,FR,Hautes-Alpes,FR-05,TRUE
fr|hautes-pyrénées,FR,Hautes-Pyrénées,FR-65,TRUE
fr|hauts-de-seine,FR,Hauts-de-Seine,FR-92,TRUE
fr|hérault,FR,Hérault,FR-34,TRUE
fr|ille-et-vilaine,FR,Ille-et-Vilaine,FR-35,TRUE
fr|indre,FR,Indre,FR-36,TRUE
fr|indre-et-loire,FR,Indre-et-Loire,FR-37,TRUE
fr|isère,FR,Isère,FR-38,TRUE
fr|jura,FR,Jura,FR-39,TRUE
fr|la réunion,FR,La Réunion,FR-RE,TRUE
fr|landes,FR,Landes,FR-40,TRUE
fr|loir-et-cher,FR,Loir-et-Cher,FR-41,TRUE
fr|loire,FR,Loire,FR-42,TRUE
fr|loire-atlantique,FR,Loire-Atlantique,FR-44,TRUE
fr|loiret,FR,Loiret,FR-45,TRUE
fr|lot,FR,Lot,FR-46,TRUE
fr|lot-et-garonne,FR,Lot-et-Garonne,FR-47,TRUE
fr|lozère,FR,Lozère,FR-48,TRUE
fr|maine-et-loire,FR,Maine-et-Loire,FR-49,TRUE
fr|manche,FR,Manche,FR-50,TRUE
fr|marne,FR,Marne,FR-51,TRUE
fr|martinique,FR,Martinique,FR-MQ,TRUE
fr|mayenne,FR,Mayenne,FR-53,TRUE
fr|mayotte,FR,Mayotte,FR-YT,TRUE
fr|meurthe-et-moselle,FR,Meurthe-et-Moselle,FR-54,TRUE
fr|meuse,FR,Meuse,FR-55,TRUE
fr|morbihan,FR,Morbihan,FR-56,TRUE
fr|moselle,FR,Moselle,FR-57,TRUE
fr|nièvre,FR,Nièvre,FR-58,TRUE
fr|nord,FR,Nord,FR-59,TRUE
fr|oise,FR,Oise,FR-60,TRUE
fr|orne,FR,Orne,FR-61,TRUE
fr|paris,FR,Paris,FR-75,TRUE
fr|pas-de-calais,FR,Pas-de-Calais,FR-62,TRUE
fr|puy-de-dôme,FR,Puy-de-Dôme,FR-63,TRUE
fr|pyrénées-atlantiques,FR,Pyrénées-Atlantiques,FR-64,TRUE
fr|pyrénées-orientales,FR,Pyrénées-Orientales,FR-66,TRUE
fr|rhône,FR,Rhône,FR-69,TRUE
fr|saône-et-loire,FR,Saône-et-Loire,FR-71,TRUE
fr|sarthe,FR,Sarthe,FR-72,TRUE
fr|savoie,FR,Savoie,FR-73,TRUE
fr|seien-et-marne,FR,Seien-et-Marne,FR-77,TRUE
fr|seine-maritime,FR,Seine-Maritime,FR-76,TRUE
fr|seine-saint-denis,FR,Seine-Saint-Denis,FR-93,TRUE
fr|somme,FR,Somme,FR-80,TRUE
fr|tarn,FR,Tarn,FR-81,TRUE
fr|tarn-et-garonne,FR,Tarn-et-Garonne,FR-82,TRUE
fr|territoire de belfort,FR,Territoire de Belfort,FR-90,TRUE
fr|val-d'oise,FR,Val-d'Oise,FR-95,TRUE
fr|val-de-marne,FR,Val-de-Marne,FR-94,TRUE
fr|var,FR,Var,FR-83,TRUE
fr|vaucluse,FR,Vaucluse,FR-84,TRUE
fr|vendée,FR,Vendée,FR-85,TRUE
fr|vienne,FR,Vienne,FR-86,TRUE
fr|vosges,FR,Vosges,FR-88,TRUE
fr|yonne,FR,Yonne,FR-89,TRUE
fr|yvelines,FR,Yvelines,FR-78,TRUE
ga|estuaire,GA,Estuaire,GA-1,TRUE
ga|haut-ogooué,GA,Haut-Ogooué,GA-2,TRUE
ga|moyen-ogooué,GA,Moyen-Ogooué,GA-3,TRUE
ga|ngounié,GA,Ngounié,GA-4,TRUE
ga|nyanga,GA,Nyanga,GA-5,TRUE
ga|ogooué-ivindo,GA,Ogooué-Ivindo,GA-6,TRUE
ga|ogooué-lolo,GA,Ogooué-Lolo,GA-7,TRUE
ga|ogooué-maritime,GA,Ogooué-Maritime,GA-8,TRUE
ga|wouleu-ntem,GA,Wouleu-Ntem,GA-9,TRUE
gb|aberdeen,GB,Aberdeen,GB-ABE,TRUE
gb|aberdeenshire,GB,Aberdeenshire,GB-ABD,TRUE
gb|anglesey,GB,Anglesey,GB-AGY,TRUE
gb|angus,GB,Angus,GB-ANS,TRUE
gb|antrim,GB,Antrim,GB-ANT,TRUE
gb|ards,GB,Ards,GB-ARD,TRUE
gb|argyll and bute,GB,Argyll and Bute,GB-AGB,TRUE
gb|armagh,GB,Armagh,GB-ARM,TRUE
gb|ballymena,GB,Ballymena,GB-BLA,TRUE
gb|ballymoney,GB,Ballymoney,GB-BLY,TRUE
gb|banbridge,GB,Banbridge,GB-BNB,TRUE
gb|barking and dagenham,GB,Barking and Dagenham,GB-BDG,TRUE
gb|barnet,GB,Barnet,GB-BNE,TRUE
gb|barnsley,GB,Barnsley,GB-BNS,TRUE
gb|bath and north east somerset,GB,Bath and North East Somerset,GB-BAS,TRUE
gb|bedford,GB,Bedford,GB-BDF,TRUE
gb|belfast,GB,Belfast,GB-BFS,TRUE
gb|bexley,GB,Bexley,GB-BEX,TRUE
gb|birmingham,GB,Birmingham,GB-BIR,TRUE
gb|blackburn with darwen,GB,Blackburn with Darwen,GB-BBD,TRUE
gb|blackpool,GB,Blackpool,GB-BPL,TRUE
gb|blaenau gwent,GB,Blaenau Gwent,GB-BGW,TRUE
gb|bolton,GB,Bolton,GB-BOL,TRUE
gb|bournemouth,GB,Bournemouth,GB-BMH,TRUE
gb|bracknell forest,GB,Bracknell Forest,GB-BRC,TRUE
gb|bradford,GB,Bradford,GB-BRD,TRUE
gb|brent,GB,Brent,GB-BEN,TRUE
gb|bridgend,GB,Bridgend,GB-BGE,TRUE
gb|brighton and hove,GB,Brighton and Hove,GB-BNH,TRUE
gb|bristol,GB,Bristol,GB-BST,TRUE
gb|bromley,GB,Bromley,GB-BRY,TRUE
gb|buckinghamshire,GB,Buckinghamshire,GB-BKM,TRUE
gb|bury,GB,Bury,GB-BUR,TRUE
gb|caerphilly,GB,Caerphilly,GB-CAY,TRUE
gb|calderdale,GB,Calderdale,GB-CLD,TRUE
gb|cambridgeshire,GB,Cambridgeshire,GB-CAM,TRUE
gb|camden,GB,Camden,GB-CMD,TRUE
gb|cardiff,GB,Cardiff,GB-CRF,TRUE
gb|carmarthenshire,GB,Carmarthenshire,GB-CMN,TRUE
gb|carrickfergus,GB,Carrickfergus,GB-CKF,TRUE
gb|castlereagh,GB,Castlereagh,GB-CSR,TRUE
gb|central bedfordshire,GB,Central Bedfordshire,GB-CBF,TRUE
gb|ceredigion,GB,Ceredigion,GB-CGN,TRUE
gb|cheshire east,GB,Cheshire East,GB-CHE,TRUE
gb|cheshire west and chester,GB,Cheshire West and Chester,GB-CHW,TRUE
gb|city,GB,City,GB-LND,TRUE
gb|clackmannanshire,GB,Clackmannanshire,GB-CLK,TRUE
gb|coleraine,GB,Coleraine,GB-CLR,TRUE
gb|conwy,GB,Conwy,GB-CWY,TRUE
gb|cornwall,GB,Cornwall,GB-CON,TRUE
gb|coventry,GB,Coventry,GB-COV,TRUE
gb|craigavon,GB,Craigavon,GB-CGV,TRUE
gb|croydon,GB,Croydon,GB-CRY,TRUE
gb|cumbria,GB,Cumbria,GB-CMA,TRUE
gb|darlington,GB,Darlington,GB-DAL,TRUE
gb|denbighshire,GB,Denbighshire,GB-DEN,TRUE
gb|derby,GB,Derby,GB-DER,TRUE
gb|derbyshire,GB,Derbyshire,GB-DBY,TRUE
gb|derry,GB,Derry,GB-DRY,TRUE
gb|devon,GB,Devon,GB-DEV,TRUE
gb|doncaster,GB,Doncaster,GB-DNC,TRUE
gb|dorset,GB,Dorset,GB-DOR,TRUE
gb|down,GB,Down,GB-DOW,TRUE
gb|dudley,GB,Dudley,GB-DUD,TRUE
gb|dumfries and galloway,GB,Dumfries and Galloway,GB-DGY,TRUE
gb|dundee,GB,Dundee,GB-DND,TRUE
gb|dungannon,GB,Dungannon,GB-DGN,TRUE
gb|durham,GB,Durham,GB-DUR,TRUE
gb|ealing,GB,Ealing,GB-EAL,TRUE
gb|east ayrshire,GB,East Ayrshire,GB-EAY,TRUE
gb|east dunbartonshire,GB,East Dunbartonshire,GB-EDU,TRUE
gb|east lothian,GB,East Lothian,GB-ELN,TRUE
gb|east renfrewshire,GB,East Renfrewshire,GB-ERW,TRUE
gb|east riding of yorkshire,GB,East Riding of Yorkshire,GB-ERY,TRUE
gb|east sussex,GB,East Sussex,GB-ESX,TRUE
gb|edinburgh,GB,Edinburgh,GB-EDH,TRUE
gb|eilean siar,GB,Eilean Siar,GB-ELS,TRUE
gb|enfield,GB,Enfield,GB-ENF,TRUE
gb|essex,GB,Essex,GB-ESS,TRUE
gb|falkirk,GB,Falkirk,GB-FAL,TRUE
gb|fermanagh,GB,Fermanagh,GB-FER,TRUE
gb|fife,GB,Fife,GB-FIF,TRUE
gb|flintshire,GB,Flintshire,GB-FLN,TRUE
gb|gateshead,GB,Gateshead,GB-GAT,TRUE
gb|glasgow,GB,Glasgow,GB-GLG,TRUE
gb|gloucestershire,GB,Gloucestershire,GB-GLS,TRUE
gb|greenwich,GB,Greenwich,GB-GRE,TRUE
gb|gwynedd,GB,Gwynedd,GB-GWN,TRUE
gb|hackney,GB,Hackney,GB-HCK,TRUE
gb|halton,GB,Halton,GB-WRL,TRUE
gb|halton (2),GB,Halton (2),GB-HAL,TRUE
gb|hammersmith and fulham,GB,Hammersmith and Fulham,GB-HMF,TRUE
gb|hampshire,GB,Hampshire,GB-HAM,TRUE
gb|haringey,GB,Haringey,GB-HRY,TRUE
gb|harrow,GB,Harrow,GB-HRW,TRUE
gb|hartlepool,GB,Hartlepool,GB-HPL,TRUE
gb|havering,GB,Havering,GB-HAV,TRUE
gb|herefordshire,GB,Herefordshire,GB-HEF,TRUE
gb|hertfordshire,GB,Hertfordshire,GB-HRT,TRUE
gb|highland,GB,Highland,GB-HLD,TRUE
gb|hillingdon,GB,Hillingdon,GB-HIL,TRUE
gb|hounslow,GB,Hounslow,GB-HNS,TRUE
gb|inverclyde,GB,Inverclyde,GB-IVC,TRUE
gb|isle of wight,GB,Isle of Wight,GB-IOW,TRUE
gb|isles of scilly,GB,Isles of Scilly,GB-IOS,TRUE
gb|islington,GB,Islington,GB-ISL,TRUE
gb|kensington and chelsea,GB,Kensington and Chelsea,GB-KEC,TRUE
gb|kent,GB,Kent,GB-KEN,TRUE
gb|kingston upon hull,GB,Kingston upon Hull,GB-KHL,TRUE
gb|kingston upon thames,GB,Kingston upon Thames,GB-KTT,TRUE
gb|kirklees,GB,Kirklees,GB-KIR,TRUE
gb|knowsley,GB,Knowsley,GB-KWL,TRUE
gb|lambeth,GB,Lambeth,GB-LBH,TRUE
gb|lancashire,GB,Lancashire,GB-LAN,TRUE
gb|larne,GB,Larne,GB-LRN,TRUE
gb|leeds,GB,Leeds,GB-LDS,TRUE
gb|leicester,GB,Leicester,GB-LCE,TRUE
gb|leicestershire,GB,Leicestershire,GB-LEC,TRUE
gb|lewisham,GB,Lewisham,GB-LEW,TRUE
gb|limavady,GB,Limavady,GB-LMV,TRUE
gb|lincolnshire,GB,Lincolnshire,GB-LIN,TRUE
gb|lisburn,GB,Lisburn,GB-LSB,TRUE
gb|liverpool,GB,Liverpool,GB-LIV,TRUE
gb|luton,GB,Luton,GB-LUT,TRUE
gb|magherafelt,GB,Magherafelt,GB-MFT,TRUE
gb|manchester,GB,Manchester,GB-MAN,TRUE
gb|medway,GB,Medway,GB-MDW,TRUE
gb|merseyside,GB,Merseyside,GB-SHN,TRUE
gb|merthyr tydfil,GB,Merthyr Tydfil,GB-MTY,TRUE
gb|merton,GB,Merton,GB-MRT,TRUE
gb|mid ulster,GB,Mid Ulster,GB-CKT,TRUE
gb|middlesbrough,GB,Middlesbrough,GB-MDB,TRUE
gb|midlothian,GB,Midlothian,GB-MLN,TRUE
gb|milton keynes,GB,Milton Keynes,GB-MIK,TRUE
gb|monmouthshire,GB,Monmouthshire,GB-MON,TRUE
gb|moray,GB,Moray,GB-MRY,TRUE
gb|moyle,GB,Moyle,GB-MYL,TRUE
gb|neath port talbot,GB,Neath Port Talbot,GB-NTL,TRUE
gb|newcastle upon tyne,GB,Newcastle upon Tyne,GB-NET,TRUE
gb|newham,GB,Newham,GB-NWM,TRUE
gb|newport,GB,Newport,GB-NWP,TRUE
gb|newry and mourne,GB,Newry and Mourne,GB-NYM,TRUE
gb|newtownabbey,GB,Newtownabbey,GB-NTA,TRUE
gb|norfolk,GB,Norfolk,GB-NFK,TRUE
gb|north ayshire,GB,North Ayshire,GB-NAY,TRUE
gb|north down,GB,North Down,GB-NDN,TRUE
gb|north east lincolnshire,GB,North East Lincolnshire,GB-NEL,TRUE
gb|north lanarkshire,GB,North Lanarkshire,GB-NLK,TRUE
gb|north lincolnshire,GB,North Lincolnshire,GB-NLN,TRUE
gb|north somerset,GB,North Somerset,GB-NSM,TRUE
gb|north tyneside,GB,North Tyneside,GB-NTY,TRUE
gb|north yorkshire,GB,North Yorkshire,GB-NYK,TRUE
gb|northamptonshire,GB,Northamptonshire,GB-NTH,TRUE
gb|northumberland,GB,Northumberland,GB-NBL,TRUE
gb|nottingham,GB,Nottingham,GB-NGM,TRUE
gb|nottinghamshire,GB,Nottinghamshire,GB-NTT,TRUE
gb|oldham,GB,Oldham,GB-OLD,TRUE
gb|omagh,GB,Omagh,GB-OMH,TRUE
gb|orkney,GB,Orkney,GB-ORK,TRUE
gb|oxfordshire,GB,Oxfordshire,GB-OXF,TRUE
gb|pembrokeshire,GB,Pembrokeshire,GB-PEM,TRUE
gb|perthshire and kinross,GB,Perthshire and Kinross,GB-PKN,TRUE
gb|peterborough,GB,Peterborough,GB-PTE,TRUE
gb|plymouth,GB,Plymouth,GB-PLY,TRUE
gb|poole,GB,Poole,GB-POL,TRUE
gb|portsmouth,GB,Portsmouth,GB-POR,TRUE
gb|powys,GB,Powys,GB-POW,TRUE
gb|reading,GB,Reading,GB-RDG,TRUE
gb|redbridge,GB,Redbridge,GB-RDB,TRUE
gb|redcar and cleveland,GB,Redcar and Cleveland,GB-RCC,TRUE
gb|renfrewshire,GB,Renfrewshire,GB-RFW,TRUE
"gb|rhondda, cynon, taff",GB,"Rhondda, Cynon, Taff",GB-RCT,TRUE
gb|richmond upon thames,GB,Richmond upon Thames,GB-RIC,TRUE
gb|rochdale,GB,Rochdale,GB-RCH,TRUE
gb|rotherham,GB,Rotherham,GB-ROT,TRUE
gb|royal borough of windsor and maidenhead,GB,Royal Borough of Windsor and Maidenhead,GB-WNM,TRUE
gb|rutland,GB,Rutland,GB-RUT,TRUE
gb|salford,GB,Salford,GB-SLF,TRUE
gb|sandwell,GB,Sandwell,GB-SAW,TRUE
gb|scottish borders,GB,Scottish Borders,GB-SCB,TRUE
gb|sefton,GB,Sefton,GB-SFT,TRUE
gb|sheffield,GB,Sheffield,GB-SHF,TRUE
gb|shetland islands,GB,Shetland Islands,GB-ZET,TRUE
gb|shropshire,GB,Shropshire,GB-SHR,TRUE
gb|slough,GB,Slough,GB-SLG,TRUE
gb|solihull,GB,Solihull,GB-SOL,TRUE
gb|somerset,GB,Somerset,GB-SOM,TRUE
gb|south ayrshire,GB,South Ayrshire,GB-SAY,TRUE
gb|south gloucestershire,GB,South Gloucestershire,GB-SGC,TRUE
gb|south lanarkshire,GB,South Lanarkshire,GB-SLK,TRUE
gb|south tyneside,GB,South Tyneside,GB-STY,TRUE
gb|southampton,GB,Southampton,GB-STH,TRUE
gb|southend-on-sea,GB,Southend-on-Sea,GB-SOS,TRUE
gb|southwark,GB,Southwark,GB-SWK,TRUE
gb|staffordshire,GB,Staffordshire,GB-STS,TRUE
gb|stirling,GB,Stirling,GB-STG,TRUE
gb|stockport,GB,Stockport,GB-SKP,TRUE
gb|stockton-on-tees,GB,Stockton-on-Tees,GB-STT,TRUE
gb|stoke-on-trent,GB,Stoke-on-Trent,GB-STE,TRUE
gb|strabane,GB,Strabane,GB-STB,TRUE
gb|suffolk,GB,Suffolk,GB-SFK,TRUE
gb|sunderland,GB,Sunderland,GB-SND,TRUE
gb|surrey,GB,Surrey,GB-SRY,TRUE
gb|sutton,GB,Sutton,GB-STN,TRUE
gb|swansea,GB,Swansea,GB-SWA,TRUE
gb|swindon,GB,Swindon,GB-SWD,TRUE
gb|tameside,GB,Tameside,GB-TAM,TRUE
gb|telford and wrekin,GB,Telford and Wrekin,GB-TFW,TRUE
gb|thurrock,GB,Thurrock,GB-THR,TRUE
gb|torbay,GB,Torbay,GB-TOB,TRUE
gb|torfaen,GB,Torfaen,GB-TOF,TRUE
gb|tower hamlets,GB,Tower Hamlets,GB-TWH,TRUE
gb|trafford,GB,Trafford,GB-TRF,TRUE
gb|vale of glamorgan,GB,Vale of Glamorgan,GB-VGL,TRUE
gb|wakefield,GB,Wakefield,GB-WKF,TRUE
gb|walsall,GB,Walsall,GB-WLL,TRUE
gb|waltham forest,GB,Waltham Forest,GB-WFT,TRUE
gb|wandsworth,GB,Wandsworth,GB-WND,TRUE
gb|warrington,GB,Warrington,GB-WRT,TRUE
gb|warwickshire,GB,Warwickshire,GB-WAR,TRUE
gb|west berkshire,GB,West Berkshire,GB-WBK,TRUE
gb|west dunbartonshire,GB,West Dunbartonshire,GB-WDU,TRUE
gb|west lothian,GB,West Lothian,GB-WLN,TRUE
gb|west sussex,GB,West Sussex,GB-WSX,TRUE
gb|westminster,GB,Westminster,GB-WSM,TRUE
gb|wigan,GB,Wigan,GB-WGN,TRUE
gb|wiltshire,GB,Wiltshire,GB-WIL,TRUE
gb|wokingham,GB,Wokingham,GB-WOK,TRUE
gb|wolverhampton,GB,Wolverhampton,GB-WLV,TRUE
gb|worcestershire,GB,Worcestershire,GB-WOR,TRUE
gb|wrexham,GB,Wrexham,GB-WRX,TRUE
gb|york,GB,York,GB-YOR,TRUE
gd|carriacou and petite martinique,GD,Carriacou and Petite Martinique,GD-10,TRUE
gd|saint andrew,GD,Saint Andrew,GD-01,TRUE
gd|saint david,GD,Saint David,GD-02,TRUE
gd|saint george,GD,Saint George,GD-03,TRUE
gd|saint john,GD,Saint John,GD-04,TRUE
gd|saint mark,GD,Saint Mark,GD-05,TRUE
gd|saint patrick,GD,Saint Patrick,GD-06,TRUE
ge|abkhazia,GE,Abkhazia,GE-AB,TRUE
ge|ajaria,GE,Ajaria,GE-AJ,TRUE
ge|guria,GE,Guria,GE-GU,TRUE
ge|imereti,GE,Imereti,GE-IM,TRUE
ge|kakheti,GE,Kakheti,GE-KA,TRUE
ge|kvemo kartli,GE,Kvemo Kartli,GE-KK,TRUE
ge|mtskheta-mtianeti,GE,Mtskheta-Mtianeti,GE-MM,TRUE
ge|racha-lechkhumi-kvemo svaneti,GE,Racha-Lechkhumi-Kvemo Svaneti,GE-RL,TRUE
ge|samegrelo-zemo svaneti,GE,Samegrelo-Zemo Svaneti,GE-SZ,TRUE
ge|samtskhe-javakheti,GE,Samtskhe-Javakheti,GE-SJ,TRUE
ge|shida kartli,GE,Shida Kartli,GE-SK,TRUE
ge|tbilisi,GE,Tbilisi,GE-TB,TRUE
gh|ashanti,GH,Ashanti,GH-AH,TRUE
gh|brong ahafo,GH,Brong Ahafo,GH-BA,TRUE
gh|central,GH,Central,GH-CP,TRUE
gh|eastern,GH,Eastern,GH-EP,TRUE
gh|greater accra,GH,Greater Accra,GH-AA,TRUE
gh|northern,GH,Northern,GH-NP,TRUE
gh|upper east,GH,Upper East,GH-UE,TRUE
gh|upper west,GH,Upper West,GH-UW,TRUE
gh|volta,GH,Volta,GH-TV,TRUE
gh|western,GH,Western,GH-WP,TRUE
gl|kommune kujalleq,GL,Kommune Kujalleq,GL-KU,TRUE
gl|kommuneqarfik sermersooq,GL,Kommuneqarfik Sermersooq,GL-SM,TRUE
gl|nationalparken,GL,Nationalparken,GL-UO,TRUE
gl|qaasuitsup kommunia,GL,Qaasuitsup Kommunia,GL-QA,TRUE
gl|qeqqata kommunia,GL,Qeqqata Kommunia,GL-QE,TRUE
gm|banjul,GM,Banjul,GM-B,TRUE
gm|central river,GM,Central River,GM-M,TRUE
gm|lower river,GM,Lower River,GM-L,TRUE
gm|north bank,GM,North Bank,GM-N,TRUE
gm|upper river,GM,Upper River,GM-U,TRUE
gm|west coast,GM,West Coast,GM-W,TRUE
gn|beyla,GN,Beyla,GN-BE,TRUE
gn|boffa,GN,Boffa,GN-BF,TRUE
gn|boke,GN,Boke,GN-BK,TRUE
gn|conakry,GN,Conakry,GN-C,TRUE
gn|coyah,GN,Coyah,GN-CO,TRUE
gn|dabola,GN,Dabola,GN-DB,TRUE
gn|dalaba,GN,Dalaba,GN-DL,TRUE
gn|dinguiraye,GN,Dinguiraye,GN-DI,TRUE
gn|dubréka,GN,Dubréka,GN-DU,TRUE
gn|faranah,GN,Faranah,GN-FA,TRUE
gn|forécariah,GN,Forécariah,GN-FO,TRUE
gn|fria,GN,Fria,GN-FR,TRUE
gn|gaoual,GN,Gaoual,GN-GA,TRUE
gn|guéckédou,GN,Guéckédou,GN-GU,TRUE
gn|kankan,GN,Kankan,GN-K,TRUE
gn|kérouané,GN,Kérouané,GN-KE,TRUE
gn|kindia,GN,Kindia,GN-KD,TRUE
gn|kissidougou,GN,Kissidougou,GN-KS,TRUE
gn|koubia,GN,Koubia,GN-KB,TRUE
gn|koundara,GN,Koundara,GN-KN,TRUE
gn|kouroussa,GN,Kouroussa,GN-KO,TRUE
gn|labé,GN,Labé,GN-LA,TRUE
gn|lélouma,GN,Lélouma,GN-LE,TRUE
gn|lola,GN,Lola,GN-LO,TRUE
gn|macenta,GN,Macenta,GN-MC,TRUE
gn|mali,GN,Mali,GN-ML,TRUE
gn|mamou,GN,Mamou,GN-MM,TRUE
gn|mandiana,GN,Mandiana,GN-MD,TRUE
gn|nzérékoré,GN,Nzérékoré,GN-NZ,TRUE
gn|pita,GN,Pita,GN-PI,TRUE
gn|siguiri,GN,Siguiri,GN-SI,TRUE
gn|télimélé,GN,Télimélé,GN-TE,TRUE
gn|tougué,GN,Tougué,GN-TO,TRUE
gn|yomou,GN,Yomou,GN-YO,TRUE
gq|annobón,GQ,Annobón,GQ-AN,TRUE
gq|bioko norte,GQ,Bioko Norte,GQ-BN,TRUE
gq|bioko sur,GQ,Bioko Sur,GQ-BS,TRUE
gq|centro sur,GQ,Centro Sur,GQ-CS,TRUE
gq|kié-ntem,GQ,Kié-Ntem,GQ-KN,TRUE
gq|litoral,GQ,Litoral,GQ-LI,TRUE
gq|wele-nzás,GQ,Wele-Nzás,GQ-WN,TRUE
gr|anatoliki makedonia kai thraki,GR,Anatoliki Makedonia kai Thraki,GR-A,TRUE
gr|attiki,GR,Attiki,GR-A1,TRUE
gr|ayion oros,GR,Ayion Oros,GR-69,TRUE
gr|dytiki ellada,GR,Dytiki Ellada,GR-G,TRUE
gr|dytiki makedonia,GR,Dytiki Makedonia,GR-C,TRUE
gr|ionioi nisoi,GR,Ionioi Nisoi,GR-F,TRUE
gr|ipeiros,GR,Ipeiros,GR-D,TRUE
gr|kentriki makedonia,GR,Kentriki Makedonia,GR-B,TRUE
gr|kriti,GR,Kriti,GR-M,TRUE
gr|notio aigaio,GR,Notio Aigaio,GR-L,TRUE
gr|peloponnisos,GR,Peloponnisos,GR-J,TRUE
gr|stereá elláda,GR,Stereá Elláda,GR-H,TRUE
gr|thessalia,GR,Thessalia,GR-E,TRUE
gr|voreio aigaio,GR,Voreio Aigaio,GR-K,TRUE
gt|alta verapaz,GT,Alta Verapaz,GT-AV,TRUE
gt|baja verapaz,GT,Baja Verapaz,GT-BV,TRUE
gt|chimaltenango,GT,Chimaltenango,GT-CM,TRUE
gt|chiquimula,GT,Chiquimula,GT-CQ,TRUE
gt|el progreso,GT,El Progreso,GT-PR,TRUE
gt|escuintla,GT,Escuintla,GT-ES,TRUE
gt|guatemala,GT,Guatemala,GT-GU,TRUE
gt|huehuetenango,GT,Huehuetenango,GT-HU,TRUE
gt|izabal,GT,Izabal,GT-IZ,TRUE
gt|jalapa,GT,Jalapa,GT-JA,TRUE
gt|jutiapa,GT,Jutiapa,GT-JU,TRUE
gt|petén,GT,Petén,GT-PE,TRUE
gt|quezaltenango,GT,Quezaltenango,GT-QZ,TRUE
gt|quiché,GT,Quiché,GT-QC,TRUE
gt|retalhuleu,GT,Retalhuleu,GT-RE,TRUE
gt|sacatepéquez,GT,Sacatepéquez,GT-SA,TRUE
gt|san marcos,GT,San Marcos,GT-SM,TRUE
gt|santa rosa,GT,Santa Rosa,GT-SR,TRUE
gt|sololá,GT,Sololá,GT-SO,TRUE
gt|suchitepéquez,GT,Suchitepéquez,GT-SU,TRUE
gt|totonicapán,GT,Totonicapán,GT-TO,TRUE
gt|zacapa,GT,Zacapa,GT-ZA,TRUE
gw|bafatá,GW,Bafatá,GW-BA,TRUE
gw|biombo,GW,Biombo,GW-BM,TRUE
gw|bissau,GW,Bissau,GW-BS,TRUE
gw|bolama,GW,Bolama,GW-BL,TRUE
gw|cacheu,GW,Cacheu,GW-CA,TRUE
gw|gabú,GW,Gabú,GW-GA,TRUE
gw|oio,GW,Oio,GW-OI,TRUE
gw|quinara,GW,Quinara,GW-QU,TRUE
gw|tombali,GW,Tombali,GW-TO,TRUE
gy|barima-waini,GY,Barima-Waini,GY-BA,TRUE
gy|cuyuni-mazaruni,GY,Cuyuni-Mazaruni,GY-CU,TRUE
gy|demerara-mahaica,GY,Demerara-Mahaica,GY-DE,TRUE
gy|east berbice-corentyne,GY,East Berbice-Corentyne,GY-EB,TRUE
gy|essequibo islands-west demerara,GY,Essequibo Islands-West Demerara,GY-ES,TRUE
gy|mahaica-berbice,GY,Mahaica-Berbice,GY-MA,TRUE
gy|pomeroon-supenaam,GY,Pomeroon-Supenaam,GY-PM,TRUE
gy|potaro-siparuni,GY,Potaro-Siparuni,GY-PT,TRUE
gy|upper demerara-berbice,GY,Upper Demerara-Berbice,GY-UD,TRUE
gy|upper takutu-upper essequibo,GY,Upper Takutu-Upper Essequibo,GY-UT,TRUE
hk|central and western,HK,Central and Western,HK-~5153,TRUE
hk|eastern,HK,Eastern,HK-~5155,TRUE
hk|islands,HK,Islands,HK-~5170,TRUE
hk|kowloon city,HK,Kowloon City,HK-~5158,TRUE
hk|kwai tsing,HK,Kwai Tsing,HK-~5164,TRUE
hk|kwun tong,HK,Kwun Tong,HK-~5161,TRUE
hk|north,HK,North,HK-~5168,TRUE
hk|sai kung,HK,Sai Kung,HK-~5162,TRUE
hk|sha tin,HK,Sha Tin,HK-~5163,TRUE
hk|sham shui po,HK,Sham Shui Po,HK-~5159,TRUE
hk|southern,HK,Southern,HK-~5156,TRUE
hk|tai po,HK,Tai Po,HK-~5169,TRUE
hk|tsuen wan,HK,Tsuen Wan,HK-~5165,TRUE
hk|tuen mun,HK,Tuen Mun,HK-~5166,TRUE
hk|wan chai,HK,Wan Chai,HK-~5154,TRUE
hk|wong tai sin,HK,Wong Tai Sin,HK-~5160,TRUE
hk|yau tsim mong,HK,Yau Tsim Mong,HK-~5157,TRUE
hk|yuen long,HK,Yuen Long,HK-~5167,TRUE
hn|atlántida,HN,Atlántida,HN-AT,TRUE
hn|choluteca,HN,Choluteca,HN-CH,TRUE
hn|colón,HN,Colón,HN-CL,TRUE
hn|comayagua,HN,Comayagua,HN-CM,TRUE
hn|copán,HN,Copán,HN-CP,TRUE
hn|cortés,HN,Cortés,HN-CR,TRUE
hn|el paraíso,HN,El Paraíso,HN-EP,TRUE
hn|francisco morazán,HN,Francisco Morazán,HN-FM,TRUE
hn|gracias a dios,HN,Gracias a Dios,HN-GD,TRUE
hn|intibucá,HN,Intibucá,HN-IN,TRUE
hn|islas de la bahía,HN,Islas de la Bahía,HN-IB,TRUE
hn|la paz,HN,La Paz,HN-LP,TRUE
hn|lempira,HN,Lempira,HN-LE,TRUE
hn|ocotepeque,HN,Ocotepeque,HN-OC,TRUE
hn|olancho,HN,Olancho,HN-OL,TRUE
hn|santa bárbara,HN,Santa Bárbara,HN-SB,TRUE
hn|valle,HN,Valle,HN-VA,TRUE
hn|yoro,HN,Yoro,HN-YO,TRUE
hr|bjelovarsko-bilogorska,HR,Bjelovarsko-bilogorska,HR-07,TRUE
hr|brodsko-posavska,HR,Brodsko-Posavska,HR-12,TRUE
hr|dubrovacko-neretvanska,HR,Dubrovacko-Neretvanska,HR-19,TRUE
hr|grad zagreb,HR,Grad Zagreb,HR-21,TRUE
hr|istarska,HR,Istarska,HR-18,TRUE
hr|karlovacka,HR,Karlovacka,HR-04,TRUE
hr|koprivničko-križevačka,HR,Koprivničko-Križevačka,HR-06,TRUE
hr|krapinsko-zagorska,HR,Krapinsko-Zagorska,HR-02,TRUE
hr|licko-senjska,HR,Licko-Senjska,HR-09,TRUE
hr|medimurska,HR,Medimurska,HR-20,TRUE
hr|osjecko-baranjska,HR,Osjecko-Baranjska,HR-14,TRUE
hr|primorsko-goranska,HR,Primorsko-Goranska,HR-08,TRUE
hr|šibensko-kninska,HR,Šibensko-Kninska,HR-15,TRUE
hr|sisacko-moslavacka,HR,Sisacko-Moslavacka,HR-03,TRUE
hr|splitsko-dalmatinska,HR,Splitsko-Dalmatinska,HR-17,TRUE
hr|varaždinska,HR,Varaždinska,HR-05,TRUE
hr|viroviticko-podravska,HR,Viroviticko-Podravska,HR-10,TRUE
hr|vukovarsko-srijemska,HR,Vukovarsko-Srijemska,HR-16,TRUE
hr|zadarska,HR,Zadarska,HR-13,TRUE
hr|zagrebacka,HR,Zagrebacka,HR-01,TRUE
ht|centre,HT,Centre,HT-CE,TRUE
ht|grand'anse,HT,Grand'Anse,HT-GA,TRUE
ht|l'artibonite,HT,L'Artibonite,HT-AR,TRUE
ht|nippes,HT,Nippes,HT-NI,TRUE
ht|nord,HT,Nord,HT-ND,TRUE
ht|nord-est,HT,Nord-Est,HT-NE,TRUE
ht|nord-ouest,HT,Nord-Ouest,HT-NO,TRUE
ht|ouest,HT,Ouest,HT-OU,TRUE
ht|sud,HT,Sud,HT-SD,TRUE
ht|sud-est,HT,Sud-Est,HT-SE,TRUE
hu|bács-kiskun,HU,Bács-Kiskun,HU-BK,TRUE
hu|baranya,HU,Baranya,HU-BA,TRUE
hu|békés,HU,Békés,HU-BE,TRUE
hu|békéscsaba,HU,Békéscsaba,HU-BC,TRUE
hu|borsod-abaúj-zemplén,HU,Borsod-Abaúj-Zemplén,HU-BZ,TRUE
hu|budapest,HU,Budapest,HU-BU,TRUE
hu|csongrád,HU,Csongrád,HU-CS,TRUE
hu|debrecen,HU,Debrecen,HU-DE,TRUE
hu|dunaújváros,HU,Dunaújváros,HU-DU,TRUE
hu|eger,HU,Eger,HU-EG,TRUE
hu|érd,HU,Érd,HU-ED,TRUE
hu|fejér,HU,Fejér,HU-FE,TRUE
hu|gyôr,HU,Gyôr,HU-GY,TRUE
hu|gyor-moson-sopron,HU,Gyor-Moson-Sopron,HU-GS,TRUE
hu|hajdú-bihar,HU,Hajdú-Bihar,HU-HB,TRUE
hu|heves,HU,Heves,HU-HE,TRUE
hu|hódmezôvásárhely,HU,Hódmezôvásárhely,HU-HV,TRUE
hu|jász-nagykun-szolnok,HU,Jász-Nagykun-Szolnok,HU-JN,TRUE
hu|kaposvár,HU,Kaposvár,HU-KV,TRUE
hu|kecskemét,HU,Kecskemét,HU-KM,TRUE
hu|komárom-esztergom,HU,Komárom-Esztergom,HU-KE,TRUE
hu|miskolc,HU,Miskolc,HU-MI,TRUE
hu|nagykanizsa,HU,Nagykanizsa,HU-NK,TRUE
hu|nógrád,HU,Nógrád,HU-NO,TRUE
hu|nyíregyháza,HU,Nyíregyháza,HU-NY,TRUE
hu|pécs,HU,Pécs,HU-PS,TRUE
hu|pest,HU,Pest,HU-PE,TRUE
hu|salgótarján,HU,Salgótarján,HU-ST,TRUE
hu|somogy,HU,Somogy,HU-SO,TRUE
hu|sopron,HU,Sopron,HU-SN,TRUE
hu|szabolcs-szatmár-bereg,HU,Szabolcs-Szatmár-Bereg,HU-SZ,TRUE
hu|szeged,HU,Szeged,HU-SD,TRUE
hu|székesfehérvár,HU,Székesfehérvár,HU-SF,TRUE
hu|szekszárd,HU,Szekszárd,HU-SS,TRUE
hu|szolnok,HU,Szolnok,HU-SK,TRUE
hu|szombathely,HU,Szombathely,HU-SH,TRUE
hu|tatabánya,HU,Tatabánya,HU-TB,TRUE
hu|tolna,HU,Tolna,HU-TO,TRUE
hu|vas,HU,Vas,HU-VA,TRUE
hu|veszprém,HU,Veszprém,HU-VE,TRUE
hu|veszprém (2),HU,Veszprém (2),HU-VM,TRUE
hu|zala,HU,Zala,HU-ZA,TRUE
hu|zalaegerszeg,HU,Zalaegerszeg,HU-ZE,TRUE
id|aceh,ID,Aceh,ID-AC,TRUE
id|bali,ID,Bali,ID-BA,TRUE
id|bangka-belitung,ID,Bangka-Belitung,ID-BB,TRUE
id|banten,ID,Banten,ID-BT,TRUE
id|bengkulu,ID,Bengkulu,ID-BE,TRUE
id|gorontalo,ID,Gorontalo,ID-GO,TRUE
id|jakarta raya,ID,Jakarta Raya,ID-JK,TRUE
id|jambi,ID,Jambi,ID-JA,TRUE
id|jawa barat,ID,Jawa Barat,ID-JB,TRUE
id|jawa tengah,ID,Jawa Tengah,ID-JT,TRUE
id|jawa timur,ID,Jawa Timur,ID-JI,TRUE
id|kalimantan barat,ID,Kalimantan Barat,ID-KB,TRUE
id|kalimantan selatan,ID,Kalimantan Selatan,ID-KS,TRUE
id|kalimantan tengah,ID,Kalimantan Tengah,ID-KT,TRUE
id|kalimantan timur,ID,Kalimantan Timur,ID-KI,TRUE
id|kepulauan riau,ID,Kepulauan Riau,ID-KR,TRUE
id|lampung,ID,Lampung,ID-LA,TRUE
id|maluku,ID,Maluku,ID-MA,TRUE
id|maluku utara,ID,Maluku Utara,ID-MU,TRUE
id|nusa tenggara barat,ID,Nusa Tenggara Barat,ID-NB,TRUE
id|nusa tenggara timur,ID,Nusa Tenggara Timur,ID-NT,TRUE
id|papua,ID,Papua,ID-PA,TRUE
id|papua barat,ID,Papua Barat,ID-PB,TRUE
id|riau,ID,Riau,ID-RI,TRUE
id|sulawesi barat,ID,Sulawesi Barat,ID-SR,TRUE
id|sulawesi selatan,ID,Sulawesi Selatan,ID-SN,TRUE
id|sulawesi tengah,ID,Sulawesi Tengah,ID-ST,TRUE
id|sulawesi tenggara,ID,Sulawesi Tenggara,ID-SG,TRUE
id|sulawesi utara,ID,Sulawesi Utara,ID-SA,TRUE
id|sumatera barat,ID,Sumatera Barat,ID-SB,TRUE
id|sumatera selatan,ID,Sumatera Selatan,ID-SS,TRUE
id|sumatera utara,ID,Sumatera Utara,ID-SU,TRUE
id|yogyakarta,ID,Yogyakarta,ID-YO,TRUE
ie|carlow,IE,Carlow,IE-CW,TRUE
ie|cavan,IE,Cavan,IE-CN,TRUE
ie|clare,IE,Clare,IE-CE,TRUE
ie|cork,IE,Cork,IE-CO,TRUE
ie|donegal,IE,Donegal,IE-DL,TRUE
ie|dublin,IE,Dublin,IE-D,TRUE
ie|galway,IE,Galway,IE-G,TRUE
ie|kerry,IE,Kerry,IE-KY,TRUE
ie|kildare,IE,Kildare,IE-KE,TRUE
ie|kilkenny,IE,Kilkenny,IE-KK,TRUE
ie|laoighis,IE,Laoighis,IE-LS,TRUE
ie|leitrim,IE,Leitrim,IE-LM,TRUE
ie|limerick,IE,Limerick,IE-LK,TRUE
ie|longford,IE,Longford,IE-LD,TRUE
ie|louth,IE,Louth,IE-LH,TRUE
ie|mayo,IE,Mayo,IE-MO,TRUE
ie|meath,IE,Meath,IE-MH,TRUE
ie|monaghan,IE,Monaghan,IE-MN,TRUE
ie|offaly,IE,Offaly,IE-OY,TRUE
ie|roscommon,IE,Roscommon,IE-RN,TRUE
ie|sligo,IE,Sligo,IE-SO,TRUE
ie|tipperary,IE,Tipperary,IE-TA,TRUE
ie|waterford,IE,Waterford,IE-WD,TRUE
ie|westmeath,IE,Westmeath,IE-WH,TRUE
ie|wexford,IE,Wexford,IE-WX,TRUE
ie|wicklow,IE,Wicklow,IE-WW,TRUE
il|hadarom,IL,HaDarom,IL-D,TRUE
il|haifa,IL,Haifa,IL-HA,TRUE
il|hamerkaz,IL,HaMerkaz,IL-M,TRUE
il|hazafon,IL,HaZafon,IL-Z,TRUE
il|jerusalem,IL,Jerusalem,IL-JM,TRUE
il|tel aviv,IL,Tel Aviv,IL-TA,TRUE
in|andaman and nicobar,IN,Andaman and Nicobar,IN-AN,TRUE
in|andhra pradesh,IN,Andhra Pradesh,IN-AP,TRUE
in|arunachal pradesh,IN,Arunachal Pradesh,IN-AR,TRUE
in|assam,IN,Assam,IN-AS,TRUE
in|bihar,IN,Bihar,IN-BR,TRUE
in|chandigarh,IN,Chandigarh,IN-CH,TRUE
in|chhattisgarh,IN,Chhattisgarh,IN-CT,TRUE
in|dadra and nagar haveli and daman and diu,IN,Dadra and Nagar Haveli and Daman and Diu,IN-DH,TRUE
in|delhi,IN,Delhi,IN-DL,TRUE
in|goa,IN,Goa,IN-GA,TRUE
in|gujarat,IN,Gujarat,IN-GJ,TRUE
in|haryana,IN,Haryana,IN-HR,TRUE
in|himachal pradesh,IN,Himachal Pradesh,IN-HP,TRUE
in|jammu and kashmir,IN,Jammu and Kashmir,IN-JK,TRUE
in|jharkhand,IN,Jharkhand,IN-JH,TRUE
in|karnataka,IN,Karnataka,IN-KA,TRUE
in|kerala,IN,Kerala,IN-KL,TRUE
in|ladakh,IN,Ladakh,IN-LA,TRUE
in|lakshadweep,IN,Lakshadweep,IN-LD,TRUE
in|madhya pradesh,IN,Madhya Pradesh,IN-MP,TRUE
in|maharashtra,IN,Maharashtra,IN-MH,TRUE
in|manipur,IN,Manipur,IN-MN,TRUE
in|meghalaya,IN,Meghalaya,IN-ML,TRUE
in|mizoram,IN,Mizoram,IN-MZ,TRUE
in|nagaland,IN,Nagaland,IN-NL,TRUE
in|odisha,IN,Odisha,IN-OR,TRUE
in|puducherry,IN,Puducherry,IN-PY,TRUE
in|punjab,IN,Punjab,IN-PB,TRUE
in|rajasthan,IN,Rajasthan,IN-RJ,TRUE
in|sikkim,IN,Sikkim,IN-SK,TRUE
in|tamil nadu,IN,Tamil Nadu,IN-TN,TRUE
in|telangana,IN,Telangana,IN-TG,TRUE
in|tripura,IN,Tripura,IN-TR,TRUE
in|uttar pradesh,IN,Uttar Pradesh,IN-UP,TRUE
in|uttarakhand,IN,Uttarakhand,IN-UT,TRUE
in|west bengal,IN,West Bengal,IN-WB,TRUE
iq|al-anbar,IQ,Al-Anbar,IQ-AN,TRUE
iq|al-basrah,IQ,Al-Basrah,IQ-BA,TRUE
iq|al-muthannia,IQ,Al-Muthannia,IQ-MU,TRUE
iq|al-qādisiyyah,IQ,Al-Qādisiyyah,IQ-QA,TRUE
iq|an-najaf,IQ,An-Najaf,IQ-NA,TRUE
iq|arbil,IQ,Arbil,IQ-AR,TRUE
iq|as-sulaymaniyah,IQ,As-Sulaymaniyah,IQ-SU,TRUE
iq|at-ta'mim,IQ,At-Ta'mim,IQ-TS,TRUE
iq|babil,IQ,Babil,IQ-BB,TRUE
iq|baghdad,IQ,Baghdad,IQ-BG,TRUE
iq|dhi-qar,IQ,Dhi-Qar,IQ-DQ,TRUE
iq|dihok,IQ,Dihok,IQ-DA,TRUE
iq|diyala,IQ,Diyala,IQ-DI,TRUE
iq|karbala',IQ,Karbala',IQ-KA,TRUE
iq|maysan,IQ,Maysan,IQ-MA,TRUE
iq|ninawa,IQ,Ninawa,IQ-NI,TRUE
iq|sala ad-din,IQ,Sala ad-Din,IQ-SD,TRUE
iq|wasit,IQ,Wasit,IQ-WA,TRUE
ir|ardebil,IR,Ardebil,IR-03,TRUE
ir|bushehr,IR,Bushehr,IR-06,TRUE
ir|chahar mahall and bakhtiari,IR,Chahar Mahall and Bakhtiari,IR-08,TRUE
ir|east azarbaijan,IR,East Azarbaijan,IR-01,TRUE
ir|esfahan,IR,Esfahan,IR-04,TRUE
ir|fars,IR,Fars,IR-14,TRUE
ir|gilan,IR,Gilan,IR-19,TRUE
ir|golestan,IR,Golestan,IR-27,TRUE
ir|hamadan,IR,Hamadan,IR-24,TRUE
ir|hormozgan,IR,Hormozgan,IR-23,TRUE
ir|ilam,IR,Ilam,IR-05,TRUE
ir|kerman,IR,Kerman,IR-15,TRUE
ir|kermanshah,IR,Kermanshah,IR-17,TRUE
ir|khuzestan,IR,Khuzestan,IR-10,TRUE
ir|kohgiluyeh and buyer ahmad,IR,Kohgiluyeh and Buyer Ahmad,IR-18,TRUE
ir|kordestan,IR,Kordestan,IR-16,TRUE
ir|lorestan,IR,Lorestan,IR-20,TRUE
ir|markazi,IR,Markazi,IR-22,TRUE
ir|mazandaran,IR,Mazandaran,IR-21,TRUE
ir|north khorasan,IR,North Khorasan,IR-31,TRUE
ir|qazvin,IR,Qazvin,IR-28,TRUE
ir|qom,IR,Qom,IR-26,TRUE
ir|razavi khorasan,IR,Razavi Khorasan,IR-30,TRUE
ir|semnan,IR,Semnan,IR-12,TRUE
ir|sistan and baluchestan,IR,Sistan and Baluchestan,IR-13,TRUE
ir|south khorasan,IR,South Khorasan,IR-29,TRUE
ir|tehran,IR,Tehran,IR-07,TRUE
ir|west azarbaijan,IR,West Azarbaijan,IR-02,TRUE
ir|yazd,IR,Yazd,IR-25,TRUE
ir|zanjan,IR,Zanjan,IR-11,TRUE
is|austurland,IS,Austurland,IS-7,TRUE
is|höfuðborgarsvæði,IS,Höfuðborgarsvæði,IS-1,TRUE
is|norðurland eystra,IS,Norðurland eystra,IS-6,TRUE
is|norðurland vestra,IS,Norðurland vestra,IS-5,TRUE
is|reykjavík,IS,Reykjavík,IS-0,TRUE
is|suðurland,IS,Suðurland,IS-8,TRUE
is|suðurnes,IS,Suðurnes,IS-2,TRUE
is|vestfirðir,IS,Vestfirðir,IS-4,TRUE
is|vesturland,IS,Vesturland,IS-3,TRUE
it|agrigento,IT,Agrigento,IT-AG,TRUE
it|alessandria,IT,Alessandria,IT-AL,TRUE
it|ancona,IT,Ancona,IT-AN,TRUE
it|aoste,IT,Aoste,IT-AO,TRUE
it|arezzo,IT,Arezzo,IT-AR,TRUE
it|ascoli piceno,IT,Ascoli Piceno,IT-AP,TRUE
it|asti,IT,Asti,IT-AT,TRUE
it|avellino,IT,Avellino,IT-AV,TRUE
it|bari,IT,Bari,IT-BA,TRUE
it|barletta-andria trani,IT,Barletta-Andria Trani,IT-BT,TRUE
it|belluno,IT,Belluno,IT-BL,TRUE
it|benevento,IT,Benevento,IT-BN,TRUE
it|bergamo,IT,Bergamo,IT-BG,TRUE
it|biella,IT,Biella,IT-BI,TRUE
it|bologna,IT,Bologna,IT-BO,TRUE
it|bozen,IT,Bozen,IT-BZ,TRUE
it|brescia,IT,Brescia,IT-BS,TRUE
it|brindisi,IT,Brindisi,IT-BR,TRUE
it|cagliari,IT,Cagliari,IT-CA,TRUE
it|caltanissetta,IT,Caltanissetta,IT-CL,TRUE
it|campobasso,IT,Campobasso,IT-CB,TRUE
it|carbonia-iglesias,IT,Carbonia-Iglesias,IT-CI,TRUE
it|caserta,IT,Caserta,IT-CE,TRUE
it|catania,IT,Catania,IT-CT,TRUE
it|catanzaro,IT,Catanzaro,IT-CZ,TRUE
it|chieti,IT,Chieti,IT-CH,TRUE
it|como,IT,Como,IT-CO,TRUE
it|cosenza,IT,Cosenza,IT-CS,TRUE
it|cremona,IT,Cremona,IT-CR,TRUE
it|crotene,IT,Crotene,IT-KR,TRUE
it|cuneo,IT,Cuneo,IT-CN,TRUE
it|enna,IT,Enna,IT-EN,TRUE
it|fermo,IT,Fermo,IT-FM,TRUE
it|ferrara,IT,Ferrara,IT-FE,TRUE
it|firenze,IT,Firenze,IT-FI,TRUE
it|foggia,IT,Foggia,IT-FG,TRUE
it|forlì-cesena,IT,Forlì-Cesena,IT-FC,TRUE
it|frosinone,IT,Frosinone,IT-FR,TRUE
it|genova,IT,Genova,IT-GE,TRUE
it|gorizia,IT,Gorizia,IT-GO,TRUE
it|grosseto,IT,Grosseto,IT-GR,TRUE
it|imperia,IT,Imperia,IT-IM,TRUE
it|isernia,IT,Isernia,IT-IS,TRUE
it|l'aquila,IT,L'Aquila,IT-AQ,TRUE
it|la spezia,IT,La Spezia,IT-SP,TRUE
it|latina,IT,Latina,IT-LT,TRUE
it|lecce,IT,Lecce,IT-LE,TRUE
it|lecco,IT,Lecco,IT-LC,TRUE
it|livorno,IT,Livorno,IT-LI,TRUE
it|lodi,IT,Lodi,IT-LO,TRUE
it|lucca,IT,Lucca,IT-LU,TRUE
it|macerata,IT,Macerata,IT-MC,TRUE
it|mantova,IT,Mantova,IT-MN,TRUE
it|massa-carrara,IT,Massa-Carrara,IT-MS,TRUE
it|matera,IT,Matera,IT-MT,TRUE
it|medio campidano,IT,Medio Campidano,IT-VS,TRUE
it|messina,IT,Messina,IT-ME,TRUE
it|milano,IT,Milano,IT-MI,TRUE
it|modena,IT,Modena,IT-MO,TRUE
it|monza e brianza,IT,Monza e Brianza,IT-MB,TRUE
it|napoli,IT,Napoli,IT-NA,TRUE
it|novara,IT,Novara,IT-NO,TRUE
it|nuoro,IT,Nuoro,IT-NU,TRUE
it|ogliastra,IT,Ogliastra,IT-OG,TRUE
it|olbia-tempio,IT,Olbia-Tempio,IT-OT,TRUE
it|oristrano,IT,Oristrano,IT-OR,TRUE
it|padova,IT,Padova,IT-PD,TRUE
it|palermo,IT,Palermo,IT-PA,TRUE
it|parma,IT,Parma,IT-PR,TRUE
it|pavia,IT,Pavia,IT-PV,TRUE
it|perugia,IT,Perugia,IT-PG,TRUE
it|pesaro e urbino,IT,Pesaro e Urbino,IT-PU,TRUE
it|pescara,IT,Pescara,IT-PE,TRUE
it|piacenza,IT,Piacenza,IT-PC,TRUE
it|pisa,IT,Pisa,IT-PI,TRUE
it|pistoia,IT,Pistoia,IT-PT,TRUE
it|pordenone,IT,Pordenone,IT-PN,TRUE
it|potenza,IT,Potenza,IT-PZ,TRUE
it|prato,IT,Prato,IT-PO,TRUE
it|ragusa,IT,Ragusa,IT-RG,TRUE
it|ravenna,IT,Ravenna,IT-RA,TRUE
it|reggio calabria,IT,Reggio Calabria,IT-RC,TRUE
it|reggio emilia,IT,Reggio Emilia,IT-RE,TRUE
it|rieti,IT,Rieti,IT-RI,TRUE
it|rimini,IT,Rimini,IT-RN,TRUE
it|roma,IT,Roma,IT-RM,TRUE
it|rovigo,IT,Rovigo,IT-RO,TRUE
it|salerno,IT,Salerno,IT-SA,TRUE
it|sassari,IT,Sassari,IT-SS,TRUE
it|savona,IT,Savona,IT-SV,TRUE
it|siena,IT,Siena,IT-SI,TRUE
it|siracusa,IT,Siracusa,IT-SR,TRUE
it|sondrio,IT,Sondrio,IT-SO,TRUE
it|taranto,IT,Taranto,IT-TA,TRUE
it|teramo,IT,Teramo,IT-TE,TRUE
it|terni,IT,Terni,IT-TR,TRUE
it|trapani,IT,Trapani,IT-TP,TRUE
it|trento,IT,Trento,IT-TN,TRUE
it|treviso,IT,Treviso,IT-TV,TRUE
it|trieste,IT,Trieste,IT-TS,TRUE
it|turin,IT,Turin,IT-TO,TRUE
it|udine,IT,Udine,IT-UD,TRUE
it|varese,IT,Varese,IT-VA,TRUE
it|venezia,IT,Venezia,IT-VE,TRUE
it|verbano-cusio-ossola,IT,Verbano-Cusio-Ossola,IT-VB,TRUE
it|vercelli,IT,Vercelli,IT-VC,TRUE
it|verona,IT,Verona,IT-VR,TRUE
it|vibo valentia,IT,Vibo Valentia,IT-VV,TRUE
it|vicenza,IT,Vicenza,IT-VI,TRUE
it|viterbo,IT,Viterbo,IT-VT,TRUE
jm|clarendon,JM,Clarendon,JM-13,TRUE
jm|hanover,JM,Hanover,JM-09,TRUE
jm|kingston,JM,Kingston,JM-01,TRUE
jm|manchester,JM,Manchester,JM-12,TRUE
jm|portland,JM,Portland,JM-04,TRUE
jm|saint andrew,JM,Saint Andrew,JM-02,TRUE
jm|saint ann,JM,Saint Ann,JM-06,TRUE
jm|saint catherine,JM,Saint Catherine,JM-14,TRUE
jm|saint elizabeth,JM,Saint Elizabeth,JM-11,TRUE
jm|saint james,JM,Saint James,JM-08,TRUE
jm|saint mary,JM,Saint Mary,JM-05,TRUE
jm|saint thomas,JM,Saint Thomas,JM-03,TRUE
jm|trelawny,JM,Trelawny,JM-07,TRUE
jm|westmoreland,JM,Westmoreland,JM-10,TRUE
jo|ajlun,JO,Ajlun,JO-AJ,TRUE
jo|amman,JO,Amman,JO-AM,TRUE
jo|aqaba,JO,Aqaba,JO-AQ,TRUE
jo|balqa,JO,Balqa,JO-BA,TRUE
jo|irbid,JO,Irbid,JO-IR,TRUE
jo|jarash,JO,Jarash,JO-JA,TRUE
jo|karak,JO,Karak,JO-KA,TRUE
jo|ma`an,JO,Ma`an,JO-MN,TRUE
jo|madaba,JO,Madaba,JO-MD,TRUE
jo|mafraq,JO,Mafraq,JO-MA,TRUE
jo|tafilah,JO,Tafilah,JO-AT,TRUE
jo|zarqa,JO,Zarqa,JO-AZ,TRUE
jp|aichi,JP,Aichi,JP-23,TRUE
jp|akita,JP,Akita,JP-05,TRUE
jp|aomori,JP,Aomori,JP-02,TRUE
jp|chiba,JP,Chiba,JP-12,TRUE
jp|ehime,JP,Ehime,JP-38,TRUE
jp|fukui,JP,Fukui,JP-18,TRUE
jp|fukuoka,JP,Fukuoka,JP-40,TRUE
jp|fukushima,JP,Fukushima,JP-07,TRUE
jp|gifu,JP,Gifu,JP-21,TRUE
jp|gunma,JP,Gunma,JP-10,TRUE
jp|hiroshima,JP,Hiroshima,JP-34,TRUE
jp|hokkaidō,JP,Hokkaidō,JP-01,TRUE
jp|hyōgo,JP,Hyōgo,JP-28,TRUE
jp|ibaraki,JP,Ibaraki,JP-08,TRUE
jp|ishikawa,JP,Ishikawa,JP-17,TRUE
jp|iwate,JP,Iwate,JP-03,TRUE
jp|kagawa,JP,Kagawa,JP-37,TRUE
jp|kagoshima,JP,Kagoshima,JP-46,TRUE
jp|kanagawa,JP,Kanagawa,JP-14,TRUE
jp|kōchi,JP,Kōchi,JP-39,TRUE
jp|kumamoto,JP,Kumamoto,JP-43,TRUE
jp|kyōto,JP,Kyōto,JP-26,TRUE
jp|mie,JP,Mie,JP-24,TRUE
jp|miyagi,JP,Miyagi,JP-04,TRUE
jp|miyazaki,JP,Miyazaki,JP-45,TRUE
jp|nagano,JP,Nagano,JP-20,TRUE
jp|nagasaki,JP,Nagasaki,JP-42,TRUE
jp|nara,JP,Nara,JP-29,TRUE
jp|niigata,JP,Niigata,JP-15,TRUE
jp|ōita,JP,Ōita,JP-44,TRUE
jp|okayama,JP,Okayama,JP-33,TRUE
jp|okinawa,JP,Okinawa,JP-47,TRUE
jp|ōsaka,JP,Ōsaka,JP-27,TRUE
jp|saga,JP,Saga,JP-41,TRUE
jp|saitama,JP,Saitama,JP-11,TRUE
jp|shiga,JP,Shiga,JP-25,TRUE
jp|shimane,JP,Shimane,JP-32,TRUE
jp|shizuoka,JP,Shizuoka,JP-22,TRUE
jp|tochigi,JP,Tochigi,JP-09,TRUE
jp|tokushima,JP,Tokushima,JP-36,TRUE
jp|tokyo,JP,Tokyo,JP-13,TRUE
jp|tottori,JP,Tottori,JP-31,TRUE
jp|toyama,JP,Toyama,JP-16,TRUE
jp|wakayama,JP,Wakayama,JP-30,TRUE
jp|yamagata,JP,Yamagata,JP-06,TRUE
jp|yamaguchi,JP,Yamaguchi,JP-35,TRUE
jp|yamanashi,JP,Yamanashi,JP-19,TRUE
ke|central,KE,Central,KE-200,TRUE
ke|coast,KE,Coast,KE-300,TRUE
ke|eastern,KE,Eastern,KE-400,TRUE
ke|nairobi,KE,Nairobi,KE-110,TRUE
ke|north-eastern,KE,North-Eastern,KE-500,TRUE
ke|nyanza,KE,Nyanza,KE-600,TRUE
ke|rift valley,KE,Rift Valley,KE-700,TRUE
ke|western,KE,Western,KE-800,TRUE
kg|batken,KG,Batken,KG-B,TRUE
kg|bishkek,KG,Bishkek,KG-GB,TRUE
kg|chuy,KG,Chuy,KG-C,TRUE
kg|jalal-abad,KG,Jalal-Abad,KG-J,TRUE
kg|naryn,KG,Naryn,KG-N,TRUE
kg|osh,KG,Osh,KG-O,TRUE
kg|talas,KG,Talas,KG-T,TRUE
kg|ysyk-köl,KG,Ysyk-Köl,KG-Y,TRUE
kh|bântéay méanchey,KH,Bântéay Méanchey,KH-1,TRUE
kh|batdâmbâng,KH,Batdâmbâng,KH-2,TRUE
kh|kâmpóng cham,KH,Kâmpóng Cham,KH-3,TRUE
kh|kâmpóng chhnang,KH,Kâmpóng Chhnang,KH-4,TRUE
kh|kâmpóng spœ,KH,Kâmpóng Spœ,KH-5,TRUE
kh|kâmpóng thum,KH,Kâmpóng Thum,KH-6,TRUE
kh|kâmpôt,KH,Kâmpôt,KH-7,TRUE
kh|kândal,KH,Kândal,KH-8,TRUE
kh|kaôh kong,KH,Kaôh Kong,KH-9,TRUE
kh|kep,KH,Kep,KH-23,TRUE
kh|krâchéh,KH,Krâchéh,KH-10,TRUE
kh|krong pailin,KH,Krong Pailin,KH-24,TRUE
kh|krong preah sihanouk,KH,Krong Preah Sihanouk,KH-18,TRUE
kh|môndól kiri,KH,Môndól Kiri,KH-11,TRUE
kh|otdar mean chey,KH,Otdar Mean Chey,KH-22,TRUE
kh|phnom penh,KH,Phnom Penh,KH-12,TRUE
kh|pouthisat,KH,Pouthisat,KH-15,TRUE
kh|preah vihéar,KH,Preah Vihéar,KH-13,TRUE
kh|prey vêng,KH,Prey Vêng,KH-14,TRUE
kh|rôtânôkiri,KH,Rôtânôkiri,KH-16,TRUE
kh|siemréab,KH,Siemréab,KH-17,TRUE
kh|stœng trêng,KH,Stœng Trêng,KH-19,TRUE
kh|svay rieng,KH,Svay Rieng,KH-20,TRUE
kh|takêv,KH,Takêv,KH-21,TRUE
ki|kiribati,KI,Kiribati,KI-~10096,TRUE
ki|unnamed area,KI,Unnamed area,KI-~10097,TRUE
km|andjazîdja,KM,Andjazîdja,KM-G,TRUE
km|andjouân,KM,Andjouân,KM-A,TRUE
km|moûhîlî,KM,Moûhîlî,KM-M,TRUE
kn|christ church nichola town,KN,Christ Church Nichola Town,KN-01,TRUE
kn|saint anne sandy point,KN,Saint Anne Sandy Point,KN-02,TRUE
kn|saint george basseterre,KN,Saint George Basseterre,KN-03,TRUE
kn|saint george gingerland,KN,Saint George Gingerland,KN-04,TRUE
kn|saint james windward,KN,Saint James Windward,KN-05,TRUE
kn|saint john capesterre,KN,Saint John Capesterre,KN-06,TRUE
kn|saint john figtree,KN,Saint John Figtree,KN-07,TRUE
kn|saint mary cayon,KN,Saint Mary Cayon,KN-08,TRUE
kn|saint paul capesterre,KN,Saint Paul Capesterre,KN-09,TRUE
kn|saint paul charlestown,KN,Saint Paul Charlestown,KN-10,TRUE
kn|saint peter basseterre,KN,Saint Peter Basseterre,KN-11,TRUE
kn|saint thomas lowland,KN,Saint Thomas Lowland,KN-12,TRUE
kn|saint thomas middle island,KN,Saint Thomas Middle Island,KN-13,TRUE
kn|trinity palmetto point,KN,Trinity Palmetto Point,KN-14,TRUE
kp|chagang-do,KP,Chagang-do,KP-04,TRUE
kp|hamgyŏng-bukto,KP,Hamgyŏng-bukto,KP-09,TRUE
kp|hamgyŏng-namdo,KP,Hamgyŏng-namdo,KP-08,TRUE
kp|hwanghae-bukto,KP,Hwanghae-bukto,KP-06,TRUE
kp|hwanghae-namdo,KP,Hwanghae-namdo,KP-05,TRUE
kp|kangwŏn-do,KP,Kangwŏn-do,KP-07,TRUE
kp|p'yŏngan-bukto,KP,P'yŏngan-bukto,KP-03,TRUE
kp|p'yŏngan-namdo,KP,P'yŏngan-namdo,KP-02,TRUE
kp|p'yŏngyang,KP,P'yŏngyang,KP-01,TRUE
kp|rasŏn,KP,Rasŏn,KP-13,TRUE
kp|ryanggang,KP,Ryanggang,KP-10,TRUE
kr|busan,KR,Busan,KR-26,TRUE
kr|daegu,KR,Daegu,KR-27,TRUE
kr|daejeon,KR,Daejeon,KR-30,TRUE
kr|gangwon,KR,Gangwon,KR-42,TRUE
kr|gwangju,KR,Gwangju,KR-29,TRUE
kr|gyeonggi,KR,Gyeonggi,KR-41,TRUE
kr|incheon,KR,Incheon,KR-28,TRUE
kr|jeju,KR,Jeju,KR-49,TRUE
kr|north chungcheong,KR,North Chungcheong,KR-43,TRUE
kr|north gyeongsang,KR,North Gyeongsang,KR-47,TRUE
kr|north jeolla,KR,North Jeolla,KR-45,TRUE
kr|sejong,KR,Sejong,KR-50,TRUE
kr|seoul,KR,Seoul,KR-11,TRUE
kr|south chungcheong,KR,South Chungcheong,KR-44,TRUE
kr|south gyeongsang,KR,South Gyeongsang,KR-48,TRUE
kr|south jeolla,KR,South Jeolla,KR-46,TRUE
kr|ulsan,KR,Ulsan,KR-31,TRUE
kw|al ahmadi,KW,Al Ahmadi,KW-AH,TRUE
kw|al asimah,KW,Al Asimah,KW-KU,TRUE
kw|al farwaniyah,KW,Al Farwaniyah,KW-FA,TRUE
kw|al jahrah,KW,Al Jahrah,KW-JA,TRUE
kw|hawalli,KW,Hawalli,KW-HA,TRUE
kw|mubarak al-kabeer,KW,Mubarak Al-Kabeer,KW-MU,TRUE
kz|almaty,KZ,Almaty,KZ-ALA,TRUE
kz|aqmola,KZ,Aqmola,KZ-AKM,TRUE
kz|aqtöbe,KZ,Aqtöbe,KZ-AKT,TRUE
kz|astana,KZ,Astana,KZ-AST,TRUE
kz|atyrau,KZ,Atyrau,KZ-ATY,TRUE
kz|east kazakhstan,KZ,East Kazakhstan,KZ-VOS,TRUE
kz|mangghystau,KZ,Mangghystau,KZ-MAN,TRUE
kz|north kazakhstan,KZ,North Kazakhstan,KZ-SEV,TRUE
kz|pavlodar,KZ,Pavlodar,KZ-PAV,TRUE
kz|qaraghandy,KZ,Qaraghandy,KZ-KAR,TRUE
kz|qostanay,KZ,Qostanay,KZ-KUS,TRUE
kz|qyzylorda,KZ,Qyzylorda,KZ-KZY,TRUE
kz|south kazakhstan,KZ,South Kazakhstan,KZ-YUZ,TRUE
kz|west kazakhstan,KZ,West Kazakhstan,KZ-ZAP,TRUE
kz|zhambyl,KZ,Zhambyl,KZ-ZHA,TRUE
la|attapu,LA,Attapu,LA-AT,TRUE
la|bokeo,LA,Bokeo,LA-BK,TRUE
la|bolikhamxai,LA,Bolikhamxai,LA-BL,TRUE
la|champasak,LA,Champasak,LA-CH,TRUE
la|houaphan,LA,Houaphan,LA-HO,TRUE
la|khammouan,LA,Khammouan,LA-KH,TRUE
la|louang namtha,LA,Louang Namtha,LA-LM,TRUE
la|louangphrabang,LA,Louangphrabang,LA-LP,TRUE
la|oudômxai,LA,Oudômxai,LA-OU,TRUE
la|phôngsali,LA,Phôngsali,LA-PH,TRUE
la|saravan,LA,Saravan,LA-SL,TRUE
la|savannakhét,LA,Savannakhét,LA-SV,TRUE
la|vientiane,LA,Vientiane,LA-VI,TRUE
la|xaignabouri,LA,Xaignabouri,LA-XA,TRUE
la|xékong,LA,Xékong,LA-XE,TRUE
la|xiangkhoang,LA,Xiangkhoang,LA-XI,TRUE
lb|an nabatiyah,LB,An Nabatiyah,LB-NA,TRUE
lb|beirut,LB,Beirut,LB-BA,TRUE
lb|beqaa,LB,Beqaa,LB-BI,TRUE
lb|mount lebanon,LB,Mount Lebanon,LB-JL,TRUE
lb|north lebanon,LB,North Lebanon,LB-AS,TRUE
lb|south lebanon,LB,South Lebanon,LB-JA,TRUE
lc|anse-la-raye,LC,Anse-la-Raye,LC-01,TRUE
lc|castries,LC,Castries,LC-02,TRUE
lc|choiseul,LC,Choiseul,LC-03,TRUE
lc|dauphin,LC,Dauphin,LC-04,TRUE
lc|dennery,LC,Dennery,LC-05,TRUE
lc|gros islet,LC,Gros Islet,LC-06,TRUE
lc|laborie,LC,Laborie,LC-07,TRUE
lc|micoud,LC,Micoud,LC-08,TRUE
lc|praslin,LC,Praslin,LC-09,TRUE
lc|soufrière,LC,Soufrière,LC-10,TRUE
lc|vieux fort,LC,Vieux Fort,LC-11,TRUE
li|balzers,LI,Balzers,LI-01,TRUE
li|eschen,LI,Eschen,LI-02,TRUE
li|gamprin,LI,Gamprin,LI-03,TRUE
li|mauren,LI,Mauren,LI-04,TRUE
li|planken,LI,Planken,LI-05,TRUE
li|ruggell,LI,Ruggell,LI-06,TRUE
li|schaan,LI,Schaan,LI-07,TRUE
li|schellenberg,LI,Schellenberg,LI-08,TRUE
li|triesen,LI,Triesen,LI-09,TRUE
li|triesenberg,LI,Triesenberg,LI-10,TRUE
li|vaduz,LI,Vaduz,LI-11,TRUE
lk|ampāra,LK,Ampāra,LK-52,TRUE
lk|anurādhapura,LK,Anurādhapura,LK-71,TRUE
lk|badulla,LK,Badulla,LK-81,TRUE
lk|gālla,LK,Gālla,LK-31,TRUE
lk|gampaha,LK,Gampaha,LK-12,TRUE
lk|hambantŏṭa,LK,Hambantŏṭa,LK-33,TRUE
lk|kægalla,LK,Kægalla,LK-92,TRUE
lk|kaḷutara,LK,Kaḷutara,LK-13,TRUE
lk|kilinŏchchi,LK,Kilinŏchchi,LK-42,TRUE
lk|kŏḷamba,LK,Kŏḷamba,LK-11,TRUE
lk|kuruṇægala,LK,Kuruṇægala,LK-61,TRUE
lk|maḍakalapuva,LK,Maḍakalapuva,LK-51,TRUE
lk|mahanuvara,LK,Mahanuvara,LK-21,TRUE
lk|mannārama,LK,Mannārama,LK-43,TRUE
lk|mātale,LK,Mātale,LK-22,TRUE
lk|mātara,LK,Mātara,LK-32,TRUE
lk|mŏṇarāgala,LK,Mŏṇarāgala,LK-82,TRUE
lk|mulativ,LK,Mulativ,LK-45,TRUE
lk|nuvara ĕliya,LK,Nuvara Ĕliya,LK-23,TRUE
lk|pŏḷŏnnaruva,LK,Pŏḷŏnnaruva,LK-72,TRUE
lk|puttalama,LK,Puttalama,LK-62,TRUE
lk|ratnapura,LK,Ratnapura,LK-91,TRUE
lk|trikuṇāmalaya,LK,Trikuṇāmalaya,LK-53,TRUE
lk|vavuniyāva,LK,Vavuniyāva,LK-44,TRUE
lk|yāpanaya,LK,Yāpanaya,LK-41,TRUE
lr|bomi,LR,Bomi,LR-BM,TRUE
lr|bong,LR,Bong,LR-BG,TRUE
lr|gbapolu,LR,Gbapolu,LR-~1459,TRUE
lr|grand bassa,LR,Grand Bassa,LR-GB,TRUE
lr|grand cape mount,LR,Grand Cape Mount,LR-CM,TRUE
lr|grand gedeh,LR,Grand Gedeh,LR-GG,TRUE
lr|grand kru,LR,Grand Kru,LR-GK,TRUE
lr|lofa,LR,Lofa,LR-LO,TRUE
lr|margibi,LR,Margibi,LR-MG,TRUE
lr|maryland,LR,Maryland,LR-MY,TRUE
lr|montserrado,LR,Montserrado,LR-MO,TRUE
lr|nimba,LR,Nimba,LR-NI,TRUE
lr|river cess,LR,River Cess,LR-RI,TRUE
lr|river gee,LR,River Gee,LR-~1458,TRUE
lr|sinoe,LR,Sinoe,LR-SI,TRUE
ls|berea,LS,Berea,LS-D,TRUE
ls|butha-buthe,LS,Butha-Buthe,LS-B,TRUE
ls|leribe,LS,Leribe,LS-C,TRUE
ls|mafeteng,LS,Mafeteng,LS-E,TRUE
ls|maseru,LS,Maseru,LS-A,TRUE
ls|mohale's hoek,LS,Mohale's Hoek,LS-F,TRUE
ls|mokhotlong,LS,Mokhotlong,LS-J,TRUE
ls|qacha's nek,LS,Qacha's Nek,LS-H,TRUE
ls|quthing,LS,Quthing,LS-G,TRUE
ls|thaba-tseka,LS,Thaba-Tseka,LS-K,TRUE
lt|alytaus,LT,Alytaus,LT-AL,TRUE
lt|kauno,LT,Kauno,LT-KU,TRUE
lt|klaipedos,LT,Klaipedos,LT-KL,TRUE
lt|marijampoles,LT,Marijampoles,LT-MR,TRUE
lt|panevezio,LT,Panevezio,LT-PN,TRUE
lt|šiauliai,LT,Šiauliai,LT-SA,TRUE
lt|taurages,LT,Taurages,LT-TA,TRUE
lt|telšiai,LT,Telšiai,LT-TE,TRUE
lt|utenos,LT,Utenos,LT-UT,TRUE
lt|vilniaus,LT,Vilniaus,LT-VL,TRUE
lu|diekirch,LU,Diekirch,LU-D,TRUE
lu|grevenmacher,LU,Grevenmacher,LU-G,TRUE
lu|luxembourg,LU,Luxembourg,LU-L,TRUE
lv|ādaži,LV,Ādaži,LV-011,TRUE
lv|aglonas,LV,Aglonas,LV-001,TRUE
lv|aizkraukles,LV,Aizkraukles,LV-002,TRUE
lv|aizputes,LV,Aizputes,LV-003,TRUE
lv|aknistes,LV,Aknistes,LV-004,TRUE
lv|alojas,LV,Alojas,LV-005,TRUE
lv|alsungas,LV,Alsungas,LV-006,TRUE
lv|aluksne,LV,Aluksne,LV-007,TRUE
lv|amatas,LV,Amatas,LV-008,TRUE
lv|apes,LV,Apes,LV-009,TRUE
lv|auces,LV,Auces,LV-010,TRUE
lv|babites,LV,Babites,LV-012,TRUE
lv|baldones,LV,Baldones,LV-013,TRUE
lv|baltinavas,LV,Baltinavas,LV-014,TRUE
lv|balvu,LV,Balvu,LV-015,TRUE
lv|bauska,LV,Bauska,LV-016,TRUE
lv|beverinas,LV,Beverinas,LV-017,TRUE
lv|brocenu,LV,Brocenu,LV-018,TRUE
lv|burtnieku,LV,Burtnieku,LV-019,TRUE
lv|carnikavas,LV,Carnikavas,LV-020,TRUE
lv|cesu,LV,Cesu,LV-022,TRUE
lv|cesvaines,LV,Cesvaines,LV-021,TRUE
lv|ciblas,LV,Ciblas,LV-023,TRUE
lv|dagdas,LV,Dagdas,LV-024,TRUE
lv|daugavpils,LV,Daugavpils,LV-DGV,TRUE
lv|dobele,LV,Dobele,LV-026,TRUE
lv|dundagas,LV,Dundagas,LV-027,TRUE
lv|durbes,LV,Durbes,LV-028,TRUE
lv|engures,LV,Engures,LV-029,TRUE
lv|erglu,LV,Erglu,LV-030,TRUE
lv|garkalnes,LV,Garkalnes,LV-031,TRUE
lv|grobinas,LV,Grobinas,LV-032,TRUE
lv|gulbene,LV,Gulbene,LV-033,TRUE
lv|iecavas,LV,Iecavas,LV-034,TRUE
lv|ikskiles,LV,Ikskiles,LV-035,TRUE
lv|ilukstes,LV,Ilukstes,LV-036,TRUE
lv|incukalna,LV,Incukalna,LV-037,TRUE
lv|jaunjelgavas,LV,Jaunjelgavas,LV-038,TRUE
lv|jaunpiebalgas,LV,Jaunpiebalgas,LV-039,TRUE
lv|jaunpils,LV,Jaunpils,LV-040,TRUE
lv|jekabpils,LV,Jekabpils,LV-JKB,TRUE
lv|jelgava,LV,Jelgava,LV-JEL,TRUE
lv|jurmala,LV,Jurmala,LV-JUR,TRUE
lv|kandavas,LV,Kandavas,LV-043,TRUE
lv|karsavas,LV,Karsavas,LV-044,TRUE
lv|keguma,LV,Keguma,LV-051,TRUE
lv|kekavas,LV,Kekavas,LV-052,TRUE
lv|kocenu,LV,Kocenu,LV-045,TRUE
lv|kokneses,LV,Kokneses,LV-046,TRUE
lv|kraslavas,LV,Kraslavas,LV-047,TRUE
lv|krimuldas,LV,Krimuldas,LV-048,TRUE
lv|krustpils,LV,Krustpils,LV-049,TRUE
lv|kuldigas,LV,Kuldigas,LV-050,TRUE
lv|lielvardes,LV,Lielvardes,LV-053,TRUE
lv|liepāja,LV,Liepāja,LV-LPX,TRUE
lv|ligatnes,LV,Ligatnes,LV-055,TRUE
lv|limbaži,LV,Limbaži,LV-054,TRUE
lv|livanu,LV,Livanu,LV-056,TRUE
lv|lubanas,LV,Lubanas,LV-057,TRUE
lv|ludzas,LV,Ludzas,LV-058,TRUE
lv|madona,LV,Madona,LV-059,TRUE
lv|malpils,LV,Malpils,LV-061,TRUE
lv|marupes,LV,Marupes,LV-062,TRUE
lv|mazsalacas,LV,Mazsalacas,LV-060,TRUE
lv|mersraga,LV,Mersraga,LV-063,TRUE
lv|nauksenu,LV,Nauksenu,LV-064,TRUE
lv|neretas,LV,Neretas,LV-065,TRUE
lv|nicas,LV,Nicas,LV-066,TRUE
lv|ogre,LV,Ogre,LV-067,TRUE
lv|olaines,LV,Olaines,LV-068,TRUE
lv|ozolnieku,LV,Ozolnieku,LV-069,TRUE
lv|pargaujas,LV,Pargaujas,LV-070,TRUE
lv|pavilostas,LV,Pavilostas,LV-071,TRUE
lv|plavinu,LV,Plavinu,LV-072,TRUE
lv|preilu,LV,Preilu,LV-073,TRUE
lv|priekules,LV,Priekules,LV-074,TRUE
lv|priekulu,LV,Priekulu,LV-075,TRUE
lv|raunas,LV,Raunas,LV-076,TRUE
lv|rezeknes,LV,Rezeknes,LV-REZ,TRUE
lv|riebinu,LV,Riebinu,LV-078,TRUE
lv|riga,LV,Riga,LV-RIX,TRUE
lv|rojas,LV,Rojas,LV-079,TRUE
lv|ropazu,LV,Ropazu,LV-080,TRUE
lv|rucavas,LV,Rucavas,LV-081,TRUE
lv|rugaju,LV,Rugaju,LV-082,TRUE
lv|rujienas,LV,Rujienas,LV-084,TRUE
lv|rundales,LV,Rundales,LV-083,TRUE
lv|salacgrivas,LV,Salacgrivas,LV-085,TRUE
lv|salas,LV,Salas,LV-086,TRUE
lv|salaspils,LV,Salaspils,LV-087,TRUE
lv|saldus,LV,Saldus,LV-088,TRUE
lv|saulkrastu,LV,Saulkrastu,LV-089,TRUE
lv|sejas,LV,Sejas,LV-090,TRUE
lv|siguldas,LV,Siguldas,LV-091,TRUE
lv|skriveru,LV,Skriveru,LV-092,TRUE
lv|skrundas,LV,Skrundas,LV-093,TRUE
lv|smiltenes,LV,Smiltenes,LV-094,TRUE
lv|stopinu,LV,Stopinu,LV-095,TRUE
lv|strencu,LV,Strencu,LV-096,TRUE
lv|talsi,LV,Talsi,LV-097,TRUE
lv|tervetes,LV,Tervetes,LV-098,TRUE
lv|tukums,LV,Tukums,LV-099,TRUE
lv|vainodes,LV,Vainodes,LV-100,TRUE
lv|valkas,LV,Valkas,LV-101,TRUE
lv|valmiera,LV,Valmiera,LV-VMR,TRUE
lv|varaklanu,LV,Varaklanu,LV-102,TRUE
lv|varkavas,LV,Varkavas,LV-103,TRUE
lv|vecpiebalgas,LV,Vecpiebalgas,LV-104,TRUE
lv|vecumnieku,LV,Vecumnieku,LV-105,TRUE
lv|ventspils,LV,Ventspils,LV-VEN,TRUE
lv|viesites,LV,Viesites,LV-107,TRUE
lv|vilakas,LV,Vilakas,LV-108,TRUE
lv|vilanu,LV,Vilanu,LV-109,TRUE
lv|zilupes,LV,Zilupes,LV-110,TRUE
ly|ajdabiya,LY,Ajdabiya,LY-AJ,TRUE
ly|al butnan,LY,Al Butnan,LY-BU,TRUE
ly|al jabal al akhdar,LY,Al Jabal al Akhdar,LY-JA,TRUE
ly|al jifarah,LY,Al Jifarah,LY-JI,TRUE
ly|al jufrah,LY,Al Jufrah,LY-JU,TRUE
ly|al kufrah,LY,Al Kufrah,LY-KF,TRUE
ly|al marj,LY,Al Marj,LY-MJ,TRUE
ly|al marqab,LY,Al Marqab,LY-MB,TRUE
ly|al qubbah,LY,Al Qubbah,LY-QB,TRUE
ly|an nuqat al khams,LY,An Nuqat al Khams,LY-NQ,TRUE
ly|ash shati',LY,Ash Shati',LY-WS,TRUE
ly|az zawiyah,LY,Az Zawiyah,LY-ZA,TRUE
ly|benghazi,LY,Benghazi,LY-BA,TRUE
ly|ghadamis,LY,Ghadamis,LY-GD,TRUE
ly|ghat,LY,Ghat,LY-GT,TRUE
ly|misratah,LY,Misratah,LY-MI,TRUE
ly|mizdah,LY,Mizdah,LY-MZ,TRUE
ly|murzuq,LY,Murzuq,LY-MQ,TRUE
ly|sabha,LY,Sabha,LY-SB,TRUE
ly|surt,LY,Surt,LY-SR,TRUE
ly|tajura' wa an nawahi al arba,LY,Tajura' wa an Nawahi al Arba,LY-TN,TRUE
ly|wadi al hayaa,LY,Wadi al Hayaa,LY-WD,TRUE
ma|chaouia - ouardigha,MA,Chaouia - Ouardigha,MA-09,TRUE
ma|doukkala - abda,MA,Doukkala - Abda,MA-10,TRUE
ma|fès - boulemane,MA,Fès - Boulemane,MA-05,TRUE
ma|gharb - chrarda - béni hssen,MA,Gharb - Chrarda - Béni Hssen,MA-02,TRUE
ma|grand casablanca,MA,Grand Casablanca,MA-08,TRUE
ma|guelmim - es-semara,MA,Guelmim - Es-Semara,MA-14,TRUE
ma|laâyoune - boujdour - sakia el hamra,MA,Laâyoune - Boujdour - Sakia El Hamra,MA-15,TRUE
ma|marrakech - tensift - al haouz,MA,Marrakech - Tensift - Al Haouz,MA-11,TRUE
ma|meknès - tafilalet,MA,Meknès - Tafilalet,MA-06,TRUE
ma|oriental,MA,Oriental,MA-04,TRUE
ma|oued el dahab,MA,Oued el Dahab,MA-16,TRUE
ma|rabat - salé - zemmour - zaer,MA,Rabat - Salé - Zemmour - Zaer,MA-07,TRUE
ma|souss - massa - draâ,MA,Souss - Massa - Draâ,MA-13,TRUE
ma|tadla - azilal,MA,Tadla - Azilal,MA-12,TRUE
ma|tanger - tétouan,MA,Tanger - Tétouan,MA-01,TRUE
ma|taza - al hoceima - taounate,MA,Taza - Al Hoceima - Taounate,MA-03,TRUE
md|anenii noi,MD,Anenii Noi,MD-AN,TRUE
md|bălţi,MD,Bălţi,MD-BA,TRUE
md|basarabeasca,MD,Basarabeasca,MD-BS,TRUE
md|bender,MD,Bender,MD-BD,TRUE
md|briceni,MD,Briceni,MD-BR,TRUE
md|cahul,MD,Cahul,MD-CA,TRUE
md|călărași,MD,Călărași,MD-CL,TRUE
md|camenca,MD,Camenca,MD-CAM,TRUE
md|cantemir,MD,Cantemir,MD-CT,TRUE
md|causeni,MD,Causeni,MD-CS,TRUE
md|chişinău,MD,Chişinău,MD-CU,TRUE
md|cimişlia,MD,Cimişlia,MD-CM,TRUE
md|comrat,MD,Comrat,MD-GA,TRUE
md|criuleni,MD,Criuleni,MD-CR,TRUE
md|donduseni,MD,Donduseni,MD-DO,TRUE
md|drochia,MD,Drochia,MD-DR,TRUE
md|edineţ,MD,Edineţ,MD-ED,TRUE
md|făleşti,MD,Făleşti,MD-FA,TRUE
md|floreşti,MD,Floreşti,MD-FL,TRUE
md|glodeni,MD,Glodeni,MD-GL,TRUE
md|grigoriopol,MD,Grigoriopol,MD-GRI,TRUE
md|hîncesti,MD,Hîncesti,MD-HI,TRUE
md|ialoveni,MD,Ialoveni,MD-IA,TRUE
md|leova,MD,Leova,MD-LE,TRUE
md|nisporeni,MD,Nisporeni,MD-NI,TRUE
md|ocniţa,MD,Ocniţa,MD-OC,TRUE
md|orhei,MD,Orhei,MD-OR,TRUE
md|rezina,MD,Rezina,MD-RE,TRUE
md|rîşcani,MD,Rîşcani,MD-RI,TRUE
md|sîngerei,MD,Sîngerei,MD-SI,TRUE
md|şoldăneşti,MD,Şoldăneşti,MD-SD,TRUE
md|soroca,MD,Soroca,MD-SO,TRUE
md|ștefan vodă,MD,Ștefan Vodă,MD-SV,TRUE
md|stîngă nistrului,MD,Stîngă Nistrului,MD-SN,TRUE
md|străşeni,MD,Străşeni,MD-ST,TRUE
md|taraclia,MD,Taraclia,MD-TA,TRUE
md|teleneşti,MD,Teleneşti,MD-TE,TRUE
md|ungheni,MD,Ungheni,MD-UN,TRUE
me|andrijevica,ME,Andrijevica,ME-01,TRUE
me|bar,ME,Bar,ME-02,TRUE
me|berane,ME,Berane,ME-03,TRUE
me|bijelo polje,ME,Bijelo Polje,ME-04,TRUE
me|budva,ME,Budva,ME-05,TRUE
me|cetinje,ME,Cetinje,ME-06,TRUE
me|danilovgrad,ME,Danilovgrad,ME-07,TRUE
me|herceg novi,ME,Herceg Novi,ME-08,TRUE
me|kolašin,ME,Kolašin,ME-09,TRUE
me|kotor,ME,Kotor,ME-10,TRUE
me|mojkovac,ME,Mojkovac,ME-11,TRUE
me|nikšic,ME,Nikšic,ME-12,TRUE
me|plav,ME,Plav,ME-13,TRUE
me|pljevlja,ME,Pljevlja,ME-14,TRUE
me|plužine,ME,Plužine,ME-15,TRUE
me|podgorica,ME,Podgorica,ME-16,TRUE
me|rožaje,ME,Rožaje,ME-17,TRUE
me|šavnik,ME,Šavnik,ME-18,TRUE
me|tivat,ME,Tivat,ME-19,TRUE
me|ulcinj,ME,Ulcinj,ME-20,TRUE
me|žabljak,ME,Žabljak,ME-21,TRUE
mg|antananarivo,MG,Antananarivo,MG-T,TRUE
mg|antsiranana,MG,Antsiranana,MG-D,TRUE
mg|fianarantsoa,MG,Fianarantsoa,MG-F,TRUE
mg|mahajanga,MG,Mahajanga,MG-M,TRUE
mg|toamasina,MG,Toamasina,MG-A,TRUE
mg|toliara,MG,Toliara,MG-U,TRUE
mh|railik chain,MH,Railik Chain,MH-L,TRUE
mh|ratak chain,MH,Ratak Chain,MH-T,TRUE
mk|aerodrom,MK,Aerodrom,MK-01,TRUE
mk|aračinovo,MK,Aračinovo,MK-02,TRUE
mk|berovo,MK,Berovo,MK-03,TRUE
mk|bitola,MK,Bitola,MK-04,TRUE
mk|bogdanci,MK,Bogdanci,MK-05,TRUE
mk|bogovinje,MK,Bogovinje,MK-06,TRUE
mk|bosilovo,MK,Bosilovo,MK-07,TRUE
mk|brod,MK,Brod,MK-52,TRUE
mk|brvenica,MK,Brvenica,MK-08,TRUE
mk|butel,MK,Butel,MK-09,TRUE
mk|čair,MK,Čair,MK-79,TRUE
mk|čaška,MK,Čaška,MK-80,TRUE
mk|centar,MK,Centar,MK-77,TRUE
mk|centar župa,MK,Centar župa,MK-78,TRUE
mk|češinovo-obleševo,MK,Češinovo-Obleševo,MK-81,TRUE
mk|čučer sandevo,MK,Čučer Sandevo,MK-82,TRUE
mk|debar,MK,Debar,MK-21,TRUE
mk|debarca,MK,Debarca,MK-22,TRUE
mk|delčevo,MK,Delčevo,MK-23,TRUE
mk|demir hisar,MK,Demir Hisar,MK-25,TRUE
mk|demir kapija,MK,Demir Kapija,MK-24,TRUE
mk|dojran,MK,Dojran,MK-26,TRUE
mk|dolneni,MK,Dolneni,MK-27,TRUE
mk|drugovo,MK,Drugovo,MK-28,TRUE
mk|gazi baba,MK,Gazi Baba,MK-17,TRUE
mk|gevgelija,MK,Gevgelija,MK-18,TRUE
mk|gjorče petrov,MK,Gjorče Petrov,MK-29,TRUE
mk|gostivar,MK,Gostivar,MK-19,TRUE
mk|gradsko,MK,Gradsko,MK-20,TRUE
mk|ilinden,MK,Ilinden,MK-34,TRUE
mk|jegunovce,MK,Jegunovce,MK-35,TRUE
mk|karbinci,MK,Karbinci,MK-37,TRUE
mk|karpoš,MK,Karpoš,MK-38,TRUE
mk|kavadartsi,MK,Kavadartsi,MK-36,TRUE
mk|kičevo,MK,Kičevo,MK-40,TRUE
mk|kisela voda,MK,Kisela Voda,MK-39,TRUE
mk|kočani,MK,Kočani,MK-42,TRUE
mk|konče,MK,Konče,MK-41,TRUE
mk|kratovo,MK,Kratovo,MK-43,TRUE
mk|kriva palanka,MK,Kriva Palanka,MK-44,TRUE
mk|krivogaštani,MK,Krivogaštani,MK-45,TRUE
mk|kruševo,MK,Kruševo,MK-46,TRUE
mk|kumanovo,MK,Kumanovo,MK-47,TRUE
mk|lipkovo,MK,Lipkovo,MK-48,TRUE
mk|lozovo,MK,Lozovo,MK-49,TRUE
mk|makedonska kamenica,MK,Makedonska Kamenica,MK-51,TRUE
mk|mavrovo and rostusa,MK,Mavrovo and Rostusa,MK-50,TRUE
mk|mogila,MK,Mogila,MK-53,TRUE
mk|negotino,MK,Negotino,MK-54,TRUE
mk|novaci,MK,Novaci,MK-55,TRUE
mk|novo selo,MK,Novo Selo,MK-56,TRUE
mk|ohrid,MK,Ohrid,MK-58,TRUE
mk|oslomej,MK,Oslomej,MK-57,TRUE
mk|pehčevo,MK,Pehčevo,MK-60,TRUE
mk|plasnica,MK,Plasnica,MK-61,TRUE
mk|prilep,MK,Prilep,MK-62,TRUE
mk|probištip,MK,Probištip,MK-63,TRUE
mk|radoviš,MK,Radoviš,MK-64,TRUE
mk|rankovce,MK,Rankovce,MK-65,TRUE
mk|resen,MK,Resen,MK-66,TRUE
mk|rosoman,MK,Rosoman,MK-67,TRUE
mk|saraj,MK,Saraj,MK-68,TRUE
mk|skopje,MK,Skopje,MK-85,TRUE
mk|sopište,MK,Sopište,MK-70,TRUE
mk|staro nagoričane,MK,Staro Nagoričane,MK-71,TRUE
mk|štip,MK,Štip,MK-83,TRUE
mk|struga,MK,Struga,MK-72,TRUE
mk|strumitsa,MK,Strumitsa,MK-73,TRUE
mk|studeničani,MK,Studeničani,MK-74,TRUE
mk|šuto orizari,MK,Šuto Orizari,MK-84,TRUE
mk|sveti nikole,MK,Sveti Nikole,MK-69,TRUE
mk|tearce,MK,Tearce,MK-75,TRUE
mk|tetovo,MK,Tetovo,MK-76,TRUE
mk|valandovo,MK,Valandovo,MK-10,TRUE
mk|vasilevo,MK,Vasilevo,MK-11,TRUE
mk|veles,MK,Veles,MK-13,TRUE
mk|vevčani,MK,Vevčani,MK-12,TRUE
mk|vinica,MK,Vinica,MK-14,TRUE
mk|vraneštica,MK,Vraneštica,MK-15,TRUE
mk|vrapcište,MK,Vrapcište,MK-16,TRUE
mk|zajas,MK,Zajas,MK-31,TRUE
mk|zelenikovo,MK,Zelenikovo,MK-32,TRUE
mk|želino,MK,Želino,MK-30,TRUE
mk|zrnovci,MK,Zrnovci,MK-33,TRUE
ml|bamako,ML,Bamako,ML-BKO,TRUE
ml|gao,ML,Gao,ML-7,TRUE
ml|kayes,ML,Kayes,ML-1,TRUE
ml|kidal,ML,Kidal,ML-8,TRUE
ml|koulikoro,ML,Koulikoro,ML-2,TRUE
ml|mopti,ML,Mopti,ML-5,TRUE
ml|ségou,ML,Ségou,ML-4,TRUE
ml|sikasso,ML,Sikasso,ML-3,TRUE
ml|timbuktu,ML,Timbuktu,ML-6,TRUE
mm|ayeyarwady,MM,Ayeyarwady,MM-07,TRUE
mm|bago,MM,Bago,MM-02,TRUE
mm|chin,MM,Chin,MM-14,TRUE
mm|kachin,MM,Kachin,MM-11,TRUE
mm|kayah,MM,Kayah,MM-12,TRUE
mm|kayin,MM,Kayin,MM-13,TRUE
mm|magway,MM,Magway,MM-03,TRUE
mm|mandalay,MM,Mandalay,MM-04,TRUE
mm|mon,MM,Mon,MM-15,TRUE
mm|rakhine,MM,Rakhine,MM-16,TRUE
mm|sagaing,MM,Sagaing,MM-01,TRUE
mm|shan,MM,Shan,MM-17,TRUE
mm|tanintharyi,MM,Tanintharyi,MM-05,TRUE
mm|yangon,MM,Yangon,MM-06,TRUE
mn|arhangay,MN,Arhangay,MN-073,TRUE
mn|bayan-ölgiy,MN,Bayan-Ölgiy,MN-071,TRUE
mn|bayanhongor,MN,Bayanhongor,MN-069,TRUE
mn|bulgan,MN,Bulgan,MN-067,TRUE
mn|darhan-uul,MN,Darhan-Uul,MN-037,TRUE
mn|dornod,MN,Dornod,MN-061,TRUE
mn|dornogovi,MN,Dornogovi,MN-063,TRUE
mn|dundgovi,MN,Dundgovi,MN-059,TRUE
mn|dzavhan,MN,Dzavhan,MN-057,TRUE
mn|govi-altay,MN,Govi-Altay,MN-065,TRUE
mn|govĭ-sümber,MN,Govĭ-Sümber,MN-064,TRUE
mn|hentiy,MN,Hentiy,MN-039,TRUE
mn|hovd,MN,Hovd,MN-043,TRUE
mn|hövsgöl,MN,Hövsgöl,MN-041,TRUE
mn|ömnögovi,MN,Ömnögovi,MN-053,TRUE
mn|orhon,MN,Orhon,MN-035,TRUE
mn|övörhangay,MN,Övörhangay,MN-055,TRUE
mn|selenge,MN,Selenge,MN-049,TRUE
mn|sühbaatar,MN,Sühbaatar,MN-051,TRUE
mn|töv,MN,Töv,MN-047,TRUE
mn|ulaanbaatar,MN,Ulaanbaatar,MN-1,TRUE
mn|uvs,MN,Uvs,MN-046,TRUE
mp|northern islands,MP,Northern Islands,MP-~4940,TRUE
mp|rota,MP,Rota,MP-~4937,TRUE
mp|saipan,MP,Saipan,MP-~4939,TRUE
mp|tinian,MP,Tinian,MP-~4938,TRUE
mr|adrar,MR,Adrar,MR-07,TRUE
mr|assaba,MR,Assaba,MR-03,TRUE
mr|brakna,MR,Brakna,MR-05,TRUE
mr|dakhlet nouadhibou,MR,Dakhlet Nouadhibou,MR-08,TRUE
mr|gorgol,MR,Gorgol,MR-04,TRUE
mr|guidimaka,MR,Guidimaka,MR-10,TRUE
mr|hodh ech chargui,MR,Hodh ech Chargui,MR-01,TRUE
mr|hodh el gharbi,MR,Hodh el Gharbi,MR-02,TRUE
mr|inchiri,MR,Inchiri,MR-12,TRUE
mr|nouakchott,MR,Nouakchott,MR-NKC,TRUE
mr|tagant,MR,Tagant,MR-09,TRUE
mr|tiris zemmour,MR,Tiris Zemmour,MR-11,TRUE
mr|trarza,MR,Trarza,MR-06,TRUE
ms|saint anthony,MS,Saint Anthony,MS-A,TRUE
ms|saint georges,MS,Saint Georges,MS-G,TRUE
ms|saint peter,MS,Saint Peter,MS-P,TRUE
mt|attard,MT,Attard,MT-01,TRUE
mt|balzan,MT,Balzan,MT-02,TRUE
mt|birgu,MT,Birgu,MT-03,TRUE
mt|birkirkara,MT,Birkirkara,MT-04,TRUE
mt|birżebbuġa,MT,Birżebbuġa,MT-05,TRUE
mt|cospicua,MT,Cospicua,MT-06,TRUE
mt|dingli,MT,Dingli,MT-07,TRUE
mt|fgura,MT,Fgura,MT-08,TRUE
mt|floriana,MT,Floriana,MT-09,TRUE
"mt|fontana, gozo",MT,"Fontana, Gozo",MT-10,TRUE
mt|għajnsielem,MT,Għajnsielem,MT-13,TRUE
mt|għarb,MT,Għarb,MT-14,TRUE
mt|għargħur,MT,Għargħur,MT-15,TRUE
mt|għasri,MT,Għasri,MT-16,TRUE
mt|għaxaq,MT,Għaxaq,MT-17,TRUE
mt|gudja,MT,Gudja,MT-11,TRUE
mt|gżira,MT,Gżira,MT-12,TRUE
mt|ħamrun,MT,Ħamrun,MT-18,TRUE
mt|iklin,MT,Iklin,MT-19,TRUE
mt|isla,MT,Isla,MT-20,TRUE
mt|kalkara,MT,Kalkara,MT-21,TRUE
mt|kerċem,MT,Kerċem,MT-22,TRUE
mt|kirkop,MT,Kirkop,MT-23,TRUE
mt|lija,MT,Lija,MT-24,TRUE
mt|luqa,MT,Luqa,MT-25,TRUE
mt|marsa,MT,Marsa,MT-26,TRUE
mt|marsaskala,MT,Marsaskala,MT-27,TRUE
mt|marsaxlokk,MT,Marsaxlokk,MT-28,TRUE
mt|mdina,MT,Mdina,MT-29,TRUE
mt|mellieħa,MT,Mellieħa,MT-30,TRUE
mt|mġarr,MT,Mġarr,MT-31,TRUE
mt|mosta,MT,Mosta,MT-32,TRUE
mt|mqabba,MT,Mqabba,MT-33,TRUE
mt|msida,MT,Msida,MT-34,TRUE
mt|mtarfa,MT,Mtarfa,MT-35,TRUE
mt|munxar,MT,Munxar,MT-36,TRUE
mt|nadur,MT,Nadur,MT-37,TRUE
mt|naxxar,MT,Naxxar,MT-38,TRUE
mt|paola,MT,Paola,MT-39,TRUE
mt|pembroke,MT,Pembroke,MT-40,TRUE
mt|pietà,MT,Pietà,MT-41,TRUE
mt|qala,MT,Qala,MT-42,TRUE
mt|qormi,MT,Qormi,MT-43,TRUE
mt|qrendi,MT,Qrendi,MT-44,TRUE
mt|rabat,MT,Rabat,MT-46,TRUE
mt|safi,MT,Safi,MT-47,TRUE
mt|san giljan,MT,San Giljan,MT-48,TRUE
mt|san ġwann,MT,San Ġwann,MT-49,TRUE
mt|san lawrenz,MT,San Lawrenz,MT-50,TRUE
mt|san pawl il-bahar,MT,San Pawl il-Bahar,MT-51,TRUE
mt|sannat,MT,Sannat,MT-52,TRUE
mt|santa luċija,MT,Santa Luċija,MT-53,TRUE
mt|santa venera,MT,Santa Venera,MT-54,TRUE
mt|siġġiewi,MT,Siġġiewi,MT-55,TRUE
mt|sliema,MT,Sliema,MT-56,TRUE
mt|swieqi,MT,Swieqi,MT-57,TRUE
mt|ta' xbiex,MT,Ta' Xbiex,MT-58,TRUE
mt|tarxien,MT,Tarxien,MT-59,TRUE
mt|valletta,MT,Valletta,MT-60,TRUE
mt|victoria,MT,Victoria,MT-45,TRUE
mt|xagħra,MT,Xagħra,MT-61,TRUE
mt|xewkija,MT,Xewkija,MT-62,TRUE
mt|xgħajra,MT,Xgħajra,MT-63,TRUE
mt|żabbar,MT,Żabbar,MT-64,TRUE
mt|żebbuġ,MT,Żebbuġ,MT-66,TRUE
mt|żebbuġ (2),MT,Żebbuġ (2),MT-65,TRUE
mt|żejtun,MT,Żejtun,MT-67,TRUE
mt|żurrieq,MT,Żurrieq,MT-68,TRUE
mu|agaléga,MU,Agaléga,MU-AG,TRUE
mu|beau bassin-rose hill,MU,Beau Bassin-Rose Hill,MU-BR,TRUE
mu|curepipe,MU,Curepipe,MU-CU,TRUE
mu|flacq,MU,Flacq,MU-FL,TRUE
mu|grand port,MU,Grand Port,MU-GP,TRUE
mu|moka,MU,Moka,MU-MO,TRUE
mu|pamplemousses,MU,Pamplemousses,MU-PA,TRUE
mu|plaines wilhems,MU,Plaines Wilhems,MU-PW,TRUE
mu|port louis,MU,Port Louis,MU-PL,TRUE
mu|quatre bornes,MU,Quatre Bornes,MU-QB,TRUE
mu|rivière du rempart,MU,Rivière du Rempart,MU-RR,TRUE
mu|rivière noire,MU,Rivière Noire,MU-BL,TRUE
mu|rodrigues,MU,Rodrigues,MU-RO,TRUE
mu|savanne,MU,Savanne,MU-SA,TRUE
mu|vacoas-phoenix,MU,Vacoas-Phoenix,MU-VP,TRUE
mv|addu,MV,Addu,MV-01,TRUE
mv|alifu alifu,MV,Alifu Alifu,MV-02,TRUE
mv|alifu dhaalu,MV,Alifu Dhaalu,MV-00,TRUE
mv|baa,MV,Baa,MV-20,TRUE
mv|dhaalu,MV,Dhaalu,MV-17,TRUE
mv|faafu,MV,Faafu,MV-14,TRUE
mv|gaafu alifu,MV,Gaafu Alifu,MV-27,TRUE
mv|gaafu dhaalu,MV,Gaafu Dhaalu,MV-28,TRUE
mv|gnaviyani,MV,Gnaviyani,MV-29,TRUE
mv|haa alifu,MV,Haa Alifu,MV-07,TRUE
mv|haa dhaalu,MV,Haa Dhaalu,MV-23,TRUE
mv|kaafu,MV,Kaafu,MV-26,TRUE
mv|laamu,MV,Laamu,MV-05,TRUE
mv|lhaviyani,MV,Lhaviyani,MV-03,TRUE
mv|malé,MV,Malé,MV-12,TRUE
mv|noonu,MV,Noonu,MV-25,TRUE
mv|raa,MV,Raa,MV-13,TRUE
mv|shaviyani,MV,Shaviyani,MV-24,TRUE
mv|thaa,MV,Thaa,MV-08,TRUE
mv|vaavu,MV,Vaavu,MV-04,TRUE
mw|balaka,MW,Balaka,MW-BA,TRUE
mw|blantyre,MW,Blantyre,MW-BL,TRUE
mw|chikwawa,MW,Chikwawa,MW-CK,TRUE
mw|chiradzulu,MW,Chiradzulu,MW-CR,TRUE
mw|chitipa,MW,Chitipa,MW-CT,TRUE
mw|dedza,MW,Dedza,MW-DE,TRUE
mw|dowa,MW,Dowa,MW-DO,TRUE
mw|kasungu,MW,Kasungu,MW-KS,TRUE
mw|likoma,MW,Likoma,MW-LK,TRUE
mw|lilongwe,MW,Lilongwe,MW-LI,TRUE
mw|machinga,MW,Machinga,MW-MH,TRUE
mw|mangochi,MW,Mangochi,MW-MG,TRUE
mw|mchinji,MW,Mchinji,MW-MC,TRUE
mw|mulanje,MW,Mulanje,MW-MU,TRUE
mw|mwanza,MW,Mwanza,MW-MW,TRUE
mw|mzimba,MW,Mzimba,MW-MZ,TRUE
mw|neno,MW,Neno,MW-NE,TRUE
mw|nkhata bay,MW,Nkhata Bay,MW-NB,TRUE
mw|nkhotakota,MW,Nkhotakota,MW-NK,TRUE
mw|nsanje,MW,Nsanje,MW-NS,TRUE
mw|ntcheu,MW,Ntcheu,MW-NU,TRUE
mw|ntchisi,MW,Ntchisi,MW-NI,TRUE
mw|phalombe,MW,Phalombe,MW-PH,TRUE
mw|rumphi,MW,Rumphi,MW-RU,TRUE
mw|salima,MW,Salima,MW-SA,TRUE
mw|thyolo,MW,Thyolo,MW-TH,TRUE
mw|zomba,MW,Zomba,MW-ZO,TRUE
mx|aguascalientes,MX,Aguascalientes,MX-AGU,TRUE
mx|baja california,MX,Baja California,MX-BCN,TRUE
mx|baja california sur,MX,Baja California Sur,MX-BCS,TRUE
mx|campeche,MX,Campeche,MX-CAM,TRUE
mx|chiapas,MX,Chiapas,MX-CHP,TRUE
mx|chihuahua,MX,Chihuahua,MX-CHH,TRUE
mx|coahuila,MX,Coahuila,MX-COA,TRUE
mx|colima,MX,Colima,MX-COL,TRUE
mx|distrito federal,MX,Distrito Federal,MX-DIF,TRUE
mx|durango,MX,Durango,MX-DUR,TRUE
mx|guanajuato,MX,Guanajuato,MX-GUA,TRUE
mx|guerrero,MX,Guerrero,MX-GRO,TRUE
mx|hidalgo,MX,Hidalgo,MX-HID,TRUE
mx|jalisco,MX,Jalisco,MX-JAL,TRUE
mx|méxico,MX,México,MX-MEX,TRUE
mx|michoacán,MX,Michoacán,MX-MIC,TRUE
mx|morelos,MX,Morelos,MX-MOR,TRUE
mx|nayarit,MX,Nayarit,MX-NAY,TRUE
mx|nuevo león,MX,Nuevo León,MX-NLE,TRUE
mx|oaxaca,MX,Oaxaca,MX-OAX,TRUE
mx|puebla,MX,Puebla,MX-PUE,TRUE
mx|querétaro,MX,Querétaro,MX-QUE,TRUE
mx|quintana roo,MX,Quintana Roo,MX-ROO,TRUE
mx|san luis potosí,MX,San Luis Potosí,MX-SLP,TRUE
mx|sinaloa,MX,Sinaloa,MX-SIN,TRUE
mx|sonora,MX,Sonora,MX-SON,TRUE
mx|tabasco,MX,Tabasco,MX-TAB,TRUE
mx|tamaulipas,MX,Tamaulipas,MX-TAM,TRUE
mx|tlaxcala,MX,Tlaxcala,MX-TLA,TRUE
mx|unnamed area,MX,Unnamed area,MX-~10110,TRUE
mx|veracruz,MX,Veracruz,MX-VER,TRUE
mx|yucatán,MX,Yucatán,MX-YUC,TRUE
mx|zacatecas,MX,Zacatecas,MX-ZAC,TRUE
my|johor,MY,Johor,MY-01,TRUE
my|kedah,MY,Kedah,MY-02,TRUE
my|kelantan,MY,Kelantan,MY-03,TRUE
my|kuala lumpur,MY,Kuala Lumpur,MY-14,TRUE
my|labuan,MY,Labuan,MY-15,TRUE
my|melaka,MY,Melaka,MY-04,TRUE
my|negeri sembilan,MY,Negeri Sembilan,MY-05,TRUE
my|pahang,MY,Pahang,MY-06,TRUE
my|perak,MY,Perak,MY-08,TRUE
my|perlis,MY,Perlis,MY-09,TRUE
my|pulau pinang,MY,Pulau Pinang,MY-07,TRUE
my|putrajaya,MY,Putrajaya,MY-16,TRUE
my|sabah,MY,Sabah,MY-12,TRUE
my|sarawak,MY,Sarawak,MY-13,TRUE
my|selangor,MY,Selangor,MY-10,TRUE
my|terengganu,MY,Terengganu,MY-11,TRUE
mz|cabo delgado,MZ,Cabo Delgado,MZ-P,TRUE
mz|gaza,MZ,Gaza,MZ-G,TRUE
mz|inhambane,MZ,Inhambane,MZ-I,TRUE
mz|manica,MZ,Manica,MZ-B,TRUE
mz|maputo,MZ,Maputo,MZ-L,TRUE
mz|nampula,MZ,Nampula,MZ-N,TRUE
mz|niassa,MZ,Niassa,MZ-A,TRUE
mz|sofala,MZ,Sofala,MZ-S,TRUE
mz|tete,MZ,Tete,MZ-T,TRUE
mz|zambezia,MZ,Zambezia,MZ-Q,TRUE
na|caprivi,NA,Caprivi,NA-CA,TRUE
na|erongo,NA,Erongo,NA-ER,TRUE
na|hardap,NA,Hardap,NA-HA,TRUE
na|karas,NA,Karas,NA-KA,TRUE
na|kavango,NA,Kavango,NA-OK,TRUE
na|khomas,NA,Khomas,NA-KH,TRUE
na|kunene,NA,Kunene,NA-KU,TRUE
na|ohangwena,NA,Ohangwena,NA-OW,TRUE
na|omaheke,NA,Omaheke,NA-OH,TRUE
na|omusati,NA,Omusati,NA-OS,TRUE
na|oshana,NA,Oshana,NA-ON,TRUE
na|oshikoto,NA,Oshikoto,NA-OT,TRUE
na|otjozondjupa,NA,Otjozondjupa,NA-OD,TRUE
nc|îles loyauté,NC,Îles Loyauté,NC-~1258,TRUE
nc|nord,NC,Nord,NC-~559,TRUE
nc|sud,NC,Sud,NC-~1259,TRUE
ne|agadez,NE,Agadez,NE-1,TRUE
ne|diffa,NE,Diffa,NE-2,TRUE
ne|dosso,NE,Dosso,NE-3,TRUE
ne|maradi,NE,Maradi,NE-4,TRUE
ne|niamey,NE,Niamey,NE-8,TRUE
ne|tahoua,NE,Tahoua,NE-5,TRUE
ne|tillabéri,NE,Tillabéri,NE-6,TRUE
ne|zinder,NE,Zinder,NE-7,TRUE
ng|abia,NG,Abia,NG-AB,TRUE
ng|adamawa,NG,Adamawa,NG-AD,TRUE
ng|akwa ibom,NG,Akwa Ibom,NG-AK,TRUE
ng|anambra,NG,Anambra,NG-AN,TRUE
ng|bauchi,NG,Bauchi,NG-BA,TRUE
ng|bayelsa,NG,Bayelsa,NG-BY,TRUE
ng|benue,NG,Benue,NG-BE,TRUE
ng|borno,NG,Borno,NG-BO,TRUE
ng|cross river,NG,Cross River,NG-CR,TRUE
ng|delta,NG,Delta,NG-DE,TRUE
ng|ebonyi,NG,Ebonyi,NG-EB,TRUE
ng|edo,NG,Edo,NG-ED,TRUE
ng|ekiti,NG,Ekiti,NG-EK,TRUE
ng|enugu,NG,Enugu,NG-EN,TRUE
ng|federal capital territory,NG,Federal Capital Territory,NG-FC,TRUE
ng|gombe,NG,Gombe,NG-GO,TRUE
ng|imo,NG,Imo,NG-IM,TRUE
ng|jigawa,NG,Jigawa,NG-JI,TRUE
ng|kaduna,NG,Kaduna,NG-KD,TRUE
ng|kano,NG,Kano,NG-KN,TRUE
ng|katsina,NG,Katsina,NG-KT,TRUE
ng|kebbi,NG,Kebbi,NG-KE,TRUE
ng|kogi,NG,Kogi,NG-KO,TRUE
ng|kwara,NG,Kwara,NG-KW,TRUE
ng|lagos,NG,Lagos,NG-LA,TRUE
ng|nassarawa,NG,Nassarawa,NG-NA,TRUE
ng|niger,NG,Niger,NG-NI,TRUE
ng|ogun,NG,Ogun,NG-OG,TRUE
ng|ondo,NG,Ondo,NG-ON,TRUE
ng|osun,NG,Osun,NG-OS,TRUE
ng|oyo,NG,Oyo,NG-OY,TRUE
ng|plateau,NG,Plateau,NG-PL,TRUE
ng|rivers,NG,Rivers,NG-RI,TRUE
ng|sokoto,NG,Sokoto,NG-SO,TRUE
ng|taraba,NG,Taraba,NG-TA,TRUE
ng|yobe,NG,Yobe,NG-YO,TRUE
ng|zamfara,NG,Zamfara,NG-ZA,TRUE
ni|atlántico norte,NI,Atlántico Norte,NI-AN,TRUE
ni|atlántico sur,NI,Atlántico Sur,NI-AS,TRUE
ni|boaco,NI,Boaco,NI-BO,TRUE
ni|carazo,NI,Carazo,NI-CA,TRUE
ni|chinandega,NI,Chinandega,NI-CI,TRUE
ni|chontales,NI,Chontales,NI-CO,TRUE
ni|estelí,NI,Estelí,NI-ES,TRUE
ni|granada,NI,Granada,NI-GR,TRUE
ni|jinotega,NI,Jinotega,NI-JI,TRUE
ni|león,NI,León,NI-LE,TRUE
ni|madriz,NI,Madriz,NI-MD,TRUE
ni|managua,NI,Managua,NI-MN,TRUE
ni|masaya,NI,Masaya,NI-MS,TRUE
ni|matagalpa,NI,Matagalpa,NI-MT,TRUE
ni|nueva segovia,NI,Nueva Segovia,NI-NS,TRUE
ni|rio san juan,NI,Rio San Juan,NI-SJ,TRUE
ni|rivas,NI,Rivas,NI-RI,TRUE
nl|bonaire,NL,Bonaire,NL-BQ1,TRUE
nl|drenthe,NL,Drenthe,NL-DR,TRUE
nl|flevoland,NL,Flevoland,NL-FL,TRUE
nl|friesland,NL,Friesland,NL-FR,TRUE
nl|gelderland,NL,Gelderland,NL-GE,TRUE
nl|groningen,NL,Groningen,NL-GR,TRUE
nl|limburg,NL,Limburg,NL-LI,TRUE
nl|noord-brabant,NL,Noord-Brabant,NL-NB,TRUE
nl|noord-holland,NL,Noord-Holland,NL-NH,TRUE
nl|overijssel,NL,Overijssel,NL-OV,TRUE
nl|saba,NL,Saba,NL-BQ2,TRUE
nl|st. eustatius,NL,St. Eustatius,NL-BQ3,TRUE
nl|utrecht,NL,Utrecht,NL-UT,TRUE
nl|zeeland,NL,Zeeland,NL-ZE,TRUE
nl|zuid-holland,NL,Zuid-Holland,NL-ZH,TRUE
no|akershus,NO,Akershus,NO-02,TRUE
no|aust-agder,NO,Aust-Agder,NO-09,TRUE
no|bouvet island,NO,Bouvet Island,NO-~10129,TRUE
no|buskerud,NO,Buskerud,NO-06,TRUE
no|finnmark,NO,Finnmark,NO-20,TRUE
no|hedmark,NO,Hedmark,NO-04,TRUE
no|hordaland,NO,Hordaland,NO-12,TRUE
no|møre og romsdal,NO,Møre og Romsdal,NO-15,TRUE
no|nord-trøndelag,NO,Nord-Trøndelag,NO-17,TRUE
no|nordland,NO,Nordland,NO-18,TRUE
no|oppland,NO,Oppland,NO-05,TRUE
no|oslo,NO,Oslo,NO-03,TRUE
no|østfold,NO,Østfold,NO-01,TRUE
no|rogaland,NO,Rogaland,NO-11,TRUE
no|sogn og fjordane,NO,Sogn og Fjordane,NO-14,TRUE
no|sør-trøndelag,NO,Sør-Trøndelag,NO-16,TRUE
no|svalbard,NO,Svalbard,NO-21,TRUE
no|telemark,NO,Telemark,NO-08,TRUE
no|troms,NO,Troms,NO-19,TRUE
no|vest-agder,NO,Vest-Agder,NO-10,TRUE
no|vestfold,NO,Vestfold,NO-07,TRUE
np|bagmati,NP,Bagmati,NP-BA,TRUE
np|bheri,NP,Bheri,NP-BH,TRUE
np|bhojpur,NP,Bhojpur,NP-KO,TRUE
np|dhawalagiri,NP,Dhawalagiri,NP-DH,TRUE
np|gandaki,NP,Gandaki,NP-GA,TRUE
np|janakpur,NP,Janakpur,NP-JA,TRUE
np|karnali,NP,Karnali,NP-KA,TRUE
np|lumbini,NP,Lumbini,NP-LU,TRUE
np|mahakali,NP,Mahakali,NP-MA,TRUE
np|mechi,NP,Mechi,NP-ME,TRUE
np|narayani,NP,Narayani,NP-NA,TRUE
np|rapti,NP,Rapti,NP-RA,TRUE
np|sagarmatha,NP,Sagarmatha,NP-SA,TRUE
np|seti,NP,Seti,NP-SE,TRUE
nr|aiwo,NR,Aiwo,NR-01,TRUE
nr|anabar,NR,Anabar,NR-02,TRUE
nr|anetan,NR,Anetan,NR-03,TRUE
nr|anibare,NR,Anibare,NR-04,TRUE
nr|baiti,NR,Baiti,NR-05,TRUE
nr|boe,NR,Boe,NR-06,TRUE
nr|buada,NR,Buada,NR-07,TRUE
nr|denigomodu,NR,Denigomodu,NR-08,TRUE
nr|ewa,NR,Ewa,NR-09,TRUE
nr|ijuw,NR,Ijuw,NR-10,TRUE
nr|meneng,NR,Meneng,NR-11,TRUE
nr|nibok,NR,Nibok,NR-12,TRUE
nr|uaboe,NR,Uaboe,NR-13,TRUE
nr|yaren,NR,Yaren,NR-14,TRUE
nz|antipodes islands,NZ,Antipodes Islands,NZ-~5477,TRUE
nz|auckland,NZ,Auckland,NZ-AUK,TRUE
nz|auckland islands,NZ,Auckland Islands,NZ-~5479,TRUE
nz|bay of plenty,NZ,Bay of Plenty,NZ-BOP,TRUE
nz|campbell islands,NZ,Campbell Islands,NZ-~5478,TRUE
nz|canterbury,NZ,Canterbury,NZ-CAN,TRUE
nz|chatham islands territory,NZ,Chatham Islands Territory,NZ-CIT,TRUE
nz|gisborne district,NZ,Gisborne District,NZ-GIS,TRUE
nz|hawke's bay,NZ,Hawke's Bay,NZ-HKB,TRUE
nz|kermadec islands,NZ,Kermadec Islands,NZ-~5471,TRUE
nz|manawatu-wanganui,NZ,Manawatu-Wanganui,NZ-MWT,TRUE
nz|marlborough district,NZ,Marlborough District,NZ-MBH,TRUE
nz|nelson city,NZ,Nelson City,NZ-NSN,TRUE
nz|northland,NZ,Northland,NZ-NTL,TRUE
nz|otago,NZ,Otago,NZ-OTA,TRUE
nz|southland,NZ,Southland,NZ-STL,TRUE
nz|taranaki,NZ,Taranaki,NZ-TKI,TRUE
nz|tasman district,NZ,Tasman District,NZ-TAS,TRUE
nz|the snares,NZ,The Snares,NZ-~5480,TRUE
nz|three kings islands,NZ,Three Kings Islands,NZ-~5476,TRUE
nz|tokelau,NZ,Tokelau,NZ-~5472,TRUE
nz|waikato,NZ,Waikato,NZ-WKO,TRUE
nz|wellington,NZ,Wellington,NZ-WGN,TRUE
nz|west coast,NZ,West Coast,NZ-WTC,TRUE
om|ad dakhliyah,OM,Ad Dakhliyah,OM-DA,TRUE
om|al batnah north,OM,Al Batnah North,OM-BA,TRUE
om|al batnah south,OM,Al Batnah South,OM-BJ,TRUE
om|al buraymi,OM,Al Buraymi,OM-BU,TRUE
om|al dhahira,OM,Al Dhahira,OM-ZA,TRUE
om|al wusta,OM,Al Wusta,OM-WU,TRUE
om|ash sharqiyah north,OM,Ash Sharqiyah North,OM-SS,TRUE
om|ash sharqiyah south,OM,Ash Sharqiyah South,OM-SH,TRUE
om|dhofar,OM,Dhofar,OM-ZU,TRUE
om|musandam,OM,Musandam,OM-MU,TRUE
om|muscat,OM,Muscat,OM-MA,TRUE
pa|bocas del toro,PA,Bocas del Toro,PA-1,TRUE
pa|chiriquí,PA,Chiriquí,PA-4,TRUE
pa|coclé,PA,Coclé,PA-2,TRUE
pa|colón,PA,Colón,PA-3,TRUE
pa|darién,PA,Darién,PA-5,TRUE
pa|emberá,PA,Emberá,PA-EM,TRUE
pa|herrera,PA,Herrera,PA-6,TRUE
pa|kuna yala,PA,Kuna Yala,PA-KY,TRUE
pa|los santos,PA,Los Santos,PA-7,TRUE
pa|ngöbe buglé,PA,Ngöbe Buglé,PA-NB,TRUE
pa|panama,PA,Panama,PA-8,TRUE
pa|veraguas,PA,Veraguas,PA-9,TRUE
pe|amazonas,PE,Amazonas,PE-AMA,TRUE
pe|áncash,PE,Áncash,PE-ANC,TRUE
pe|apurímac,PE,Apurímac,PE-APU,TRUE
pe|arequipa,PE,Arequipa,PE-ARE,TRUE
pe|ayacucho,PE,Ayacucho,PE-AYA,TRUE
pe|cajamarca,PE,Cajamarca,PE-CAJ,TRUE
pe|callao,PE,Callao,PE-CAL,TRUE
pe|cusco,PE,Cusco,PE-CUS,TRUE
pe|huancavelica,PE,Huancavelica,PE-HUV,TRUE
pe|huánuco,PE,Huánuco,PE-HUC,TRUE
pe|ica,PE,Ica,PE-ICA,TRUE
pe|junín,PE,Junín,PE-JUN,TRUE
pe|la libertad,PE,La Libertad,PE-LAL,TRUE
pe|lambayeque,PE,Lambayeque,PE-LAM,TRUE
pe|lima,PE,Lima,PE-LIM,TRUE
pe|loreto,PE,Loreto,PE-LOR,TRUE
pe|madre de dios,PE,Madre de Dios,PE-MDD,TRUE
pe|moquegua,PE,Moquegua,PE-MOQ,TRUE
pe|pasco,PE,Pasco,PE-PAS,TRUE
pe|piura,PE,Piura,PE-PIU,TRUE
pe|puno,PE,Puno,PE-PUN,TRUE
pe|san martín,PE,San Martín,PE-SAM,TRUE
pe|tacna,PE,Tacna,PE-TAC,TRUE
pe|tumbes,PE,Tumbes,PE-TUM,TRUE
pe|ucayali,PE,Ucayali,PE-UCA,TRUE
pf|austral islands,PF,Austral Islands,PF-~4966,TRUE
pf|leeward islands,PF,Leeward Islands,PF-~4964,TRUE
pf|marquesas islands,PF,Marquesas Islands,PF-~4967,TRUE
pf|tuamotu-gambier,PF,Tuamotu-Gambier,PF-~4965,TRUE
pf|windward islands,PF,Windward Islands,PF-~4963,TRUE
pg|central,PG,Central,PG-CPM,TRUE
pg|chimbu,PG,Chimbu,PG-CPK,TRUE
pg|east new britain,PG,East New Britain,PG-EBR,TRUE
pg|east sepik,PG,East Sepik,PG-ESW,TRUE
pg|eastern highlands,PG,Eastern Highlands,PG-EHG,TRUE
pg|enga,PG,Enga,PG-EPW,TRUE
pg|gulf,PG,Gulf,PG-GPK,TRUE
pg|madang,PG,Madang,PG-MPM,TRUE
pg|manus,PG,Manus,PG-MRL,TRUE
pg|milne bay,PG,Milne Bay,PG-MBA,TRUE
pg|morobe,PG,Morobe,PG-MPL,TRUE
pg|national capital district,PG,National Capital District,PG-NCD,TRUE
pg|new ireland,PG,New Ireland,PG-NIK,TRUE
pg|north solomons,PG,North Solomons,PG-NSB,TRUE
pg|northern,PG,Northern,PG-NPP,TRUE
pg|sandaun,PG,Sandaun,PG-SAN,TRUE
pg|southern highlands,PG,Southern Highlands,PG-SHM,TRUE
pg|west new britain,PG,West New Britain,PG-WBK,TRUE
pg|western,PG,Western,PG-WPD,TRUE
pg|western highlands,PG,Western Highlands,PG-WHM,TRUE
ph|abra,PH,Abra,PH-ABR,TRUE
ph|agusan del norte,PH,Agusan del Norte,PH-AGN,TRUE
ph|agusan del sur,PH,Agusan del Sur,PH-AGS,TRUE
ph|aklan,PH,Aklan,PH-AKL,TRUE
ph|albay,PH,Albay,PH-ALB,TRUE
ph|antique,PH,Antique,PH-ANT,TRUE
ph|apayao,PH,Apayao,PH-APA,TRUE
ph|aurora,PH,Aurora,PH-AUR,TRUE
ph|bacolod,PH,Bacolod,PH-BCD,TRUE
ph|basilan,PH,Basilan,PH-BAS,TRUE
ph|bataan,PH,Bataan,PH-BAN,TRUE
ph|batanes,PH,Batanes,PH-BTN,TRUE
ph|batangas,PH,Batangas,PH-BTG,TRUE
ph|benguet,PH,Benguet,PH-BEN,TRUE
ph|biliran,PH,Biliran,PH-BIL,TRUE
ph|bohol,PH,Bohol,PH-BOH,TRUE
ph|bukidnon,PH,Bukidnon,PH-BUK,TRUE
ph|bulacan,PH,Bulacan,PH-BUL,TRUE
ph|cagayan,PH,Cagayan,PH-CAG,TRUE
ph|camarines norte,PH,Camarines Norte,PH-CAN,TRUE
ph|camarines sur,PH,Camarines Sur,PH-CAS,TRUE
ph|camiguin,PH,Camiguin,PH-CAM,TRUE
ph|capiz,PH,Capiz,PH-CAP,TRUE
ph|catanduanes,PH,Catanduanes,PH-CAT,TRUE
ph|cavite,PH,Cavite,PH-CAV,TRUE
ph|cebu,PH,Cebu,PH-CEB,TRUE
ph|compostela valley,PH,Compostela Valley,PH-COM,TRUE
ph|cotabato,PH,Cotabato,PH-NCO,TRUE
ph|davao del norte,PH,Davao del Norte,PH-DAV,TRUE
ph|davao del sur,PH,Davao del Sur,PH-DAS,TRUE
ph|davao oriental,PH,Davao Oriental,PH-DAO,TRUE
ph|eastern samar,PH,Eastern Samar,PH-EAS,TRUE
ph|guimaras,PH,Guimaras,PH-GUI,TRUE
ph|ifugao,PH,Ifugao,PH-IFU,TRUE
ph|ilocos norte,PH,Ilocos Norte,PH-ILN,TRUE
ph|ilocos sur,PH,Ilocos Sur,PH-ILS,TRUE
ph|iloilo,PH,Iloilo,PH-ILI,TRUE
ph|isabela,PH,Isabela,PH-ISA,TRUE
ph|kalinga,PH,Kalinga,PH-KAL,TRUE
ph|la union,PH,La Union,PH-LUN,TRUE
ph|laguna,PH,Laguna,PH-LAG,TRUE
ph|lanao del norte,PH,Lanao del Norte,PH-LAN,TRUE
ph|lanao del sur,PH,Lanao del Sur,PH-LAS,TRUE
ph|lapu-lapu,PH,Lapu-Lapu,PH-LAP,TRUE
ph|leyte,PH,Leyte,PH-LEY,TRUE
ph|maguindanao,PH,Maguindanao,PH-MAG,TRUE
ph|mandaue,PH,Mandaue,PH-MDE,TRUE
ph|marinduque,PH,Marinduque,PH-MAD,TRUE
ph|masbate,PH,Masbate,PH-MAS,TRUE
ph|metro manila,PH,Metro Manila,PH-MNL,TRUE
ph|mindoro occidental,PH,Mindoro Occidental,PH-MDC,TRUE
ph|mindoro oriental,PH,Mindoro Oriental,PH-MDR,TRUE
ph|misamis occidental,PH,Misamis Occidental,PH-MSC,TRUE
ph|misamis oriental,PH,Misamis Oriental,PH-MSR,TRUE
ph|mountain province,PH,Mountain Province,PH-MOU,TRUE
ph|negros occidental,PH,Negros Occidental,PH-NEC,TRUE
ph|negros oriental,PH,Negros Oriental,PH-NER,TRUE
ph|northern samar,PH,Northern Samar,PH-NSA,TRUE
ph|nueva ecija,PH,Nueva Ecija,PH-NUE,TRUE
ph|nueva vizcaya,PH,Nueva Vizcaya,PH-NUV,TRUE
ph|palawan,PH,Palawan,PH-PLW,TRUE
ph|pampanga,PH,Pampanga,PH-PAM,TRUE
ph|pangasinan,PH,Pangasinan,PH-PAN,TRUE
ph|quezon,PH,Quezon,PH-QUE,TRUE
ph|quirino,PH,Quirino,PH-QUI,TRUE
ph|rizal,PH,Rizal,PH-RIZ,TRUE
ph|romblon,PH,Romblon,PH-ROM,TRUE
ph|samar,PH,Samar,PH-WSA,TRUE
ph|sarangani,PH,Sarangani,PH-SAR,TRUE
ph|siquijor,PH,Siquijor,PH-SIG,TRUE
ph|sorsogon,PH,Sorsogon,PH-SOR,TRUE
ph|south cotabato,PH,South Cotabato,PH-SCO,TRUE
ph|southern leyte,PH,Southern Leyte,PH-SLE,TRUE
ph|sultan kudarat,PH,Sultan Kudarat,PH-SUK,TRUE
ph|sulu,PH,Sulu,PH-SLU,TRUE
ph|surigao del norte,PH,Surigao del Norte,PH-SUN,TRUE
ph|surigao del sur,PH,Surigao del Sur,PH-SUR,TRUE
ph|tarlac,PH,Tarlac,PH-TAR,TRUE
ph|tawi-tawi,PH,Tawi-Tawi,PH-TAW,TRUE
ph|zambales,PH,Zambales,PH-ZMB,TRUE
ph|zamboanga del norte,PH,Zamboanga del Norte,PH-ZAN,TRUE
ph|zamboanga del sur,PH,Zamboanga del Sur,PH-ZAS,TRUE
ph|zamboanga sibugay,PH,Zamboanga Sibugay,PH-ZSI,TRUE
pk|azad kashmir,PK,Azad Kashmir,PK-JK,TRUE
pk|baluchistan,PK,Baluchistan,PK-BA,TRUE
pk|f.a.t.a.,PK,F.A.T.A.,PK-TA,TRUE
pk|f.c.t.,PK,F.C.T.,PK-IS,TRUE
pk|k.p.,PK,K.P.,PK-KP,TRUE
pk|northern areas,PK,Northern Areas,PK-GB,TRUE
pk|punjab,PK,Punjab,PK-PB,TRUE
pk|sind,PK,Sind,PK-SD,TRUE
pl|greater poland,PL,Greater Poland,PL-WP,TRUE
pl|kuyavian-pomeranian,PL,Kuyavian-Pomeranian,PL-KP,TRUE
pl|lesser poland,PL,Lesser Poland,PL-MA,TRUE
pl|łódź,PL,Łódź,PL-LD,TRUE
pl|lower silesian,PL,Lower Silesian,PL-DS,TRUE
pl|lublin,PL,Lublin,PL-LU,TRUE
pl|lubusz,PL,Lubusz,PL-LB,TRUE
pl|masovian,PL,Masovian,PL-MZ,TRUE
pl|opole,PL,Opole,PL-OP,TRUE
pl|podlachian,PL,Podlachian,PL-PD,TRUE
pl|pomeranian,PL,Pomeranian,PL-PM,TRUE
pl|silesian,PL,Silesian,PL-SL,TRUE
pl|subcarpathian,PL,Subcarpathian,PL-PK,TRUE
pl|świętokrzyskie,PL,Świętokrzyskie,PL-SK,TRUE
pl|warmian-masurian,PL,Warmian-Masurian,PL-WN,TRUE
pl|west pomeranian,PL,West Pomeranian,PL-ZP,TRUE
pm|miquelon-langlade,PM,Miquelon-Langlade,PM-~4867,TRUE
pm|saint-pierre,PM,Saint-Pierre,PM-~4866,TRUE
ps|gaza strip,PS,Gaza Strip,PS-GZZ,TRUE
ps|west bank,PS,West Bank,PS-WBK,TRUE
pt|aveiro,PT,Aveiro,PT-01,TRUE
pt|azores,PT,Azores,PT-20,TRUE
pt|beja,PT,Beja,PT-02,TRUE
pt|braga,PT,Braga,PT-03,TRUE
pt|bragança,PT,Bragança,PT-04,TRUE
pt|castelo branco,PT,Castelo Branco,PT-05,TRUE
pt|coimbra,PT,Coimbra,PT-06,TRUE
pt|évora,PT,Évora,PT-07,TRUE
pt|faro,PT,Faro,PT-08,TRUE
pt|guarda,PT,Guarda,PT-09,TRUE
pt|leiria,PT,Leiria,PT-10,TRUE
pt|lisboa,PT,Lisboa,PT-11,TRUE
pt|madeira,PT,Madeira,PT-30,TRUE
pt|portalegre,PT,Portalegre,PT-12,TRUE
pt|porto,PT,Porto,PT-13,TRUE
pt|santarém,PT,Santarém,PT-14,TRUE
pt|setúbal,PT,Setúbal,PT-15,TRUE
pt|viana do castelo,PT,Viana do Castelo,PT-16,TRUE
pt|vila real,PT,Vila Real,PT-17,TRUE
pt|viseu,PT,Viseu,PT-18,TRUE
pw|aimeliik,PW,Aimeliik,PW-002,TRUE
pw|airai,PW,Airai,PW-004,TRUE
pw|angaur,PW,Angaur,PW-010,TRUE
pw|hatobohei,PW,Hatobohei,PW-050,TRUE
pw|kayangel,PW,Kayangel,PW-100,TRUE
pw|koror,PW,Koror,PW-150,TRUE
pw|melekeok,PW,Melekeok,PW-212,TRUE
pw|ngaraard,PW,Ngaraard,PW-214,TRUE
pw|ngarchelong,PW,Ngarchelong,PW-218,TRUE
pw|ngardmau,PW,Ngardmau,PW-222,TRUE
pw|ngatpang,PW,Ngatpang,PW-224,TRUE
pw|ngchesar,PW,Ngchesar,PW-226,TRUE
pw|ngeremlengui,PW,Ngeremlengui,PW-227,TRUE
pw|ngiwal,PW,Ngiwal,PW-228,TRUE
pw|peleliu,PW,Peleliu,PW-350,TRUE
pw|sonsorol,PW,Sonsorol,PW-370,TRUE
py|alto paraguay,PY,Alto Paraguay,PY-16,TRUE
py|alto paraná,PY,Alto Paraná,PY-10,TRUE
py|amambay,PY,Amambay,PY-13,TRUE
py|asunción,PY,Asunción,PY-ASU,TRUE
py|boquerón,PY,Boquerón,PY-19,TRUE
py|caaguazú,PY,Caaguazú,PY-5,TRUE
py|caazapá,PY,Caazapá,PY-6,TRUE
py|canindeyú,PY,Canindeyú,PY-14,TRUE
py|central,PY,Central,PY-11,TRUE
py|concepción,PY,Concepción,PY-1,TRUE
py|cordillera,PY,Cordillera,PY-3,TRUE
py|guairá,PY,Guairá,PY-4,TRUE
py|itapúa,PY,Itapúa,PY-7,TRUE
py|misiones,PY,Misiones,PY-8,TRUE
py|ñeembucú,PY,Ñeembucú,PY-12,TRUE
py|paraguarí,PY,Paraguarí,PY-9,TRUE
py|presidente hayes,PY,Presidente Hayes,PY-15,TRUE
py|san pedro,PY,San Pedro,PY-2,TRUE
qa|ad dawhah,QA,Ad Dawhah,QA-DA,TRUE
qa|al daayen,QA,Al Daayen,QA-ZA,TRUE
qa|al khawr,QA,Al Khawr,QA-KH,TRUE
qa|al wakrah,QA,Al Wakrah,QA-WA,TRUE
qa|ar rayyān,QA,Ar Rayyān,QA-RA,TRUE
qa|madinat ach shamal,QA,Madinat ach Shamal,QA-MS,TRUE
qa|umm salal,QA,Umm Salal,QA-US,TRUE
ro|alba,RO,Alba,RO-AB,TRUE
ro|arad,RO,Arad,RO-AR,TRUE
ro|arges,RO,Arges,RO-AG,TRUE
ro|bacau,RO,Bacau,RO-BC,TRUE
ro|bihor,RO,Bihor,RO-BH,TRUE
ro|bistrita-nasaud,RO,Bistrita-Nasaud,RO-BN,TRUE
ro|botosani,RO,Botosani,RO-BT,TRUE
ro|braila,RO,Braila,RO-BR,TRUE
ro|brasov,RO,Brasov,RO-BV,TRUE
ro|bucharest,RO,Bucharest,RO-B,TRUE
ro|buzau,RO,Buzau,RO-BZ,TRUE
ro|calarasi,RO,Calarasi,RO-CL,TRUE
ro|caras-severin,RO,Caras-Severin,RO-CS,TRUE
ro|cluj,RO,Cluj,RO-CJ,TRUE
ro|constanta,RO,Constanta,RO-CT,TRUE
ro|covasna,RO,Covasna,RO-CV,TRUE
ro|dâmbovita,RO,Dâmbovita,RO-DB,TRUE
ro|dolj,RO,Dolj,RO-DJ,TRUE
ro|galati,RO,Galati,RO-GL,TRUE
ro|giurgiu,RO,Giurgiu,RO-GR,TRUE
ro|gorj,RO,Gorj,RO-GJ,TRUE
ro|harghita,RO,Harghita,RO-HR,TRUE
ro|hunedoara,RO,Hunedoara,RO-HD,TRUE
ro|ialomita,RO,Ialomita,RO-IL,TRUE
ro|iasi,RO,Iasi,RO-IS,TRUE
ro|ilfov,RO,Ilfov,RO-IF,TRUE
ro|maramures,RO,Maramures,RO-MM,TRUE
ro|mehedinti,RO,Mehedinti,RO-MH,TRUE
ro|mures,RO,Mures,RO-MS,TRUE
ro|neamt,RO,Neamt,RO-NT,TRUE
ro|olt,RO,Olt,RO-OT,TRUE
ro|prahova,RO,Prahova,RO-PH,TRUE
ro|salaj,RO,Salaj,RO-SJ,TRUE
ro|satu mare,RO,Satu Mare,RO-SM,TRUE
ro|sibiu,RO,Sibiu,RO-SB,TRUE
ro|suceava,RO,Suceava,RO-SV,TRUE
ro|teleorman,RO,Teleorman,RO-TR,TRUE
ro|timis,RO,Timis,RO-TM,TRUE
ro|tulcea,RO,Tulcea,RO-TL,TRUE
ro|vâlcea,RO,Vâlcea,RO-VL,TRUE
ro|vaslui,RO,Vaslui,RO-VS,TRUE
ro|vrancea,RO,Vrancea,RO-VN,TRUE
rs|borski,RS,Borski,RS-14,TRUE
rs|branicevski,RS,Branicevski,RS-11,TRUE
rs|grad beograd,RS,Grad Beograd,RS-00,TRUE
rs|jablanicki,RS,Jablanicki,RS-23,TRUE
rs|južno-backi,RS,Južno-Backi,RS-06,TRUE
rs|južno-banatski,RS,Južno-Banatski,RS-04,TRUE
rs|kolubarski,RS,Kolubarski,RS-09,TRUE
rs|macvanski,RS,Macvanski,RS-08,TRUE
rs|moravicki,RS,Moravicki,RS-17,TRUE
rs|nišavski,RS,Nišavski,RS-20,TRUE
rs|pcinjski,RS,Pcinjski,RS-24,TRUE
rs|pirotski,RS,Pirotski,RS-22,TRUE
rs|podunavski,RS,Podunavski,RS-10,TRUE
rs|pomoravski,RS,Pomoravski,RS-19,TRUE
rs|pomoravski (2),RS,Pomoravski (2),RS-13,TRUE
rs|raški,RS,Raški,RS-18,TRUE
rs|severno-backi,RS,Severno-Backi,RS-01,TRUE
rs|severno-banatski,RS,Severno-Banatski,RS-03,TRUE
rs|srednje-banatski,RS,Srednje-Banatski,RS-02,TRUE
rs|sremski,RS,Sremski,RS-07,TRUE
rs|šumadijski,RS,Šumadijski,RS-12,TRUE
rs|toplicki,RS,Toplicki,RS-21,TRUE
rs|zajecarski,RS,Zajecarski,RS-15,TRUE
rs|zapadno-backi,RS,Zapadno-Backi,RS-05,TRUE
rs|zlatiborski,RS,Zlatiborski,RS-16,TRUE
ru|adygey,RU,Adygey,RU-AD,TRUE
ru|altay,RU,Altay,RU-ALT,TRUE
ru|amur,RU,Amur,RU-AMU,TRUE
ru|arkhangel'sk,RU,Arkhangel'sk,RU-ARK,TRUE
ru|astrakhan',RU,Astrakhan',RU-AST,TRUE
ru|bashkortostan,RU,Bashkortostan,RU-BA,TRUE
ru|belgorod,RU,Belgorod,RU-BEL,TRUE
ru|bryansk,RU,Bryansk,RU-BRY,TRUE
ru|buryat,RU,Buryat,RU-BU,TRUE
ru|chechnya,RU,Chechnya,RU-CE,TRUE
ru|chelyabinsk,RU,Chelyabinsk,RU-CHE,TRUE
ru|chita,RU,Chita,RU-ZAB,TRUE
ru|chukchi autonomous okrug,RU,Chukchi Autonomous Okrug,RU-CHU,TRUE
ru|chuvash,RU,Chuvash,RU-CU,TRUE
ru|city of st. petersburg,RU,City of St. Petersburg,RU-SPE,TRUE
ru|crimea,RU,Crimea,RU-~283,TRUE
ru|dagestan,RU,Dagestan,RU-DA,TRUE
ru|gorno-altay,RU,Gorno-Altay,RU-AL,TRUE
ru|ingush,RU,Ingush,RU-IN,TRUE
ru|irkutsk,RU,Irkutsk,RU-IRK,TRUE
ru|ivanovo,RU,Ivanovo,RU-IVA,TRUE
ru|kabardin-balkar,RU,Kabardin-Balkar,RU-KB,TRUE
ru|kaliningrad,RU,Kaliningrad,RU-KGD,TRUE
ru|kalmyk,RU,Kalmyk,RU-KL,TRUE
ru|kaluga,RU,Kaluga,RU-KLU,TRUE
ru|kamchatka,RU,Kamchatka,RU-KAM,TRUE
ru|karachay-cherkess,RU,Karachay-Cherkess,RU-KC,TRUE
ru|karelia,RU,Karelia,RU-KR,TRUE
ru|kemerovo,RU,Kemerovo,RU-KEM,TRUE
ru|khabarovsk,RU,Khabarovsk,RU-KHA,TRUE
ru|khakass,RU,Khakass,RU-KK,TRUE
ru|khanty-mansiy,RU,Khanty-Mansiy,RU-KHM,TRUE
ru|kirov,RU,Kirov,RU-KIR,TRUE
ru|komi,RU,Komi,RU-KO,TRUE
ru|kostroma,RU,Kostroma,RU-KOS,TRUE
ru|krasnodar,RU,Krasnodar,RU-KDA,TRUE
ru|krasnoyarsk,RU,Krasnoyarsk,RU-KYA,TRUE
ru|kurgan,RU,Kurgan,RU-KGN,TRUE
ru|kursk,RU,Kursk,RU-KRS,TRUE
ru|leningrad,RU,Leningrad,RU-LEN,TRUE
ru|lipetsk,RU,Lipetsk,RU-LIP,TRUE
ru|maga buryatdan,RU,Maga Buryatdan,RU-MAG,TRUE
ru|mariy-el,RU,Mariy-El,RU-ME,TRUE
ru|mordovia,RU,Mordovia,RU-MO,TRUE
ru|moskovskaya,RU,Moskovskaya,RU-MOW,TRUE
ru|moskva,RU,Moskva,RU-MOS,TRUE
ru|murmansk,RU,Murmansk,RU-MUR,TRUE
ru|nenets,RU,Nenets,RU-NEN,TRUE
ru|nizhegorod,RU,Nizhegorod,RU-NIZ,TRUE
ru|north ossetia,RU,North Ossetia,RU-SE,TRUE
ru|novgorod,RU,Novgorod,RU-NGR,TRUE
ru|novosibirsk,RU,Novosibirsk,RU-NVS,TRUE
ru|omsk,RU,Omsk,RU-OMS,TRUE
ru|orel,RU,Orel,RU-ORL,TRUE
ru|orenburg,RU,Orenburg,RU-ORE,TRUE
ru|penza,RU,Penza,RU-PNZ,TRUE
ru|perm',RU,Perm',RU-PER,TRUE
ru|primor'ye,RU,Primor'ye,RU-PRI,TRUE
ru|pskov,RU,Pskov,RU-PSK,TRUE
ru|rostov,RU,Rostov,RU-ROS,TRUE
ru|ryazan',RU,Ryazan',RU-RYA,TRUE
ru|sakha (yakutia),RU,Sakha (Yakutia),RU-SA,TRUE
ru|sakhalin,RU,Sakhalin,RU-SAK,TRUE
ru|samara,RU,Samara,RU-SAM,TRUE
ru|saratov,RU,Saratov,RU-SAR,TRUE
ru|sevastopol,RU,Sevastopol,RU-~5482,TRUE
ru|smolensk,RU,Smolensk,RU-SMO,TRUE
ru|stavropol',RU,Stavropol',RU-STA,TRUE
ru|sverdlovsk,RU,Sverdlovsk,RU-SVE,TRUE
ru|tambov,RU,Tambov,RU-TAM,TRUE
ru|tatarstan,RU,Tatarstan,RU-TA,TRUE
ru|tomsk,RU,Tomsk,RU-TOM,TRUE
ru|tula,RU,Tula,RU-TUL,TRUE
ru|tuva,RU,Tuva,RU-TY,TRUE
ru|tver',RU,Tver',RU-TVE,TRUE
ru|tyumen',RU,Tyumen',RU-TYU,TRUE
ru|udmurt,RU,Udmurt,RU-UD,TRUE
ru|ul'yanovsk,RU,Ul'yanovsk,RU-ULY,TRUE
ru|unnamed area,RU,Unnamed area,RU-~10149,TRUE
ru|vladimir,RU,Vladimir,RU-VLA,TRUE
ru|volgograd,RU,Volgograd,RU-VGG,TRUE
ru|vologda,RU,Vologda,RU-VLG,TRUE
ru|voronezh,RU,Voronezh,RU-VOR,TRUE
ru|yamal-nenets,RU,Yamal-Nenets,RU-YAN,TRUE
ru|yaroslavl',RU,Yaroslavl',RU-YAR,TRUE
ru|yevrey,RU,Yevrey,RU-YEV,TRUE
rw|eastern,RW,Eastern,RW-02,TRUE
rw|kigali city,RW,Kigali City,RW-01,TRUE
rw|northern,RW,Northern,RW-03,TRUE
rw|southern,RW,Southern,RW-05,TRUE
rw|western,RW,Western,RW-04,TRUE
sa|`asir,SA,`Asir,SA-14,TRUE
sa|al bahah,SA,Al Bahah,SA-11,TRUE
sa|al hudud ash shamaliyah,SA,Al Hudud ash Shamaliyah,SA-08,TRUE
sa|al jawf,SA,Al Jawf,SA-12,TRUE
sa|al madinah,SA,Al Madinah,SA-03,TRUE
sa|al quassim,SA,Al Quassim,SA-05,TRUE
sa|ar riyad,SA,Ar Riyad,SA-01,TRUE
sa|ash sharqiyah,SA,Ash Sharqiyah,SA-04,TRUE
sa|ha'il,SA,Ha'il,SA-06,TRUE
sa|jizan,SA,Jizan,SA-09,TRUE
sa|makkah,SA,Makkah,SA-02,TRUE
sa|najran,SA,Najran,SA-10,TRUE
sa|tabuk,SA,Tabuk,SA-07,TRUE
sb|capital territory (honiara),SB,Capital Territory (Honiara),SB-CT,TRUE
sb|central,SB,Central,SB-CE,TRUE
sb|guadalcanal,SB,Guadalcanal,SB-GU,TRUE
sb|isabel,SB,Isabel,SB-IS,TRUE
sb|makira,SB,Makira,SB-MK,TRUE
sb|malaita,SB,Malaita,SB-ML,TRUE
sb|rennell and bellona,SB,Rennell and Bellona,SB-RB,TRUE
sb|temotu,SB,Temotu,SB-TE,TRUE
sb|western,SB,Western,SB-CH,TRUE
sc|anse aux pins,SC,Anse aux Pins,SC-01,TRUE
sc|anse boileau,SC,Anse Boileau,SC-02,TRUE
sc|anse etoile,SC,Anse Etoile,SC-03,TRUE
sc|anse royale,SC,Anse Royale,SC-05,TRUE
sc|au cap,SC,Au Cap,SC-04,TRUE
sc|baie lazare,SC,Baie Lazare,SC-06,TRUE
sc|baie sainte anne,SC,Baie Sainte Anne,SC-07,TRUE
sc|beau vallon,SC,Beau Vallon,SC-08,TRUE
sc|bel air,SC,Bel Air,SC-09,TRUE
sc|bel ombre,SC,Bel Ombre,SC-10,TRUE
sc|cascade,SC,Cascade,SC-11,TRUE
sc|english river,SC,English River,SC-16,TRUE
sc|glacis,SC,Glacis,SC-12,TRUE
sc|grand'anse,SC,Grand'Anse,SC-13,TRUE
sc|grand'anse praslin,SC,Grand'Anse Praslin,SC-14,TRUE
sc|la digue and inner islands,SC,La Digue and Inner Islands,SC-15,TRUE
sc|les mamelles,SC,Les Mamelles,SC-24,TRUE
sc|mont buxton,SC,Mont Buxton,SC-17,TRUE
sc|mont fleuri,SC,Mont Fleuri,SC-18,TRUE
sc|outer islands,SC,Outer Islands,SC-~5197,TRUE
sc|plaisance,SC,Plaisance,SC-19,TRUE
sc|pointe la rue,SC,Pointe La Rue,SC-20,TRUE
sc|port glaud,SC,Port Glaud,SC-21,TRUE
sc|roche caïman,SC,Roche Caïman,SC-25,TRUE
sc|saint louis,SC,Saint Louis,SC-22,TRUE
sc|takamaka,SC,Takamaka,SC-23,TRUE
sd|blue nile,SD,Blue Nile,SD-NB,TRUE
sd|central darfur,SD,Central Darfur,SD-DE,TRUE
sd|gedarif,SD,Gedarif,SD-GD,TRUE
sd|gezira,SD,Gezira,SD-GZ,TRUE
sd|kassala,SD,Kassala,SD-KA,TRUE
sd|khartoum,SD,Khartoum,SD-KH,TRUE
sd|north darfur,SD,North Darfur,SD-DN,TRUE
sd|north kordufan,SD,North Kordufan,SD-KN,TRUE
sd|northern,SD,Northern,SD-NO,TRUE
sd|red sea,SD,Red Sea,SD-RS,TRUE
sd|river nile,SD,River Nile,SD-NR,TRUE
sd|sennar,SD,Sennar,SD-SI,TRUE
sd|south kordufan,SD,South Kordufan,SD-KS,TRUE
sd|southern darfur,SD,Southern Darfur,SD-DS,TRUE
sd|western darfur,SD,Western Darfur,SD-DW,TRUE
sd|white nile,SD,White Nile,SD-NW,TRUE
se|blekinge,SE,Blekinge,SE-K,TRUE
se|dalarna,SE,Dalarna,SE-W,TRUE
se|gävleborg,SE,Gävleborg,SE-X,TRUE
se|gotland,SE,Gotland,SE-I,TRUE
se|halland,SE,Halland,SE-N,TRUE
se|jämtland,SE,Jämtland,SE-Z,TRUE
se|jönköping,SE,Jönköping,SE-F,TRUE
se|kalmar,SE,Kalmar,SE-H,TRUE
se|kronoberg,SE,Kronoberg,SE-G,TRUE
se|norrbotten,SE,Norrbotten,SE-BD,TRUE
se|orebro,SE,Orebro,SE-T,TRUE
se|östergötland,SE,Östergötland,SE-E,TRUE
se|skåne,SE,Skåne,SE-M,TRUE
se|södermanland,SE,Södermanland,SE-D,TRUE
se|stockholm,SE,Stockholm,SE-AB,TRUE
se|uppsala,SE,Uppsala,SE-C,TRUE
se|värmland,SE,Värmland,SE-S,TRUE
se|västerbotten,SE,Västerbotten,SE-AC,TRUE
se|västernorrland,SE,Västernorrland,SE-Y,TRUE
se|västmanland,SE,Västmanland,SE-U,TRUE
se|västra götaland,SE,Västra Götaland,SE-O,TRUE
sg|central singapore,SG,Central Singapore,SG-01,TRUE
sg|north east,SG,North East,SG-02,TRUE
sg|north west,SG,North West,SG-03,TRUE
sg|south east,SG,South East,SG-04,TRUE
sg|south west,SG,South West,SG-05,TRUE
sh|ascension,SH,Ascension,SH-AC,TRUE
sh|saint helena,SH,Saint Helena,SH-HL,TRUE
sh|tristan da cunha,SH,Tristan da Cunha,SH-TA,TRUE
si|ajdovščina,SI,Ajdovščina,SI-001,TRUE
si|apace,SI,Apace,SI-195,TRUE
si|beltinci,SI,Beltinci,SI-002,TRUE
si|benedikt,SI,Benedikt,SI-148,TRUE
si|bistrica ob sotli,SI,Bistrica ob Sotli,SI-149,TRUE
si|bled,SI,Bled,SI-003,TRUE
si|bloke,SI,Bloke,SI-150,TRUE
si|bohinj,SI,Bohinj,SI-004,TRUE
si|borovnica,SI,Borovnica,SI-005,TRUE
si|bovec,SI,Bovec,SI-006,TRUE
si|braslovce,SI,Braslovce,SI-151,TRUE
si|brda,SI,Brda,SI-007,TRUE
si|brežice,SI,Brežice,SI-009,TRUE
si|brezovica,SI,Brezovica,SI-008,TRUE
si|cankova,SI,Cankova,SI-152,TRUE
si|celje,SI,Celje,SI-011,TRUE
si|cerklje na gorenjskem,SI,Cerklje na Gorenjskem,SI-012,TRUE
si|cerknica,SI,Cerknica,SI-013,TRUE
si|cerkno,SI,Cerkno,SI-014,TRUE
si|cerkvenjak,SI,Cerkvenjak,SI-153,TRUE
si|črenšovci,SI,Črenšovci,SI-015,TRUE
si|črna na koroškem,SI,Črna na Koroškem,SI-016,TRUE
si|crnomelj,SI,Crnomelj,SI-017,TRUE
si|destrnik,SI,Destrnik,SI-018,TRUE
si|divaca,SI,Divaca,SI-019,TRUE
si|dobje,SI,Dobje,SI-154,TRUE
si|dobrepolje,SI,Dobrepolje,SI-020,TRUE
si|dobrna,SI,Dobrna,SI-155,TRUE
si|dobrova-polhov gradec,SI,Dobrova-Polhov Gradec,SI-021,TRUE
si|dobrovnik,SI,Dobrovnik,SI-156,TRUE
si|dol pri ljubljani,SI,Dol pri Ljubljani,SI-022,TRUE
si|dolenjske toplice,SI,Dolenjske Toplice,SI-157,TRUE
si|domžale,SI,Domžale,SI-023,TRUE
si|dornava,SI,Dornava,SI-024,TRUE
si|dravograd,SI,Dravograd,SI-025,TRUE
si|duplek,SI,Duplek,SI-026,TRUE
si|gorenja vas-poljane,SI,Gorenja vas-Poljane,SI-027,TRUE
si|gorišnica,SI,Gorišnica,SI-028,TRUE
si|gornja radgona,SI,Gornja Radgona,SI-029,TRUE
si|gornji grad,SI,Gornji Grad,SI-030,TRUE
si|gornji petrovci,SI,Gornji Petrovci,SI-031,TRUE
si|grad,SI,Grad,SI-158,TRUE
si|grosuplje,SI,Grosuplje,SI-032,TRUE
si|hajdina,SI,Hajdina,SI-159,TRUE
si|hoce-slivnica,SI,Hoce-Slivnica,SI-160,TRUE
si|hodoš,SI,Hodoš,SI-161,TRUE
si|horjul,SI,Horjul,SI-162,TRUE
si|hrastnik,SI,Hrastnik,SI-034,TRUE
si|hrpelje-kozina,SI,Hrpelje-Kozina,SI-035,TRUE
si|idrija,SI,Idrija,SI-036,TRUE
si|ig,SI,Ig,SI-037,TRUE
si|ilirska bistrica,SI,Ilirska Bistrica,SI-038,TRUE
si|ivancna gorica,SI,Ivancna Gorica,SI-039,TRUE
si|izola,SI,Izola,SI-040,TRUE
si|jesenice,SI,Jesenice,SI-041,TRUE
si|jezersko,SI,Jezersko,SI-163,TRUE
si|juršinci,SI,Juršinci,SI-042,TRUE
si|kamnik,SI,Kamnik,SI-043,TRUE
si|kanal,SI,Kanal,SI-044,TRUE
si|kidricevo,SI,Kidricevo,SI-045,TRUE
si|kobarid,SI,Kobarid,SI-046,TRUE
si|kobilje,SI,Kobilje,SI-047,TRUE
si|kocevje,SI,Kocevje,SI-048,TRUE
si|komen,SI,Komen,SI-049,TRUE
si|komenda,SI,Komenda,SI-164,TRUE
si|koper,SI,Koper,SI-050,TRUE
si|kostel,SI,Kostel,SI-165,TRUE
si|kozje,SI,Kozje,SI-051,TRUE
si|kranj,SI,Kranj,SI-052,TRUE
si|kranjska gora,SI,Kranjska Gora,SI-053,TRUE
si|križevci,SI,Križevci,SI-166,TRUE
si|krško,SI,Krško,SI-054,TRUE
si|kungota,SI,Kungota,SI-055,TRUE
si|kuzma,SI,Kuzma,SI-056,TRUE
si|laško,SI,Laško,SI-057,TRUE
si|lenart,SI,Lenart,SI-058,TRUE
si|lendava,SI,Lendava,SI-059,TRUE
si|litija,SI,Litija,SI-060,TRUE
si|ljubljana,SI,Ljubljana,SI-061,TRUE
si|ljubno,SI,Ljubno,SI-062,TRUE
si|ljutomer,SI,Ljutomer,SI-063,TRUE
si|logatec,SI,Logatec,SI-064,TRUE
si|loška dolina,SI,Loška dolina,SI-065,TRUE
si|loški potok,SI,Loški Potok,SI-066,TRUE
si|lovrenc na pohorju,SI,Lovrenc na Pohorju,SI-167,TRUE
si|luce,SI,Luce,SI-067,TRUE
si|lukovica,SI,Lukovica,SI-068,TRUE
si|majšperk,SI,Majšperk,SI-069,TRUE
si|maribor,SI,Maribor,SI-070,TRUE
si|markovci,SI,Markovci,SI-168,TRUE
si|medvode,SI,Medvode,SI-071,TRUE
si|mengeš,SI,Mengeš,SI-072,TRUE
si|metlika,SI,Metlika,SI-073,TRUE
si|mežica,SI,Mežica,SI-074,TRUE
si|miklavž na dravskem polju,SI,Miklavž na Dravskem polju,SI-169,TRUE
si|miren-kostanjevica,SI,Miren-Kostanjevica,SI-075,TRUE
si|mirna pec,SI,Mirna Pec,SI-170,TRUE
si|mislinja,SI,Mislinja,SI-076,TRUE
si|moravce,SI,Moravce,SI-077,TRUE
si|moravske toplice,SI,Moravske Toplice,SI-078,TRUE
si|mozirje,SI,Mozirje,SI-079,TRUE
si|murska sobota,SI,Murska Sobota,SI-080,TRUE
si|muta,SI,Muta,SI-081,TRUE
si|naklo,SI,Naklo,SI-082,TRUE
si|nazarje,SI,Nazarje,SI-083,TRUE
si|nova goriška,SI,Nova Goriška,SI-084,TRUE
si|novo mesto,SI,Novo Mesto,SI-085,TRUE
si|odranci,SI,Odranci,SI-086,TRUE
si|oplotnica,SI,Oplotnica,SI-171,TRUE
si|ormož,SI,Ormož,SI-087,TRUE
si|pesnica,SI,Pesnica,SI-089,TRUE
si|piran,SI,Piran,SI-090,TRUE
si|pivka,SI,Pivka,SI-091,TRUE
si|podcetrtek,SI,Podcetrtek,SI-092,TRUE
si|podlehnik,SI,Podlehnik,SI-172,TRUE
si|podvelka,SI,Podvelka,SI-093,TRUE
si|polzela,SI,Polzela,SI-173,TRUE
si|postojna,SI,Postojna,SI-094,TRUE
si|prebold,SI,Prebold,SI-174,TRUE
si|preddvor,SI,Preddvor,SI-095,TRUE
si|prevalje,SI,Prevalje,SI-175,TRUE
si|ptuj,SI,Ptuj,SI-096,TRUE
si|puconci,SI,Puconci,SI-097,TRUE
si|race-fram,SI,Race-Fram,SI-098,TRUE
si|radece,SI,Radece,SI-099,TRUE
si|radenci,SI,Radenci,SI-100,TRUE
si|radlje ob dravi,SI,Radlje ob Dravi,SI-101,TRUE
si|radovljica,SI,Radovljica,SI-102,TRUE
si|ravne na koroškem,SI,Ravne na Koroškem,SI-103,TRUE
si|razkrižje,SI,Razkrižje,SI-176,TRUE
si|ribnica,SI,Ribnica,SI-104,TRUE
si|ribnica na pohorju,SI,Ribnica na Pohorju,SI-177,TRUE
si|rogaška slatina,SI,Rogaška Slatina,SI-106,TRUE
si|rogašovci,SI,Rogašovci,SI-105,TRUE
si|rogatec,SI,Rogatec,SI-107,TRUE
si|ruše,SI,Ruše,SI-108,TRUE
si|šalovci,SI,Šalovci,SI-033,TRUE
si|selnica ob dravi,SI,Selnica ob Dravi,SI-178,TRUE
si|semic,SI,Semic,SI-109,TRUE
si|šempeter-vrtojba,SI,Šempeter-Vrtojba,SI-183,TRUE
si|šenčur,SI,Šenčur,SI-117,TRUE
si|šentilj,SI,Šentilj,SI-118,TRUE
si|šentjernej,SI,Šentjernej,SI-119,TRUE
si|šentjur pri celju,SI,Šentjur pri Celju,SI-120,TRUE
si|sevnica,SI,Sevnica,SI-110,TRUE
si|sežana,SI,Sežana,SI-111,TRUE
si|škocjan,SI,Škocjan,SI-121,TRUE
si|škofja loka,SI,Škofja Loka,SI-122,TRUE
si|škofljica,SI,Škofljica,SI-123,TRUE
si|slovenj gradec,SI,Slovenj Gradec,SI-112,TRUE
si|slovenska bistrica,SI,Slovenska Bistrica,SI-113,TRUE
si|slovenske konjice,SI,Slovenske Konjice,SI-114,TRUE
si|šmarje pri jelšah,SI,Šmarje pri Jelšah,SI-124,TRUE
si|šmartno in litiji,SI,Šmartno in Litiji,SI-194,TRUE
si|šmartno ob paki,SI,Šmartno ob Paki,SI-125,TRUE
si|sodražica,SI,Sodražica,SI-179,TRUE
si|solcava,SI,Solcava,SI-180,TRUE
si|šoštanj,SI,Šoštanj,SI-126,TRUE
si|starše,SI,Starše,SI-115,TRUE
si|štore,SI,Štore,SI-127,TRUE
si|sveta ana,SI,Sveta Ana,SI-181,TRUE
si|sveti andraž v slovenskih goricah,SI,Sveti Andraž v Slovenskih Goricah,SI-182,TRUE
si|sveti jurij,SI,Sveti Jurij,SI-116,TRUE
si|tabor,SI,Tabor,SI-184,TRUE
si|tolmin,SI,Tolmin,SI-128,TRUE
si|trbovlje,SI,Trbovlje,SI-129,TRUE
si|trebnje,SI,Trebnje,SI-130,TRUE
si|trnovska vas,SI,Trnovska vas,SI-185,TRUE
si|tržič,SI,Tržič,SI-131,TRUE
si|trzin,SI,Trzin,SI-186,TRUE
si|turnišče,SI,Turnišče,SI-132,TRUE
si|velenje,SI,Velenje,SI-133,TRUE
si|velika polana,SI,Velika Polana,SI-187,TRUE
si|velike lašče,SI,Velike Lašče,SI-134,TRUE
si|veržej,SI,Veržej,SI-188,TRUE
si|videm,SI,Videm,SI-135,TRUE
si|vipava,SI,Vipava,SI-136,TRUE
si|vitanje,SI,Vitanje,SI-137,TRUE
si|vodice,SI,Vodice,SI-138,TRUE
si|vojnik,SI,Vojnik,SI-139,TRUE
si|vransko,SI,Vransko,SI-189,TRUE
si|vrhnika,SI,Vrhnika,SI-140,TRUE
si|vuzenica,SI,Vuzenica,SI-141,TRUE
si|žalec,SI,Žalec,SI-190,TRUE
si|zasavska,SI,Zasavska,SI-05,TRUE
si|zavrc,SI,Zavrc,SI-143,TRUE
si|železniki,SI,Železniki,SI-146,TRUE
si|žetale,SI,Žetale,SI-191,TRUE
si|žiri,SI,Žiri,SI-147,TRUE
si|žirovnica,SI,Žirovnica,SI-192,TRUE
si|zrece,SI,Zrece,SI-144,TRUE
si|žužemberk,SI,Žužemberk,SI-193,TRUE
sk|banskobystrický,SK,Banskobystrický,SK-BC,TRUE
sk|bratislavský,SK,Bratislavský,SK-BL,TRUE
sk|košický,SK,Košický,SK-KI,TRUE
sk|nitriansky,SK,Nitriansky,SK-NI,TRUE
sk|prešov,SK,Prešov,SK-PV,TRUE
sk|trenciansky,SK,Trenciansky,SK-TC,TRUE
sk|trnavský,SK,Trnavský,SK-TA,TRUE
sk|žilinský,SK,Žilinský,SK-ZI,TRUE
sl|eastern,SL,Eastern,SL-E,TRUE
sl|northern,SL,Northern,SL-N,TRUE
sl|southern,SL,Southern,SL-S,TRUE
sl|western,SL,Western,SL-W,TRUE
sm|acquaviva,SM,Acquaviva,SM-01,TRUE
sm|borgo maggiore,SM,Borgo Maggiore,SM-06,TRUE
sm|chiesanuova,SM,Chiesanuova,SM-02,TRUE
sm|domagnano,SM,Domagnano,SM-03,TRUE
sm|faetano,SM,Faetano,SM-04,TRUE
sm|fiorentino,SM,Fiorentino,SM-05,TRUE
sm|montegiardino,SM,Montegiardino,SM-08,TRUE
sm|san marino,SM,San Marino,SM-07,TRUE
sm|serravalle,SM,Serravalle,SM-09,TRUE
sn|dakar,SN,Dakar,SN-DK,TRUE
sn|diourbel,SN,Diourbel,SN-DB,TRUE
sn|fatick,SN,Fatick,SN-FK,TRUE
sn|kaffrine,SN,Kaffrine,SN-KA,TRUE
sn|kaolack,SN,Kaolack,SN-KL,TRUE
sn|kédougou,SN,Kédougou,SN-KE,TRUE
sn|kolda,SN,Kolda,SN-KD,TRUE
sn|louga,SN,Louga,SN-LG,TRUE
sn|matam,SN,Matam,SN-MT,TRUE
sn|saint-louis,SN,Saint-Louis,SN-SL,TRUE
sn|sédhiou,SN,Sédhiou,SN-SE,TRUE
sn|tambacounda,SN,Tambacounda,SN-TC,TRUE
sn|thiès,SN,Thiès,SN-TH,TRUE
sn|ziguinchor,SN,Ziguinchor,SN-ZG,TRUE
so|bakool,SO,Bakool,SO-BK,TRUE
so|banaadir,SO,Banaadir,SO-BN,TRUE
so|bari,SO,Bari,SO-BR,TRUE
so|bay,SO,Bay,SO-BY,TRUE
so|galguduud,SO,Galguduud,SO-GA,TRUE
so|gedo,SO,Gedo,SO-GE,TRUE
so|hiiraan,SO,Hiiraan,SO-HI,TRUE
so|jubbada dhexe,SO,Jubbada Dhexe,SO-JD,TRUE
so|jubbada hoose,SO,Jubbada Hoose,SO-JH,TRUE
so|mudug,SO,Mudug,SO-MU,TRUE
so|nugaal,SO,Nugaal,SO-NU,TRUE
so|shabeellaha dhexe,SO,Shabeellaha Dhexe,SO-SD,TRUE
so|shabeellaha hoose,SO,Shabeellaha Hoose,SO-SH,TRUE
so|somaliland,SO,Somaliland,SO-~10159,TRUE
sr|brokopondo,SR,Brokopondo,SR-BR,TRUE
sr|commewijne,SR,Commewijne,SR-CM,TRUE
sr|coronie,SR,Coronie,SR-CR,TRUE
sr|marowijne,SR,Marowijne,SR-MA,TRUE
sr|nickerie,SR,Nickerie,SR-NI,TRUE
sr|para,SR,Para,SR-PR,TRUE
sr|paramaribo,SR,Paramaribo,SR-PM,TRUE
sr|saramacca,SR,Saramacca,SR-SA,TRUE
sr|sipaliwini,SR,Sipaliwini,SR-SI,TRUE
sr|wanica,SR,Wanica,SR-WA,TRUE
ss|central equatoria,SS,Central Equatoria,SS-EC,TRUE
ss|eastern equatoria,SS,Eastern Equatoria,SS-EE,TRUE
ss|jonglei,SS,Jonglei,SS-JG,TRUE
ss|lakes,SS,Lakes,SS-LK,TRUE
ss|northern bahr el ghazal,SS,Northern Bahr el Ghazal,SS-BN,TRUE
ss|unity,SS,Unity,SS-UY,TRUE
ss|upper nile,SS,Upper Nile,SS-NU,TRUE
ss|warrap,SS,Warrap,SS-WR,TRUE
ss|western bahr el ghazal,SS,Western Bahr el Ghazal,SS-BW,TRUE
ss|western equatoria,SS,Western Equatoria,SS-EW,TRUE
st|príncipe,ST,Príncipe,ST-P,TRUE
st|são tomé,ST,São Tomé,ST-S,TRUE
sv|ahuachapán,SV,Ahuachapán,SV-AH,TRUE
sv|cabañas,SV,Cabañas,SV-CA,TRUE
sv|chalatenango,SV,Chalatenango,SV-CH,TRUE
sv|cuscatlán,SV,Cuscatlán,SV-CU,TRUE
sv|la libertad,SV,La Libertad,SV-LI,TRUE
sv|la paz,SV,La Paz,SV-PA,TRUE
sv|la unión,SV,La Unión,SV-UN,TRUE
sv|morazán,SV,Morazán,SV-MO,TRUE
sv|san miguel,SV,San Miguel,SV-SM,TRUE
sv|san salvador,SV,San Salvador,SV-SS,TRUE
sv|san vicente,SV,San Vicente,SV-SV,TRUE
sv|santa ana,SV,Santa Ana,SV-SA,TRUE
sv|sonsonate,SV,Sonsonate,SV-SO,TRUE
sv|usulután,SV,Usulután,SV-US,TRUE
sy|aleppo,SY,Aleppo,SY-HL,TRUE
sy|ar raqqah,SY,Ar Raqqah,SY-RA,TRUE
sy|as suwayda',SY,As Suwayda',SY-SU,TRUE
sy|damascus,SY,Damascus,SY-DI,TRUE
sy|dar`a,SY,Dar`a,SY-DR,TRUE
sy|dayr az zawr,SY,Dayr Az Zawr,SY-DY,TRUE
sy|hamah,SY,Hamah,SY-HM,TRUE
sy|hasaka (al haksa),SY,Hasaka (Al Haksa),SY-HA,TRUE
sy|homs (hims),SY,Homs (Hims),SY-HI,TRUE
sy|idlib,SY,Idlib,SY-ID,TRUE
sy|lattakia,SY,Lattakia,SY-LA,TRUE
sy|quneitra,SY,Quneitra,SY-QU,TRUE
sy|rif dimashq,SY,Rif Dimashq,SY-RD,TRUE
sy|tartus,SY,Tartus,SY-TA,TRUE
sy|undof,SY,UNDOF,SY-~5261,TRUE
sz|hhohho,SZ,Hhohho,SZ-HH,TRUE
sz|lubombo,SZ,Lubombo,SZ-LU,TRUE
sz|manzini,SZ,Manzini,SZ-MA,TRUE
sz|shiselweni,SZ,Shiselweni,SZ-SH,TRUE
tc|grand turk,TC,Grand Turk,TC-~5007,TRUE
tc|middle caicos,TC,Middle Caicos,TC-~5003,TRUE
tc|north caicos,TC,North Caicos,TC-~5004,TRUE
tc|providenciales and west caicos,TC,Providenciales and West Caicos,TC-~5005,TRUE
tc|salt cay,TC,Salt Cay,TC-~5008,TRUE
tc|south caicos and east caicos,TC,South Caicos and East Caicos,TC-~5006,TRUE
td|barh el gazel,TD,Barh El Gazel,TD-BG,TRUE
td|batha,TD,Batha,TD-BA,TRUE
td|borkou,TD,Borkou,TD-BO,TRUE
td|chari-baguirmi,TD,Chari-Baguirmi,TD-CB,TRUE
td|ennedi,TD,Ennedi,TD-~5579,TRUE
td|guéra,TD,Guéra,TD-GR,TRUE
td|hadjer-lamis,TD,Hadjer-Lamis,TD-HL,TRUE
td|kanem,TD,Kanem,TD-KA,TRUE
td|lac,TD,Lac,TD-LC,TRUE
td|logone occidental,TD,Logone Occidental,TD-LO,TRUE
td|logone oriental,TD,Logone Oriental,TD-LR,TRUE
td|mandoul,TD,Mandoul,TD-MA,TRUE
td|mayo-kebbi est,TD,Mayo-Kebbi Est,TD-ME,TRUE
td|mayo-kebbi ouest,TD,Mayo-Kebbi Ouest,TD-MO,TRUE
td|moyen-chari,TD,Moyen-Chari,TD-MC,TRUE
td|ouaddaï,TD,Ouaddaï,TD-OD,TRUE
td|salamat,TD,Salamat,TD-SA,TRUE
td|sila,TD,Sila,TD-SI,TRUE
td|tandjilé,TD,Tandjilé,TD-TA,TRUE
td|tibesti,TD,Tibesti,TD-TI,TRUE
td|ville de n'djamena,TD,Ville de N'Djamena,TD-ND,TRUE
td|wadi fira,TD,Wadi Fira,TD-WF,TRUE
tf|archipel des crozet,TF,Archipel des Crozet,TF-~5917,TRUE
tf|archipel des kerguelen,TF,Archipel des Kerguelen,TF-~5916,TRUE
tf|iles eparses de l'ocean indien,TF,Iles Eparses de l'ocean Indien,TF-~5919,TRUE
tf|iles saint-paul et nouvelle-amsterdam,TF,Iles Saint-Paul et Nouvelle-Amsterdam,TF-~5918,TRUE
tg|centre,TG,Centre,TG-C,TRUE
tg|kara,TG,Kara,TG-K,TRUE
tg|maritime,TG,Maritime,TG-M,TRUE
tg|plateaux,TG,Plateaux,TG-P,TRUE
tg|savanes,TG,Savanes,TG-S,TRUE
th|amnat charoen,TH,Amnat Charoen,TH-37,TRUE
th|ang thong,TH,Ang Thong,TH-15,TRUE
th|bangkok metropolis,TH,Bangkok Metropolis,TH-10,TRUE
th|bueng kan,TH,Bueng Kan,TH-38,TRUE
th|buri ram,TH,Buri Ram,TH-31,TRUE
th|chachoengsao,TH,Chachoengsao,TH-24,TRUE
th|chai nat,TH,Chai Nat,TH-18,TRUE
th|chaiyaphum,TH,Chaiyaphum,TH-36,TRUE
th|chanthaburi,TH,Chanthaburi,TH-22,TRUE
th|chiang mai,TH,Chiang Mai,TH-50,TRUE
th|chiang rai,TH,Chiang Rai,TH-57,TRUE
th|chon buri,TH,Chon Buri,TH-20,TRUE
th|chumphon,TH,Chumphon,TH-86,TRUE
th|kalasin,TH,Kalasin,TH-46,TRUE
th|kamphaeng phet,TH,Kamphaeng Phet,TH-62,TRUE
th|kanchanaburi,TH,Kanchanaburi,TH-71,TRUE
th|khon kaen,TH,Khon Kaen,TH-40,TRUE
th|krabi,TH,Krabi,TH-81,TRUE
th|lampang,TH,Lampang,TH-52,TRUE
th|lamphun,TH,Lamphun,TH-51,TRUE
th|loei,TH,Loei,TH-42,TRUE
th|lop buri,TH,Lop Buri,TH-16,TRUE
th|mae hong son,TH,Mae Hong Son,TH-58,TRUE
th|maha sarakham,TH,Maha Sarakham,TH-44,TRUE
th|mukdahan,TH,Mukdahan,TH-49,TRUE
th|nakhon nayok,TH,Nakhon Nayok,TH-26,TRUE
th|nakhon pathom,TH,Nakhon Pathom,TH-73,TRUE
th|nakhon phanom,TH,Nakhon Phanom,TH-48,TRUE
th|nakhon ratchasima,TH,Nakhon Ratchasima,TH-30,TRUE
th|nakhon sawan,TH,Nakhon Sawan,TH-60,TRUE
th|nakhon si thammarat,TH,Nakhon Si Thammarat,TH-80,TRUE
th|nan,TH,Nan,TH-55,TRUE
th|narathiwat,TH,Narathiwat,TH-96,TRUE
th|nong bua lam phu,TH,Nong Bua Lam Phu,TH-39,TRUE
th|nong khai,TH,Nong Khai,TH-43,TRUE
th|nonthaburi,TH,Nonthaburi,TH-12,TRUE
th|pathum thani,TH,Pathum Thani,TH-13,TRUE
th|pattani,TH,Pattani,TH-94,TRUE
th|phangnga,TH,Phangnga,TH-82,TRUE
th|phatthalung,TH,Phatthalung,TH-93,TRUE
th|phayao,TH,Phayao,TH-56,TRUE
th|phetchabun,TH,Phetchabun,TH-67,TRUE
th|phetchaburi,TH,Phetchaburi,TH-76,TRUE
th|phichit,TH,Phichit,TH-66,TRUE
th|phitsanulok,TH,Phitsanulok,TH-65,TRUE
th|phra nakhon si ayutthaya,TH,Phra Nakhon Si Ayutthaya,TH-14,TRUE
th|phrae,TH,Phrae,TH-54,TRUE
th|phuket,TH,Phuket,TH-83,TRUE
th|prachin buri,TH,Prachin Buri,TH-25,TRUE
th|prachuap khiri khan,TH,Prachuap Khiri Khan,TH-77,TRUE
th|ranong,TH,Ranong,TH-85,TRUE
th|ratchaburi,TH,Ratchaburi,TH-70,TRUE
th|rayong,TH,Rayong,TH-21,TRUE
th|roi et,TH,Roi Et,TH-45,TRUE
th|sa kaeo,TH,Sa Kaeo,TH-27,TRUE
th|sakon nakhon,TH,Sakon Nakhon,TH-47,TRUE
th|samut prakan,TH,Samut Prakan,TH-11,TRUE
th|samut sakhon,TH,Samut Sakhon,TH-74,TRUE
th|samut songkhram,TH,Samut Songkhram,TH-75,TRUE
th|saraburi,TH,Saraburi,TH-19,TRUE
th|satun,TH,Satun,TH-91,TRUE
th|si sa ket,TH,Si Sa Ket,TH-33,TRUE
th|sing buri,TH,Sing Buri,TH-17,TRUE
th|songkhla,TH,Songkhla,TH-90,TRUE
th|sukhothai,TH,Sukhothai,TH-64,TRUE
th|suphan buri,TH,Suphan Buri,TH-72,TRUE
th|surat thani,TH,Surat Thani,TH-84,TRUE
th|surin,TH,Surin,TH-32,TRUE
th|tak,TH,Tak,TH-63,TRUE
th|trang,TH,Trang,TH-92,TRUE
th|trat,TH,Trat,TH-23,TRUE
th|ubon ratchathani,TH,Ubon Ratchathani,TH-34,TRUE
th|udon thani,TH,Udon Thani,TH-41,TRUE
th|uthai thani,TH,Uthai Thani,TH-61,TRUE
th|uttaradit,TH,Uttaradit,TH-53,TRUE
th|yala,TH,Yala,TH-95,TRUE
th|yasothon,TH,Yasothon,TH-35,TRUE
tj|dushanbe,TJ,Dushanbe,TJ-DU,TRUE
tj|gorno-badakhshan,TJ,Gorno-Badakhshan,TJ-GB,TRUE
tj|khatlon,TJ,Khatlon,TJ-KT,TRUE
tj|leninabad,TJ,Leninabad,TJ-SU,TRUE
tj|tadzhikistan territories,TJ,Tadzhikistan Territories,TJ-~368,TRUE
tl|aileu,TL,Aileu,TL-AL,TRUE
tl|ainaro,TL,Ainaro,TL-AN,TRUE
tl|ambeno,TL,Ambeno,TL-OE,TRUE
tl|baucau,TL,Baucau,TL-BA,TRUE
tl|bobonaro,TL,Bobonaro,TL-BO,TRUE
tl|cova lima,TL,Cova Lima,TL-CO,TRUE
tl|dili,TL,Dili,TL-DI,TRUE
tl|ermera,TL,Ermera,TL-ER,TRUE
tl|lautém,TL,Lautém,TL-LA,TRUE
tl|liquica,TL,Liquica,TL-LI,TRUE
tl|manatuto,TL,Manatuto,TL-MT,TRUE
tl|manufahi,TL,Manufahi,TL-MF,TRUE
tl|viqueque,TL,Viqueque,TL-VI,TRUE
tm|ahal,TM,Ahal,TM-A,TRUE
tm|balkan,TM,Balkan,TM-B,TRUE
tm|chardzhou,TM,Chardzhou,TM-L,TRUE
tm|mary,TM,Mary,TM-M,TRUE
tm|tashauz,TM,Tashauz,TM-D,TRUE
tn|béja,TN,Béja,TN-31,TRUE
tn|ben arous (tunis sud),TN,Ben Arous (Tunis Sud),TN-13,TRUE
tn|bizerte,TN,Bizerte,TN-23,TRUE
tn|gabès,TN,Gabès,TN-81,TRUE
tn|gafsa,TN,Gafsa,TN-71,TRUE
tn|jendouba,TN,Jendouba,TN-32,TRUE
tn|kairouan,TN,Kairouan,TN-41,TRUE
tn|kassérine,TN,Kassérine,TN-42,TRUE
tn|kebili,TN,Kebili,TN-73,TRUE
tn|le kef,TN,Le Kef,TN-33,TRUE
tn|mahdia,TN,Mahdia,TN-53,TRUE
tn|manubah,TN,Manubah,TN-14,TRUE
tn|médenine,TN,Médenine,TN-82,TRUE
tn|monastir,TN,Monastir,TN-52,TRUE
tn|nabeul,TN,Nabeul,TN-21,TRUE
tn|sfax,TN,Sfax,TN-61,TRUE
tn|sidi bou zid,TN,Sidi Bou Zid,TN-43,TRUE
tn|siliana,TN,Siliana,TN-34,TRUE
tn|sousse,TN,Sousse,TN-51,TRUE
tn|tataouine,TN,Tataouine,TN-83,TRUE
tn|tozeur,TN,Tozeur,TN-72,TRUE
tn|tunis,TN,Tunis,TN-11,TRUE
tn|zaghouan,TN,Zaghouan,TN-22,TRUE
to|eua,TO,Eua,TO-01,TRUE
to|ha'apai,TO,Ha'apai,TO-02,TRUE
to|niuas,TO,Niuas,TO-03,TRUE
to|tongatapu,TO,Tongatapu,TO-04,TRUE
to|vava'u,TO,Vava'u,TO-05,TRUE
tr|adana,TR,Adana,TR-01,TRUE
tr|adiyaman,TR,Adiyaman,TR-02,TRUE
tr|afyonkarahisar,TR,Afyonkarahisar,TR-03,TRUE
tr|agri,TR,Agri,TR-04,TRUE
tr|aksaray,TR,Aksaray,TR-68,TRUE
tr|amasya,TR,Amasya,TR-05,TRUE
tr|ankara,TR,Ankara,TR-06,TRUE
tr|antalya,TR,Antalya,TR-07,TRUE
tr|ardahan,TR,Ardahan,TR-75,TRUE
tr|artvin,TR,Artvin,TR-08,TRUE
tr|aydin,TR,Aydin,TR-09,TRUE
tr|balikesir,TR,Balikesir,TR-10,TRUE
tr|bartın,TR,Bartın,TR-74,TRUE
tr|batman,TR,Batman,TR-72,TRUE
tr|bayburt,TR,Bayburt,TR-69,TRUE
tr|bilecik,TR,Bilecik,TR-11,TRUE
tr|bingöl,TR,Bingöl,TR-12,TRUE
tr|bitlis,TR,Bitlis,TR-13,TRUE
tr|bolu,TR,Bolu,TR-14,TRUE
tr|burdur,TR,Burdur,TR-15,TRUE
tr|bursa,TR,Bursa,TR-16,TRUE
tr|çanakkale,TR,Çanakkale,TR-17,TRUE
tr|çankiri,TR,Çankiri,TR-18,TRUE
tr|çorum,TR,Çorum,TR-19,TRUE
tr|denizli,TR,Denizli,TR-20,TRUE
tr|diyarbakir,TR,Diyarbakir,TR-21,TRUE
tr|düzce,TR,Düzce,TR-81,TRUE
tr|edirne,TR,Edirne,TR-22,TRUE
tr|elazig,TR,Elazig,TR-23,TRUE
tr|erzincan,TR,Erzincan,TR-24,TRUE
tr|erzurum,TR,Erzurum,TR-25,TRUE
tr|eskisehir,TR,Eskisehir,TR-26,TRUE
tr|gaziantep,TR,Gaziantep,TR-27,TRUE
tr|giresun,TR,Giresun,TR-28,TRUE
tr|gümüshane,TR,Gümüshane,TR-29,TRUE
tr|hakkari,TR,Hakkari,TR-30,TRUE
tr|hatay,TR,Hatay,TR-31,TRUE
tr|iğdir,TR,Iğdir,TR-76,TRUE
tr|isparta,TR,Isparta,TR-32,TRUE
tr|istanbul,TR,Istanbul,TR-34,TRUE
tr|izmir,TR,Izmir,TR-35,TRUE
tr|k. maras,TR,K. Maras,TR-46,TRUE
tr|karabük,TR,Karabük,TR-78,TRUE
tr|karaman,TR,Karaman,TR-70,TRUE
tr|kars,TR,Kars,TR-36,TRUE
tr|kastamonu,TR,Kastamonu,TR-37,TRUE
tr|kayseri,TR,Kayseri,TR-38,TRUE
tr|kilis,TR,Kilis,TR-79,TRUE
tr|kinkkale,TR,Kinkkale,TR-71,TRUE
tr|kirklareli,TR,Kirklareli,TR-39,TRUE
tr|kirsehir,TR,Kirsehir,TR-40,TRUE
tr|kocaeli,TR,Kocaeli,TR-41,TRUE
tr|konya,TR,Konya,TR-42,TRUE
tr|kütahya,TR,Kütahya,TR-43,TRUE
tr|malatya,TR,Malatya,TR-44,TRUE
tr|manisa,TR,Manisa,TR-45,TRUE
tr|mardin,TR,Mardin,TR-47,TRUE
tr|mersin,TR,Mersin,TR-33,TRUE
tr|mugla,TR,Mugla,TR-48,TRUE
tr|mus,TR,Mus,TR-49,TRUE
tr|nevsehir,TR,Nevsehir,TR-50,TRUE
tr|nigde,TR,Nigde,TR-51,TRUE
tr|ordu,TR,Ordu,TR-52,TRUE
tr|osmaniye,TR,Osmaniye,TR-80,TRUE
tr|rize,TR,Rize,TR-53,TRUE
tr|sakarya,TR,Sakarya,TR-54,TRUE
tr|samsun,TR,Samsun,TR-55,TRUE
tr|sanliurfa,TR,Sanliurfa,TR-63,TRUE
tr|siirt,TR,Siirt,TR-56,TRUE
tr|sinop,TR,Sinop,TR-57,TRUE
tr|sirnak,TR,Sirnak,TR-73,TRUE
tr|sivas,TR,Sivas,TR-58,TRUE
tr|tekirdag,TR,Tekirdag,TR-59,TRUE
tr|tokat,TR,Tokat,TR-60,TRUE
tr|trabzon,TR,Trabzon,TR-61,TRUE
tr|tunceli,TR,Tunceli,TR-62,TRUE
tr|usak,TR,Usak,TR-64,TRUE
tr|van,TR,Van,TR-65,TRUE
tr|yalova,TR,Yalova,TR-77,TRUE
tr|yozgat,TR,Yozgat,TR-66,TRUE
tr|zinguldak,TR,Zinguldak,TR-67,TRUE
tt|arima,TT,Arima,TT-ARI,TRUE
tt|chaguanas,TT,Chaguanas,TT-CHA,TRUE
tt|couva-tabaquite-talparo,TT,Couva-Tabaquite-Talparo,TT-CTT,TRUE
tt|diego martin,TT,Diego Martin,TT-DMN,TRUE
tt|eastern tobago,TT,Eastern Tobago,TT-ETO,TRUE
tt|penal-debe,TT,Penal-Debe,TT-PED,TRUE
tt|point fortin,TT,Point Fortin,TT-PTF,TRUE
tt|port of spain,TT,Port of Spain,TT-POS,TRUE
tt|princes town,TT,Princes Town,TT-PRT,TRUE
tt|rio claro-mayaro,TT,Rio Claro-Mayaro,TT-RCM,TRUE
tt|san fernando,TT,San Fernando,TT-SFO,TRUE
tt|san juan-laventille,TT,San Juan-Laventille,TT-SJL,TRUE
tt|sangre grande,TT,Sangre Grande,TT-SGE,TRUE
tt|siparia,TT,Siparia,TT-SIP,TRUE
tt|tunapuna/piarco,TT,Tunapuna/Piarco,TT-TUP,TRUE
tt|western tobago,TT,Western Tobago,TT-WTO,TRUE
tw|changhua,TW,Changhua,TW-CHA,TRUE
tw|chiayi,TW,Chiayi,TW-CYQ,TRUE
tw|chiayi city,TW,Chiayi City,TW-CYI,TRUE
tw|hsinchu,TW,Hsinchu,TW-HSQ,TRUE
tw|hsinchu city,TW,Hsinchu City,TW-HSZ,TRUE
tw|hualien,TW,Hualien,TW-HUA,TRUE
tw|kaohsiung city,TW,Kaohsiung City,TW-KHH,TRUE
tw|keelung city,TW,Keelung City,TW-KEE,TRUE
tw|kinmen,TW,Kinmen,TW-KIN,TRUE
tw|miaoli,TW,Miaoli,TW-MIA,TRUE
tw|nantou,TW,Nantou,TW-NAN,TRUE
tw|new taipei city,TW,New Taipei City,TW-TPQ,TRUE
tw|penghu,TW,Penghu,TW-PEN,TRUE
tw|pingtung,TW,Pingtung,TW-PIF,TRUE
tw|taichung city,TW,Taichung City,TW-TXG,TRUE
tw|tainan city,TW,Tainan City,TW-TNN,TRUE
tw|taipei city,TW,Taipei City,TW-TPE,TRUE
tw|taitung,TW,Taitung,TW-TTT,TRUE
tw|taoyuan,TW,Taoyuan,TW-TAO,TRUE
tw|yilan,TW,Yilan,TW-ILA,TRUE
tw|yunlin,TW,Yunlin,TW-YUN,TRUE
tz|arusha,TZ,Arusha,TZ-01,TRUE
tz|dar-es-salaam,TZ,Dar-Es-Salaam,TZ-02,TRUE
tz|dodoma,TZ,Dodoma,TZ-03,TRUE
tz|geita,TZ,Geita,TZ-27,TRUE
tz|iringa,TZ,Iringa,TZ-04,TRUE
tz|kagera,TZ,Kagera,TZ-05,TRUE
tz|kaskazini-pemba,TZ,Kaskazini-Pemba,TZ-06,TRUE
tz|kaskazini-unguja,TZ,Kaskazini-Unguja,TZ-07,TRUE
tz|katavi,TZ,Katavi,TZ-28,TRUE
tz|kigoma,TZ,Kigoma,TZ-08,TRUE
tz|kilimanjaro,TZ,Kilimanjaro,TZ-09,TRUE
tz|kusini-pemba,TZ,Kusini-Pemba,TZ-10,TRUE
tz|lindi,TZ,Lindi,TZ-12,TRUE
tz|manyara,TZ,Manyara,TZ-26,TRUE
tz|mara,TZ,Mara,TZ-13,TRUE
tz|mbeya,TZ,Mbeya,TZ-14,TRUE
tz|morogoro,TZ,Morogoro,TZ-16,TRUE
tz|mtwara,TZ,Mtwara,TZ-17,TRUE
tz|mwanza,TZ,Mwanza,TZ-18,TRUE
tz|njombe,TZ,Njombe,TZ-29,TRUE
tz|pwani,TZ,Pwani,TZ-19,TRUE
tz|rukwa,TZ,Rukwa,TZ-20,TRUE
tz|ruvuma,TZ,Ruvuma,TZ-21,TRUE
tz|shinyanga,TZ,Shinyanga,TZ-22,TRUE
tz|simiyu,TZ,Simiyu,TZ-30,TRUE
tz|singida,TZ,Singida,TZ-23,TRUE
tz|tabora,TZ,Tabora,TZ-24,TRUE
tz|tanga,TZ,Tanga,TZ-25,TRUE
tz|zanzibar south and central,TZ,Zanzibar South and Central,TZ-11,TRUE
tz|zanzibar west,TZ,Zanzibar West,TZ-15,TRUE
ua|cherkasy,UA,Cherkasy,UA-71,TRUE
ua|chernihiv,UA,Chernihiv,UA-74,TRUE
ua|chernivtsi,UA,Chernivtsi,UA-77,TRUE
ua|dnipropetrovs'k,UA,Dnipropetrovs'k,UA-12,TRUE
ua|donets'k,UA,Donets'k,UA-14,TRUE
ua|ivano-frankivs'k,UA,Ivano-Frankivs'k,UA-26,TRUE
ua|kharkiv,UA,Kharkiv,UA-63,TRUE
ua|kherson,UA,Kherson,UA-65,TRUE
ua|khmel'nyts'kyy,UA,Khmel'nyts'kyy,UA-68,TRUE
ua|kiev,UA,Kiev,UA-32,TRUE
ua|kiev city,UA,Kiev City,UA-30,TRUE
ua|kirovohrad,UA,Kirovohrad,UA-35,TRUE
ua|l'viv,UA,L'viv,UA-46,TRUE
ua|luhans'k,UA,Luhans'k,UA-09,TRUE
ua|mykolayiv,UA,Mykolayiv,UA-48,TRUE
ua|odessa,UA,Odessa,UA-51,TRUE
ua|poltava,UA,Poltava,UA-53,TRUE
ua|rivne,UA,Rivne,UA-56,TRUE
ua|sumy,UA,Sumy,UA-59,TRUE
ua|ternopil',UA,Ternopil',UA-61,TRUE
ua|transcarpathia,UA,Transcarpathia,UA-21,TRUE
ua|vinnytsya,UA,Vinnytsya,UA-05,TRUE
ua|volyn,UA,Volyn,UA-07,TRUE
ua|zaporizhzhya,UA,Zaporizhzhya,UA-23,TRUE
ua|zhytomyr,UA,Zhytomyr,UA-18,TRUE
ug|abim,UG,Abim,UG-317,TRUE
ug|adjumani,UG,Adjumani,UG-301,TRUE
ug|agago,UG,Agago,UG-322,TRUE
ug|alebtong,UG,Alebtong,UG-323,TRUE
ug|amolatar,UG,Amolatar,UG-314,TRUE
ug|amudat,UG,Amudat,UG-324,TRUE
ug|amuria,UG,Amuria,UG-216,TRUE
ug|amuru,UG,Amuru,UG-319,TRUE
ug|apac,UG,Apac,UG-302,TRUE
ug|arua,UG,Arua,UG-303,TRUE
ug|budaka,UG,Budaka,UG-217,TRUE
ug|bududa,UG,Bududa,UG-223,TRUE
ug|bugiri,UG,Bugiri,UG-201,TRUE
ug|buhweju,UG,Buhweju,UG-325,TRUE
ug|buikwe,UG,Buikwe,UG-117,TRUE
ug|bukedea,UG,Bukedea,UG-224,TRUE
ug|bukomansimbi,UG,Bukomansimbi,UG-118,TRUE
ug|bukwa,UG,Bukwa,UG-218,TRUE
ug|bulambuli,UG,Bulambuli,UG-225,TRUE
ug|buliisa,UG,Buliisa,UG-419,TRUE
ug|bundibugyo,UG,Bundibugyo,UG-401,TRUE
ug|bushenyi,UG,Bushenyi,UG-402,TRUE
ug|busia,UG,Busia,UG-202,TRUE
ug|butaleja,UG,Butaleja,UG-219,TRUE
ug|butambala,UG,Butambala,UG-119,TRUE
ug|buvuma,UG,Buvuma,UG-120,TRUE
ug|buyende,UG,Buyende,UG-226,TRUE
ug|dokolo,UG,Dokolo,UG-318,TRUE
ug|gomba,UG,Gomba,UG-121,TRUE
ug|gulu,UG,Gulu,UG-304,TRUE
ug|hoima,UG,Hoima,UG-403,TRUE
ug|ibanda,UG,Ibanda,UG-416,TRUE
ug|iganga,UG,Iganga,UG-203,TRUE
ug|isingiro,UG,Isingiro,UG-417,TRUE
ug|jinja,UG,Jinja,UG-204,TRUE
ug|kaabong,UG,Kaabong,UG-315,TRUE
ug|kabale,UG,Kabale,UG-404,TRUE
ug|kabarole,UG,Kabarole,UG-405,TRUE
ug|kaberamaido,UG,Kaberamaido,UG-213,TRUE
ug|kalangala,UG,Kalangala,UG-101,TRUE
ug|kaliro,UG,Kaliro,UG-220,TRUE
ug|kalungu,UG,Kalungu,UG-122,TRUE
ug|kampala,UG,Kampala,UG-102,TRUE
ug|kamuli,UG,Kamuli,UG-205,TRUE
ug|kamwenge,UG,Kamwenge,UG-413,TRUE
ug|kanungu,UG,Kanungu,UG-414,TRUE
ug|kapchorwa,UG,Kapchorwa,UG-206,TRUE
ug|kasese,UG,Kasese,UG-406,TRUE
ug|katakwi,UG,Katakwi,UG-207,TRUE
ug|kayunga,UG,Kayunga,UG-112,TRUE
ug|kibale,UG,Kibale,UG-407,TRUE
ug|kiboga,UG,Kiboga,UG-103,TRUE
ug|kibuku,UG,Kibuku,UG-227,TRUE
ug|kiryandongo,UG,Kiryandongo,UG-420,TRUE
ug|kisoro,UG,Kisoro,UG-408,TRUE
ug|kitgum,UG,Kitgum,UG-305,TRUE
ug|koboko,UG,Koboko,UG-316,TRUE
ug|kole,UG,Kole,UG-326,TRUE
ug|kotido,UG,Kotido,UG-306,TRUE
ug|kumi,UG,Kumi,UG-208,TRUE
ug|kween,UG,Kween,UG-228,TRUE
ug|kyankwanzi,UG,Kyankwanzi,UG-123,TRUE
ug|kyegegwa,UG,Kyegegwa,UG-421,TRUE
ug|kyenjojo,UG,Kyenjojo,UG-415,TRUE
ug|lamwo,UG,Lamwo,UG-327,TRUE
ug|lira,UG,Lira,UG-307,TRUE
ug|luuka,UG,Luuka,UG-229,TRUE
ug|luweero,UG,Luweero,UG-104,TRUE
ug|lwengo,UG,Lwengo,UG-124,TRUE
ug|lyantonde,UG,Lyantonde,UG-116,TRUE
ug|manafwa,UG,Manafwa,UG-221,TRUE
ug|maracha,UG,Maracha,UG-320,TRUE
ug|masaka,UG,Masaka,UG-105,TRUE
ug|masindi,UG,Masindi,UG-409,TRUE
ug|mayuge,UG,Mayuge,UG-214,TRUE
ug|mbale,UG,Mbale,UG-209,TRUE
ug|mbarara,UG,Mbarara,UG-410,TRUE
ug|mitooma,UG,Mitooma,UG-422,TRUE
ug|mityana,UG,Mityana,UG-114,TRUE
ug|moroto,UG,Moroto,UG-308,TRUE
ug|moyo,UG,Moyo,UG-309,TRUE
ug|mpigi,UG,Mpigi,UG-106,TRUE
ug|mubende,UG,Mubende,UG-107,TRUE
ug|mukono,UG,Mukono,UG-108,TRUE
ug|nakapiripirit,UG,Nakapiripirit,UG-311,TRUE
ug|nakaseke,UG,Nakaseke,UG-115,TRUE
ug|nakasongola,UG,Nakasongola,UG-109,TRUE
ug|namayingo,UG,Namayingo,UG-230,TRUE
ug|namutumba,UG,Namutumba,UG-222,TRUE
ug|napak,UG,Napak,UG-328,TRUE
ug|nebbi,UG,Nebbi,UG-310,TRUE
ug|ngora,UG,Ngora,UG-231,TRUE
ug|ntoroko,UG,Ntoroko,UG-423,TRUE
ug|ntungamo,UG,Ntungamo,UG-411,TRUE
ug|nwoya,UG,Nwoya,UG-329,TRUE
ug|otuke,UG,Otuke,UG-330,TRUE
ug|oyam,UG,Oyam,UG-321,TRUE
ug|pader,UG,Pader,UG-312,TRUE
ug|pallisa,UG,Pallisa,UG-210,TRUE
ug|rakai,UG,Rakai,UG-110,TRUE
ug|rubirizi,UG,Rubirizi,UG-424,TRUE
ug|rukungiri,UG,Rukungiri,UG-412,TRUE
ug|sembabule,UG,Sembabule,UG-111,TRUE
ug|serere,UG,Serere,UG-232,TRUE
ug|sheema,UG,Sheema,UG-425,TRUE
ug|sironko,UG,Sironko,UG-215,TRUE
ug|soroti,UG,Soroti,UG-211,TRUE
ug|tororo,UG,Tororo,UG-212,TRUE
ug|wakiso,UG,Wakiso,UG-113,TRUE
ug|yumbe,UG,Yumbe,UG-313,TRUE
ug|zombo,UG,Zombo,UG-331,TRUE
us|alabama,US,Alabama,US-AL,TRUE
us|alaska,US,Alaska,US-AK,TRUE
us|arizona,US,Arizona,US-AZ,TRUE
us|arkansas,US,Arkansas,US-AR,TRUE
us|california,US,California,US-CA,TRUE
us|colorado,US,Colorado,US-CO,TRUE
us|connecticut,US,Connecticut,US-CT,TRUE
us|delaware,US,Delaware,US-DE,TRUE
us|district of columbia,US,District of Columbia,US-DC,TRUE
us|florida,US,Florida,US-FL,TRUE
us|georgia,US,Georgia,US-GA,TRUE
us|hawaii,US,Hawaii,US-HI,TRUE
us|idaho,US,Idaho,US-ID,TRUE
us|illinois,US,Illinois,US-IL,TRUE
us|indiana,US,Indiana,US-IN,TRUE
us|iowa,US,Iowa,US-IA,TRUE
us|kansas,US,Kansas,US-KS,TRUE
us|kentucky,US,Kentucky,US-KY,TRUE
us|louisiana,US,Louisiana,US-LA,TRUE
us|maine,US,Maine,US-ME,TRUE
us|maryland,US,Maryland,US-MD,TRUE
us|massachusetts,US,Massachusetts,US-MA,TRUE
us|michigan,US,Michigan,US-MI,TRUE
us|minnesota,US,Minnesota,US-MN,TRUE
us|mississippi,US,Mississippi,US-MS,TRUE
us|missouri,US,Missouri,US-MO,TRUE
us|montana,US,Montana,US-MT,TRUE
us|nebraska,US,Nebraska,US-NE,TRUE
us|nevada,US,Nevada,US-NV,TRUE
us|new hampshire,US,New Hampshire,US-NH,TRUE
us|new jersey,US,New Jersey,US-NJ,TRUE
us|new mexico,US,New Mexico,US-NM,TRUE
us|new york,US,New York,US-NY,TRUE
us|north carolina,US,North Carolina,US-NC,TRUE
us|north dakota,US,North Dakota,US-ND,TRUE
us|ohio,US,Ohio,US-OH,TRUE
us|oklahoma,US,Oklahoma,US-OK,TRUE
us|oregon,US,Oregon,US-OR,TRUE
us|pennsylvania,US,Pennsylvania,US-PA,TRUE
us|rhode island,US,Rhode Island,US-RI,TRUE
us|south carolina,US,South Carolina,US-SC,TRUE
us|south dakota,US,South Dakota,US-SD,TRUE
us|tennessee,US,Tennessee,US-TN,TRUE
us|texas,US,Texas,US-TX,TRUE
us|utah,US,Utah,US-UT,TRUE
us|vermont,US,Vermont,US-VT,TRUE
us|virginia,US,Virginia,US-VA,TRUE
us|washington,US,Washington,US-WA,TRUE
us|west virginia,US,West Virginia,US-WV,TRUE
us|wisconsin,US,Wisconsin,US-WI,TRUE
us|wyoming,US,Wyoming,US-WY,TRUE
uy|artigas,UY,Artigas,UY-AR,TRUE
uy|canelones,UY,Canelones,UY-CA,TRUE
uy|cerro largo,UY,Cerro Largo,UY-CL,TRUE
uy|colonia,UY,Colonia,UY-CO,TRUE
uy|durazno,UY,Durazno,UY-DU,TRUE
uy|flores,UY,Flores,UY-FS,TRUE
uy|florida,UY,Florida,UY-FD,TRUE
uy|lavalleja,UY,Lavalleja,UY-LA,TRUE
uy|maldonado,UY,Maldonado,UY-MA,TRUE
uy|montevideo,UY,Montevideo,UY-MO,TRUE
uy|paysandú,UY,Paysandú,UY-PA,TRUE
uy|río negro,UY,Río Negro,UY-RN,TRUE
uy|rivera,UY,Rivera,UY-RV,TRUE
uy|rocha,UY,Rocha,UY-RO,TRUE
uy|salto,UY,Salto,UY-SA,TRUE
uy|san josé,UY,San José,UY-SJ,TRUE
uy|soriano,UY,Soriano,UY-SO,TRUE
uy|tacuarembó,UY,Tacuarembó,UY-TA,TRUE
uy|treinta y tres,UY,Treinta y Tres,UY-TT,TRUE
uz|andijon,UZ,Andijon,UZ-AN,TRUE
uz|bukhoro,UZ,Bukhoro,UZ-BU,TRUE
uz|ferghana,UZ,Ferghana,UZ-FA,TRUE
uz|jizzakh,UZ,Jizzakh,UZ-JI,TRUE
uz|karakalpakstan,UZ,Karakalpakstan,UZ-QR,TRUE
uz|kashkadarya,UZ,Kashkadarya,UZ-QA,TRUE
uz|khorezm,UZ,Khorezm,UZ-XO,TRUE
uz|namangan,UZ,Namangan,UZ-NG,TRUE
uz|navoi,UZ,Navoi,UZ-NW,TRUE
uz|samarkand,UZ,Samarkand,UZ-SA,TRUE
uz|sirdaryo,UZ,Sirdaryo,UZ-SI,TRUE
uz|surkhandarya,UZ,Surkhandarya,UZ-SU,TRUE
uz|tashkent,UZ,Tashkent,UZ-TO,TRUE
uz|tashkent (2),UZ,Tashkent (2),UZ-TK,TRUE
vc|charlotte,VC,Charlotte,VC-01,TRUE
vc|grenadines,VC,Grenadines,VC-06,TRUE
vc|saint andrew,VC,Saint Andrew,VC-02,TRUE
vc|saint david,VC,Saint David,VC-03,TRUE
vc|saint george,VC,Saint George,VC-04,TRUE
vc|saint patrick,VC,Saint Patrick,VC-05,TRUE
ve|amazonas,VE,Amazonas,VE-Z,TRUE
ve|anzoátegui,VE,Anzoátegui,VE-B,TRUE
ve|apure,VE,Apure,VE-C,TRUE
ve|aragua,VE,Aragua,VE-D,TRUE
ve|barinas,VE,Barinas,VE-E,TRUE
ve|bolívar,VE,Bolívar,VE-F,TRUE
ve|carabobo,VE,Carabobo,VE-G,TRUE
ve|cojedes,VE,Cojedes,VE-H,TRUE
ve|delta amacuro,VE,Delta Amacuro,VE-Y,TRUE
ve|dependencias federales,VE,Dependencias Federales,VE-W,TRUE
ve|distrito capital,VE,Distrito Capital,VE-A,TRUE
ve|falcón,VE,Falcón,VE-I,TRUE
ve|guárico,VE,Guárico,VE-J,TRUE
ve|lara,VE,Lara,VE-K,TRUE
ve|mérida,VE,Mérida,VE-L,TRUE
ve|miranda,VE,Miranda,VE-M,TRUE
ve|monagas,VE,Monagas,VE-N,TRUE
ve|nueva esparta,VE,Nueva Esparta,VE-O,TRUE
ve|portuguesa,VE,Portuguesa,VE-P,TRUE
ve|sucre,VE,Sucre,VE-R,TRUE
ve|táchira,VE,Táchira,VE-S,TRUE
ve|trujillo,VE,Trujillo,VE-T,TRUE
ve|unnamed area,VE,Unnamed area,VE-~10186,TRUE
ve|vargas,VE,Vargas,VE-X,TRUE
ve|yaracuy,VE,Yaracuy,VE-U,TRUE
ve|zulia,VE,Zulia,VE-V,TRUE
vi|saint croix,VI,Saint Croix,VI-~4870,TRUE
vi|saint john,VI,Saint John,VI-~4869,TRUE
vi|saint thomas,VI,Saint Thomas,VI-~4868,TRUE
vn|an giang,VN,An Giang,VN-44,TRUE
vn|bà rịa - vũng tàu,VN,Bà Rịa - Vũng Tàu,VN-43,TRUE
vn|bắc giang,VN,Bắc Giang,VN-54,TRUE
vn|bạc liêu,VN,Bạc Liêu,VN-55,TRUE
vn|bắc ninh,VN,Bắc Ninh,VN-56,TRUE
vn|bến tre,VN,Bến Tre,VN-50,TRUE
vn|bình định,VN,Bình Định,VN-31,TRUE
vn|bình dương,VN,Bình Dương,VN-57,TRUE
vn|bình phước,VN,Bình Phước,VN-58,TRUE
vn|bình thuận,VN,Bình Thuận,VN-40,TRUE
vn|cà mau,VN,Cà Mau,VN-59,TRUE
vn|can tho,VN,Can Tho,VN-CT,TRUE
vn|cao bằng,VN,Cao Bằng,VN-04,TRUE
vn|đà nẵng,VN,Đà Nẵng,VN-DN,TRUE
vn|đắk lắk,VN,Đắk Lắk,VN-33,TRUE
vn|đắk nông,VN,Đắk Nông,VN-72,TRUE
vn|điện biên,VN,Điện Biên,VN-71,TRUE
vn|đông bắc,VN,Đông Bắc,VN-53,TRUE
vn|đồng bằng sông hồng,VN,Đồng Bằng Sông Hồng,VN-66,TRUE
vn|đông nam bộ,VN,Đông Nam Bộ,VN-39,TRUE
vn|ðong tháp,VN,Ðong Tháp,VN-45,TRUE
vn|gia lai,VN,Gia Lai,VN-30,TRUE
vn|hà giang,VN,Hà Giang,VN-03,TRUE
vn|hà nam,VN,Hà Nam,VN-63,TRUE
vn|ha noi,VN,Ha Noi,VN-HN,TRUE
vn|ha tinh,VN,Ha Tinh,VN-23,TRUE
vn|hải dương,VN,Hải Dương,VN-61,TRUE
vn|hải phòng,VN,Hải Phòng,VN-HP,TRUE
vn|hau giang,VN,Hau Giang,VN-73,TRUE
vn|hồ chí minh city,VN,Hồ Chí Minh city,VN-SG,TRUE
vn|hòa bình,VN,Hòa Bình,VN-14,TRUE
vn|khánh hòa,VN,Khánh Hòa,VN-34,TRUE
vn|kiên giang,VN,Kiên Giang,VN-47,TRUE
vn|kon tum,VN,Kon Tum,VN-28,TRUE
vn|lai chau,VN,Lai Chau,VN-01,TRUE
vn|lâm đồng,VN,Lâm Đồng,VN-35,TRUE
vn|lạng sơn,VN,Lạng Sơn,VN-09,TRUE
vn|lào cai,VN,Lào Cai,VN-02,TRUE
vn|long an,VN,Long An,VN-41,TRUE
vn|nam định,VN,Nam Định,VN-67,TRUE
vn|nghệ an,VN,Nghệ An,VN-22,TRUE
vn|ninh bình,VN,Ninh Bình,VN-18,TRUE
vn|ninh thuận,VN,Ninh Thuận,VN-36,TRUE
vn|phú thọ,VN,Phú Thọ,VN-68,TRUE
vn|phú yên,VN,Phú Yên,VN-32,TRUE
vn|quảng bình,VN,Quảng Bình,VN-24,TRUE
vn|quàng nam,VN,Quàng Nam,VN-27,TRUE
vn|quảng ngãi,VN,Quảng Ngãi,VN-29,TRUE
vn|quảng ninh,VN,Quảng Ninh,VN-13,TRUE
vn|quảng trị,VN,Quảng Trị,VN-25,TRUE
vn|sóc trăng,VN,Sóc Trăng,VN-52,TRUE
vn|son la,VN,Son La,VN-05,TRUE
vn|tây ninh,VN,Tây Ninh,VN-37,TRUE
vn|thái bình,VN,Thái Bình,VN-20,TRUE
vn|thái nguyên,VN,Thái Nguyên,VN-69,TRUE
vn|thanh hóa,VN,Thanh Hóa,VN-21,TRUE
vn|thừa thiên - huế,VN,Thừa Thiên - Huế,VN-26,TRUE
vn|tiền giang,VN,Tiền Giang,VN-46,TRUE
vn|trà vinh,VN,Trà Vinh,VN-51,TRUE
vn|tuyên quang,VN,Tuyên Quang,VN-07,TRUE
vn|vĩnh long,VN,Vĩnh Long,VN-49,TRUE
vn|vĩnh phúc,VN,Vĩnh Phúc,VN-70,TRUE
vn|yên bái,VN,Yên Bái,VN-06,TRUE
vu|malampa,VU,Malampa,VU-MAP,TRUE
vu|penama,VU,Penama,VU-PAM,TRUE
vu|sanma,VU,Sanma,VU-SAM,TRUE
vu|shefa,VU,Shefa,VU-SEE,TRUE
vu|tafea,VU,Tafea,VU-TAE,TRUE
vu|torba,VU,Torba,VU-TOB,TRUE
wf|`uvea,WF,`Uvea,WF-UV,TRUE
wf|alo,WF,Alo,WF-AL,TRUE
wf|sigave,WF,Sigave,WF-SG,TRUE
ws|a'ana,WS,A'ana,WS-AA,TRUE
ws|aiga-i-le-tai,WS,Aiga-i-le-Tai,WS-AL,TRUE
ws|atua,WS,Atua,WS-AT,TRUE
ws|fa'asaleleaga,WS,Fa'asaleleaga,WS-FA,TRUE
ws|gaga'emauga,WS,Gaga'emauga,WS-GE,TRUE
ws|gaga'ifomauga,WS,Gaga'ifomauga,WS-GI,TRUE
ws|palauli,WS,Palauli,WS-PA,TRUE
ws|satupa'itea,WS,Satupa'itea,WS-SA,TRUE
ws|tuamasaga,WS,Tuamasaga,WS-TU,TRUE
ws|va'a-o-fonoti,WS,Va'a-o-Fonoti,WS-VF,TRUE
ws|vaisigano,WS,Vaisigano,WS-VS,TRUE
xk|đakovica,XK,Đakovica,XK-~5890,TRUE
xk|dečani,XK,Dečani,XK-~5889,TRUE
xk|dragaš,XK,Dragaš,XK-~5909,TRUE
xk|glogovac,XK,Glogovac,XK-~5899,TRUE
xk|gnjilane,XK,Gnjilane,XK-~5904,TRUE
xk|istok,XK,Istok,XK-~5887,TRUE
xk|kačanik,XK,Kačanik,XK-~5915,TRUE
xk|klina,XK,Klina,XK-~5888,TRUE
xk|kosovo polje,XK,Kosovo Polje,XK-~5898,TRUE
xk|kosovska kamenica,XK,Kosovska Kamenica,XK-~5907,TRUE
xk|kosovska mitrovica,XK,Kosovska Mitrovica,XK-~5894,TRUE
xk|leposavić,XK,Leposavić,XK-~5893,TRUE
xk|lipljan,XK,Lipljan,XK-~5903,TRUE
xk|mališevo,XK,Mališevo,XK-~5911,TRUE
xk|novo brdo,XK,Novo Brdo,XK-~5906,TRUE
xk|obilić,XK,Obilić,XK-~5900,TRUE
xk|orahovac,XK,Orahovac,XK-~5891,TRUE
xk|peć,XK,Peć,XK-~5886,TRUE
xk|podujevo,XK,Podujevo,XK-~5901,TRUE
xk|priština,XK,Priština,XK-~5902,TRUE
xk|prizren,XK,Prizren,XK-~5908,TRUE
xk|srbica,XK,Srbica,XK-~5896,TRUE
xk|štimlje,XK,Štimlje,XK-~5912,TRUE
xk|štrpce,XK,Štrpce,XK-~5914,TRUE
xk|suva reka,XK,Suva Reka,XK-~5910,TRUE
xk|uroševac,XK,Uroševac,XK-~5913,TRUE
xk|vitina,XK,Vitina,XK-~5905,TRUE
xk|vučitrn,XK,Vučitrn,XK-~5895,TRUE
xk|zubin potok,XK,Zubin Potok,XK-~5897,TRUE
xk|zvečan,XK,Zvečan,XK-~5892,TRUE
ye|`adan,YE,`Adan,YE-AD,TRUE
ye|abyan,YE,Abyan,YE-AB,TRUE
ye|al bayda',YE,Al Bayda',YE-BA,TRUE
ye|al dali',YE,Al Dali',YE-DA,TRUE
ye|al hudaydah,YE,Al Hudaydah,YE-HU,TRUE
ye|al jawf,YE,Al Jawf,YE-JA,TRUE
ye|al mahrah,YE,Al Mahrah,YE-MR,TRUE
ye|al mahwit,YE,Al Mahwit,YE-MW,TRUE
ye|amanat al asimah,YE,Amanat Al Asimah,YE-SA,TRUE
ye|amran,YE,Amran,YE-AM,TRUE
ye|dhamar,YE,Dhamar,YE-DH,TRUE
ye|hadramawt,YE,Hadramawt,YE-HD,TRUE
ye|hajjah,YE,Hajjah,YE-HJ,TRUE
ye|ibb,YE,Ibb,YE-IB,TRUE
ye|lahij,YE,Lahij,YE-LA,TRUE
ye|ma'rib,YE,Ma'rib,YE-MA,TRUE
ye|raymah,YE,Raymah,YE-RA,TRUE
ye|sa`dah,YE,Sa`dah,YE-SD,TRUE
ye|sana'a,YE,Sana'a,YE-SN,TRUE
ye|shabwah,YE,Shabwah,YE-SH,TRUE
ye|ta`izz,YE,Ta`izz,YE-TA,TRUE
za|eastern cape,ZA,Eastern Cape,ZA-EC,TRUE
za|free state,ZA,Free State,ZA-FS,TRUE
za|gauteng,ZA,Gauteng,ZA-GT,TRUE
za|kwazulu-natal,ZA,KwaZulu-Natal,ZA-NL,TRUE
za|limpopo,ZA,Limpopo,ZA-LP,TRUE
za|mpumalanga,ZA,Mpumalanga,ZA-MP,TRUE
za|north west,ZA,North West,ZA-NW,TRUE
za|northern cape,ZA,Northern Cape,ZA-NC,TRUE
za|western cape,ZA,Western Cape,ZA-WC,TRUE
zm|central,ZM,Central,ZM-02,TRUE
zm|copperbelt,ZM,Copperbelt,ZM-08,TRUE
zm|eastern,ZM,Eastern,ZM-03,TRUE
zm|luapula,ZM,Luapula,ZM-04,TRUE
zm|lusaka,ZM,Lusaka,ZM-09,TRUE
zm|muchinga,ZM,Muchinga,ZM-10,TRUE
zm|north-western,ZM,North-Western,ZM-06,TRUE
zm|northern,ZM,Northern,ZM-05,TRUE
zm|southern,ZM,Southern,ZM-07,TRUE
zm|western,ZM,Western,ZM-01,TRUE
zw|bulawayo,ZW,Bulawayo,ZW-BU,TRUE
zw|harare,ZW,Harare,ZW-HA,TRUE
zw|manicaland,ZW,Manicaland,ZW-MA,TRUE
zw|mashonaland central,ZW,Mashonaland Central,ZW-MC,TRUE
zw|mashonaland east,ZW,Mashonaland East,ZW-ME,TRUE
zw|mashonaland west,ZW,Mashonaland West,ZW-MW,TRUE
zw|masvingo,ZW,Masvingo,ZW-MV,TRUE
zw|matabeleland north,ZW,Matabeleland North,ZW-MN,TRUE
zw|matabeleland south,ZW,Matabeleland South,ZW-MS,TRUE
zw|midlands,ZW,Midlands,ZW-MI,TRUE
ad|parroquia d'andorra la vella,AD,Parroquia d'Andorra la Vella,AD-07,FALSE
ad|parroquia dandorra la vella,AD,Parroquia dAndorra la Vella,AD-07,FALSE
ad|parroquia d'encamp,AD,Parroquia d'Encamp,AD-03,FALSE
ad|parroquia dencamp,AD,Parroquia dEncamp,AD-03,FALSE
ad|parroquia d'escaldes-engordany,AD,Parroquia d'Escaldes-Engordany,AD-08,FALSE
ad|parroquia descaldes-engordany,AD,Parroquia dEscaldes-Engordany,AD-08,FALSE
ad|parroquia de la massana,AD,Parroquia de la Massana,AD-04,FALSE
ad|massana,AD,Massana,AD-04,FALSE
ad|parroquia d'ordino,AD,Parroquia d'Ordino,AD-05,FALSE
ad|parroquia dordino,AD,Parroquia dOrdino,AD-05,FALSE
ad|sant julia de loria,AD,Sant Julia de Loria,AD-06,FALSE
ad|parroquia de sant julia de loria,AD,Parroquia de Sant Julia de Loria,AD-06,FALSE
ad|sant juliã de lã²ria,AD,Sant JuliÃ de LÃ²ria,AD-06,FALSE
ad|sant julia de la2ria,AD,Sant JuliA de LA2ria,AD-06,FALSE
ae|emirate of abu dhabi,AE,Emirate of Abu Dhabi,AE-AZ,FALSE
ae|aboû dabî,AE,Aboû Dabî,AE-AZ,FALSE
ae|abou dabi,AE,Abou Dabi,AE-AZ,FALSE
ae|abu dabi,AE,Abu Dabi,AE-AZ,FALSE
ae|abū ẓabī,AE,Abū Ẓabī,AE-AZ,FALSE
ae|abu zabi,AE,Abu Zabi,AE-AZ,FALSE
ae|abū ẓaby,AE,Abū Ẓaby,AE-AZ,FALSE
ae|abu zaby,AE,Abu Zaby,AE-AZ,FALSE
ae|emirate of ajman,AE,Emirate of Ajman,AE-AJ,FALSE
ae|`adjmân,AE,`Adjmân,AE-AJ,FALSE
ae|'adjman,AE,'Adjman,AE-AJ,FALSE
ae|adjmân,AE,Adjmân,AE-AJ,FALSE
ae|adjman,AE,Adjman,AE-AJ,FALSE
ae|ajmã,AE,Ajmã,AE-AJ,FALSE
ae|ajma,AE,Ajma,AE-AJ,FALSE
ae|`ajmān,AE,`Ajmān,AE-AJ,FALSE
ae|'ajman,AE,'Ajman,AE-AJ,FALSE
ae|ajmān,AE,Ajmān,AE-AJ,FALSE
ae|`ajman,AE,`Ajman,AE-AJ,FALSE
ae|emirate of dubai,AE,Emirate of Dubai,AE-DU,FALSE
ae|dibay,AE,Dibay,AE-DU,FALSE
ae|doubaï,AE,Doubaï,AE-DU,FALSE
ae|doubai,AE,Doubai,AE-DU,FALSE
"ae|dubai, dubayy",AE,"Dubai, Dubayy",AE-DU,FALSE
ae|dubayy,AE,Dubayy,AE-DU,FALSE
ae|emirate of fujairah,AE,Emirate of Fujairah,AE-FU,FALSE
"ae|al foudjaïrah, fudjayra",AE,"Al Foudjaïrah, Fudjayra",AE-FU,FALSE
"ae|al foudjairah, fudjayra",AE,"Al Foudjairah, Fudjayra",AE-FU,FALSE
"ae|al fujayrah, fujaira, fujairah, fujeira",AE,"Al Fujayrah, Fujaira, Fujairah, Fujeira",AE-FU,FALSE
ae|al fujayrah,AE,Al Fujayrah,AE-FU,FALSE
ae|sayh mudayrah,AE,Sayh Mudayrah,AE-~347,FALSE
ae|fujairah,AE,Fujairah,AE-~344,FALSE
ae|emirate of ras al khaimah,AE,Emirate of Ras Al Khaimah,AE-RK,FALSE
ae|ras al khaima,AE,Ras al Khaima,AE-RK,FALSE
ae|râs al khaïmah,AE,Râs al Khaïmah,AE-RK,FALSE
ae|ras al khaimah,AE,Ras al Khaimah,AE-RK,FALSE
ae|rā's al khayma,AE,Rā's al Khayma,AE-RK,FALSE
ae|ra's al khayma,AE,Ra's al Khayma,AE-RK,FALSE
ae|rās al khayma,AE,Rās al Khayma,AE-RK,FALSE
ae|ras al khayma,AE,Ras al Khayma,AE-RK,FALSE
ae|rā's al khaymah,AE,Rā's al Khaymah,AE-RK,FALSE
ae|ra's al khaymah,AE,Ra's al Khaymah,AE-RK,FALSE
ae|rās al khaymah,AE,Rās al Khaymah,AE-RK,FALSE
ae|emirate of sharjah,AE,Emirate of Sharjah,AE-SH,FALSE
ae|ach chârdjah,AE,Ach Chârdjah,AE-SH,FALSE
ae|ach chardjah,AE,Ach Chardjah,AE-SH,FALSE
ae|chārdja,AE,Chārdja,AE-SH,FALSE
ae|chardja,AE,Chardja,AE-SH,FALSE
ae|ash shāriqah,AE,Ash Shāriqah,AE-SH,FALSE
ae|ash shariqah,AE,Ash Shariqah,AE-SH,FALSE
ae|ash shārjah,AE,Ash Shārjah,AE-SH,FALSE
ae|ash sharjah,AE,Ash Sharjah,AE-SH,FALSE
ae|sharjah and dependencies,AE,Sharjah and Dependencies,AE-SH,FALSE
ae|sharjah and kalba,AE,Sharjah and Kalba,AE-SH,FALSE
ae|emirate of umm al quwain,AE,Emirate of Umm Al Quwain,AE-UQ,FALSE
ae|oumm al qaïwaïn,AE,Oumm al Qaïwaïn,AE-UQ,FALSE
ae|oumm al qaiwain,AE,Oumm al Qaiwain,AE-UQ,FALSE
ae|umm al qi`īwayn,AE,Umm al Qi`īwayn,AE-UQ,FALSE
ae|umm al qi'iwayn,AE,Umm al Qi'iwayn,AE-UQ,FALSE
ae|umm al qiīwayn,AE,Umm al Qiīwayn,AE-UQ,FALSE
ae|umm al qiiwayn,AE,Umm al Qiiwayn,AE-UQ,FALSE
ae|qaiwan,AE,Qaiwan,AE-UQ,FALSE
ae|umm al qaiwain,AE,Umm al Qaiwain,AE-UQ,FALSE
ae|umm al qayqayn,AE,Umm al Qayqayn,AE-UQ,FALSE
ae|umm el quwain,AE,Umm el Quwain,AE-UQ,FALSE
ae|um al qaiuan,AE,Um al Qaiuan,AE-UQ,FALSE
af|badahšan,AF,Badahšan,AF-BDS,FALSE
af|badahsan,AF,Badahsan,AF-BDS,FALSE
af|badghes,AF,Badghes,AF-BDG,FALSE
af|badghisat,AF,Badghisat,AF-BDG,FALSE
af|badgis,AF,Badgis,AF-BDG,FALSE
af|baglan,AF,Baglan,AF-BGL,FALSE
af|bughlan,AF,Bughlan,AF-BGL,FALSE
af|wilayat-e baghlan,AF,Wilayat-e Baghlan,AF-BGL,FALSE
af|balh,AF,Balh,AF-BAL,FALSE
af|mazar-i-sharif,AF,Mazar-i-Sharif,AF-BAL,FALSE
af|mazar,AF,Mazar,AF-BAL,FALSE
af|wilayat-e bamyan,AF,Wilayat-e Bamyan,AF-BAM,FALSE
af|fariab,AF,Fariab,AF-FYB,FALSE
af|maimana,AF,Maimana,AF-FYB,FALSE
af|meymaneh,AF,Meymaneh,AF-FYB,FALSE
af|faryab province,AF,Faryab Province,AF-FYB,FALSE
af|gazni,AF,Gazni,AF-GHA,FALSE
af|wilayat-e ghazni,AF,Wilayat-e Ghazni,AF-GHA,FALSE
af|ghōr,AF,Ghōr,AF-GHO,FALSE
af|gawr,AF,Gawr,AF-GHO,FALSE
af|ghore,AF,Ghore,AF-GHO,FALSE
af|ghour,AF,Ghour,AF-GHO,FALSE
af|ghur,AF,Ghur,AF-GHO,FALSE
af|wilayat-e ghor,AF,Wilayat-e Ghor,AF-GHO,FALSE
af|helmand,AF,Helmand,AF-HEL,FALSE
af|girishk,AF,Girishk,AF-HEL,FALSE
af|hilmend,AF,Hilmend,AF-HEL,FALSE
af|herat,AF,Herat,AF-HER,FALSE
af|jowzjan,AF,Jowzjan,AF-JOW,FALSE
af|jaozjan,AF,Jaozjan,AF-JOW,FALSE
af|jozjan,AF,Jozjan,AF-JOW,FALSE
af|juzjan,AF,Juzjan,AF-JOW,FALSE
af|jouzjan,AF,Jouzjan,AF-JOW,FALSE
af|shibarghan,AF,Shibarghan,AF-JOW,FALSE
af|wilayat-e jowzjan,AF,Wilayat-e Jowzjan,AF-JOW,FALSE
af|cabul,AF,Cabul,AF-KAB,FALSE
af|kabol,AF,Kabol,AF-KAB,FALSE
af|kaboul,AF,Kaboul,AF-KAB,FALSE
af|wilayat-e kabul,AF,Wilayat-e Kabul,AF-KAB,FALSE
af|qandahar,AF,Qandahar,AF-KAN,FALSE
af|kapesa,AF,Kapesa,AF-KAP,FALSE
af|wilayat-e kapisa,AF,Wilayat-e Kapisa,AF-KAP,FALSE
af|velayat-e khowst,AF,Velayat-e Khowst,AF-KHO,FALSE
af|konarha,AF,Konarha,AF-KNR,FALSE
af|kunarha,AF,Kunarha,AF-KNR,FALSE
af|wilayat-e kunar,AF,Wilayat-e Kunar,AF-KNR,FALSE
af|kondoz,AF,Kondoz,AF-KDZ,FALSE
af|qonduz,AF,Qonduz,AF-KDZ,FALSE
af|qunduz,AF,Qunduz,AF-KDZ,FALSE
af|lagman,AF,Lagman,AF-LAG,FALSE
af|wilayat-e laghman,AF,Wilayat-e Laghman,AF-LAG,FALSE
af|lawghar,AF,Lawghar,AF-LOG,FALSE
af|loghar,AF,Loghar,AF-LOG,FALSE
af|wilayat-e logar,AF,Wilayat-e Logar,AF-LOG,FALSE
af|ningrahar,AF,Ningrahar,AF-NAN,FALSE
af|eastern province,AF,Eastern Province,AF-NAN,FALSE
af|nimruz,AF,Nimruz,AF-NIM,FALSE
af|neemroze,AF,Neemroze,AF-NIM,FALSE
af|nimrod,AF,Nimrod,AF-NIM,FALSE
af|nimrooz,AF,Nimrooz,AF-NIM,FALSE
af|nimroze,AF,Nimroze,AF-NIM,FALSE
af|chakhansur,AF,Chakhansur,AF-NIM,FALSE
af|wilayat-e nimroz,AF,Wilayat-e Nimroz,AF-NIM,FALSE
af|nooristan,AF,Nooristan,AF-NUR,FALSE
af|nuristão,AF,Nuristão,AF-NUR,FALSE
af|nuristao,AF,Nuristao,AF-NUR,FALSE
af|velayat-e nurestan,AF,Velayat-e Nurestan,AF-NUR,FALSE
af|paktiya,AF,Paktiya,AF-PIA,FALSE
af|southern province,AF,Southern Province,AF-PIA,FALSE
af|wilayat-e paktika,AF,Wilayat-e Paktika,AF-PIA,FALSE
af|paktia,AF,Paktia,AF-PKA,FALSE
af|wilayat-e paktiya,AF,Wilayat-e Paktiya,AF-PKA,FALSE
af|charikar,AF,Charikar,AF-PAR,FALSE
af|panjshir,AF,Panjshir,AF-PAR,FALSE
af|sar-e pol,AF,Sar-e Pol,AF-SAR,FALSE
af|sar-e pul,AF,Sar-e Pul,AF-SAR,FALSE
af|saripol,AF,Saripol,AF-SAR,FALSE
af|takar,AF,Takar,AF-TAK,FALSE
af|wilayat-e takhar,AF,Wilayat-e Takhar,AF-TAK,FALSE
af|urozgan,AF,Urozgan,AF-URU,FALSE
af|wilayat-e daykundi,AF,Wilayat-e Daykundi,AF-URU,FALSE
af|daykundi,AF,Daykundi,AF-URU,FALSE
af|maidan wardak,AF,Maidan Wardak,AF-WAR,FALSE
af|verdak,AF,Verdak,AF-WAR,FALSE
af|wardag,AF,Wardag,AF-WAR,FALSE
af|maiden,AF,Maiden,AF-WAR,FALSE
af|zubul,AF,Zubul,AF-ZAB,FALSE
af|zaboul,AF,Zaboul,AF-ZAB,FALSE
af|wilayat-e zabul,AF,Wilayat-e Zabul,AF-ZAB,FALSE
ag|parish of saint george,AG,Parish of Saint George,AG-03,FALSE
ag|parish of saint john,AG,Parish of Saint John,AG-04,FALSE
ag|parish of saint mary,AG,Parish of Saint Mary,AG-05,FALSE
ag|parish of saint paul,AG,Parish of Saint Paul,AG-06,FALSE
ag|parish of saint peter,AG,Parish of Saint Peter,AG-07,FALSE
ag|parish of saint philip,AG,Parish of Saint Philip,AG-08,FALSE
ai|sandy hill bay,AI,Sandy Hill Bay,AI-~5121,FALSE
al|qarku i beratit,AL,Qarku i Beratit,AL-01,FALSE
al|diber,AL,Diber,AL-09,FALSE
al|dibra,AL,Dibra,AL-09,FALSE
al|dibrë,AL,Dibrë,AL-09,FALSE
al|dibre,AL,Dibre,AL-09,FALSE
al|qarku i dibres,AL,Qarku i Dibres,AL-09,FALSE
al|durres,AL,Durres,AL-02,FALSE
al|durresi,AL,Durresi,AL-02,FALSE
al|durrsi,AL,Durrsi,AL-02,FALSE
al|durazzo,AL,Durazzo,AL-02,FALSE
al|qarku i durresit,AL,Qarku i Durresit,AL-02,FALSE
al|qarku i elbasanit,AL,Qarku i Elbasanit,AL-03,FALSE
al|qarku i fierit,AL,Qarku i Fierit,AL-04,FALSE
al|gjirokaster,AL,Gjirokaster,AL-05,FALSE
al|gjinokastër,AL,Gjinokastër,AL-05,FALSE
al|gjinokaster,AL,Gjinokaster,AL-05,FALSE
al|argirocastro,AL,Argirocastro,AL-05,FALSE
al|argyrocastro,AL,Argyrocastro,AL-05,FALSE
al|argyrokastron,AL,Argyrokastron,AL-05,FALSE
al|qarku i gjirokastres,AL,Qarku i Gjirokastres,AL-05,FALSE
al|korce,AL,Korce,AL-06,FALSE
al|coriza,AL,Coriza,AL-06,FALSE
al|corizza,AL,Corizza,AL-06,FALSE
al|koritsa,AL,Koritsa,AL-06,FALSE
al|koritza,AL,Koritza,AL-06,FALSE
al|korça,AL,Korça,AL-06,FALSE
al|korca,AL,Korca,AL-06,FALSE
al|kortscha,AL,Kortscha,AL-06,FALSE
al|qarku i korces,AL,Qarku i Korces,AL-06,FALSE
al|kukes,AL,Kukes,AL-07,FALSE
al|kosova,AL,Kosova,AL-07,FALSE
al|kossovo,AL,Kossovo,AL-07,FALSE
al|qarku i kukesit,AL,Qarku i Kukesit,AL-07,FALSE
al|lezhe,AL,Lezhe,AL-08,FALSE
al|alessio,AL,Alessio,AL-08,FALSE
al|lezha,AL,Lezha,AL-08,FALSE
al|qarku i lezhes,AL,Qarku i Lezhes,AL-08,FALSE
al|shkoder,AL,Shkoder,AL-10,FALSE
al|escútari,AL,Escútari,AL-10,FALSE
al|escutari,AL,Escutari,AL-10,FALSE
al|shkodra,AL,Shkodra,AL-10,FALSE
al|skodë,AL,Skodë,AL-10,FALSE
al|skode,AL,Skode,AL-10,FALSE
al|scutari,AL,Scutari,AL-10,FALSE
al|qarku i shkodres,AL,Qarku i Shkodres,AL-10,FALSE
al|tirane,AL,Tirane,AL-11,FALSE
al|tirana,AL,Tirana,AL-11,FALSE
al|qarku i tiranes,AL,Qarku i Tiranes,AL-11,FALSE
al|vlore,AL,Vlore,AL-12,FALSE
al|vlona,AL,Vlona,AL-12,FALSE
al|vlora,AL,Vlora,AL-12,FALSE
al|vlonë,AL,Vlonë,AL-12,FALSE
al|vlone,AL,Vlone,AL-12,FALSE
al|valona,AL,Valona,AL-12,FALSE
al|qarku i vlores,AL,Qarku i Vlores,AL-12,FALSE
am|aragacot'n,AM,Aragacot'n,AM-AG,FALSE
am|aragacotn,AM,Aragacotn,AM-AG,FALSE
am|aragatsotni marz,AM,Aragatsotni Marz,AM-AG,FALSE
am|ararati marz,AM,Ararati Marz,AM-AR,FALSE
am|armaviri marz,AM,Armaviri Marz,AM-AV,FALSE
am|yerevan,AM,Yerevan,AM-ER,FALSE
am|gelark'unik',AM,Gelark'unik',AM-GR,FALSE
am|gelarkunik,AM,Gelarkunik,AM-GR,FALSE
am|geghark'unik'i marz,AM,Geghark'unik'i Marz,AM-GR,FALSE
am|gegharkuniki marz,AM,Gegharkuniki Marz,AM-GR,FALSE
am|kotaik,AM,Kotaik,AM-KT,FALSE
am|kotayk',AM,Kotayk',AM-KT,FALSE
am|kotayk'i marz,AM,Kotayk'i Marz,AM-KT,FALSE
am|kotayki marz,AM,Kotayki Marz,AM-KT,FALSE
am|loṙi,AM,Loṙi,AM-LO,FALSE
am|lorru marz,AM,Lorru Marz,AM-LO,FALSE
am|širak,AM,Širak,AM-SH,FALSE
am|sirak,AM,Sirak,AM-SH,FALSE
am|shiraki marz,AM,Shiraki Marz,AM-SH,FALSE
am|syunik',AM,Syunik',AM-SU,FALSE
am|syunik'i marz,AM,Syunik'i Marz,AM-SU,FALSE
am|syuniki marz,AM,Syuniki Marz,AM-SU,FALSE
am|tavuš,AM,Tavuš,AM-TV,FALSE
am|tavus,AM,Tavus,AM-TV,FALSE
am|tavushi marz,AM,Tavushi Marz,AM-TV,FALSE
am|vayoc'jor,AM,Vayoc'Jor,AM-VD,FALSE
am|vayocjor,AM,VayocJor,AM-VD,FALSE
am|vayots' dzori marz,AM,Vayots' Dzori Marz,AM-VD,FALSE
am|vayots dzori marz,AM,Vayots Dzori Marz,AM-VD,FALSE
ao|bengo province,AO,Bengo Province,AO-BGO,FALSE
ao|benguella,AO,Benguella,AO-BGU,FALSE
ao|bie,AO,Bie,AO-BIE,FALSE
ao|provincia do bie,AO,Provincia do Bie,AO-BIE,FALSE
ao|kuando kubango,AO,Kuando Kubango,AO-CCU,FALSE
ao|cuanza-nord,AO,Cuanza-Nord,AO-CNO,FALSE
ao|kwanza norte,AO,Kwanza Norte,AO-CNO,FALSE
ao|cuanza norte province,AO,Cuanza Norte Province,AO-CNO,FALSE
ao|cuanza-sud,AO,Cuanza-Sud,AO-CUS,FALSE
ao|kwanza sul,AO,Kwanza Sul,AO-CUS,FALSE
ao|cunene province,AO,Cunene Province,AO-CNN,FALSE
ao|huila,AO,Huila,AO-HUI,FALSE
ao|huila province,AO,Huila Province,AO-HUI,FALSE
ao|loanda,AO,Loanda,AO-LUA,FALSE
ao|luanda province,AO,Luanda Province,AO-LUA,FALSE
ao|lunda norte province,AO,Lunda Norte Province,AO-LNO,FALSE
ao|malange,AO,Malange,AO-MAL,FALSE
ao|malanje province,AO,Malanje Province,AO-MAL,FALSE
ao|moçâmedes,AO,Moçâmedes,AO-NAM,FALSE
ao|mocamedes,AO,Mocamedes,AO-NAM,FALSE
ao|mossamedes,AO,Mossamedes,AO-NAM,FALSE
ao|namibe province,AO,Namibe Province,AO-NAM,FALSE
ao|uige,AO,Uige,AO-UIG,FALSE
ao|provincia do uige,AO,Provincia do Uige,AO-UIG,FALSE
ar|provincia de buenos aires,AR,Provincia de Buenos Aires,AR-B,FALSE
ar|provincia de catamarca,AR,Provincia de Catamarca,AR-K,FALSE
ar|el chaco,AR,El Chaco,AR-H,FALSE
ar|presidente juan per¢n,AR,Presidente Juan Per¢n,AR-H,FALSE
ar|provincia del chaco,AR,Provincia del Chaco,AR-H,FALSE
ar|provincia del chubut,AR,Provincia del Chubut,AR-U,FALSE
ar|buenos aires d.f.,AR,BUENOS AIRES D.F.,AR-C,FALSE
ar|capital federal,AR,Capital Federal,AR-C,FALSE
ar|distretto federale,AR,Distretto Federale,AR-C,FALSE
ar|distrito federal,AR,Distrito Federal,AR-C,FALSE
ar|federal capital,AR,Federal Capital,AR-C,FALSE
ar|ciudad autonoma de buenos aires,AR,Ciudad Autonoma de Buenos Aires,AR-C,FALSE
ar|cordoba,AR,Cordoba,AR-X,FALSE
ar|cordova,AR,Cordova,AR-X,FALSE
ar|provincia de cordoba,AR,Provincia de Cordoba,AR-X,FALSE
ar|provincia de corrientes,AR,Provincia de Corrientes,AR-W,FALSE
ar|entre rios,AR,Entre Rios,AR-E,FALSE
ar|entre-rios,AR,Entre-Rios,AR-E,FALSE
ar|provincia de entre rios,AR,Provincia de Entre Rios,AR-E,FALSE
ar|provincia de formosa,AR,Provincia de Formosa,AR-P,FALSE
ar|provincia de jujuy,AR,Provincia de Jujuy,AR-Y,FALSE
ar|el pampa,AR,El Pampa,AR-L,FALSE
ar|eva perln,AR,Eva Perln,AR-L,FALSE
ar|provincia de la pampa,AR,Provincia de La Pampa,AR-L,FALSE
ar|provincia de la rioja,AR,Provincia de La Rioja,AR-F,FALSE
ar|provincia de mendoza,AR,Provincia de Mendoza,AR-M,FALSE
ar|missões,AR,Missões,AR-N,FALSE
ar|missoes,AR,Missoes,AR-N,FALSE
ar|provincia de misiones,AR,Provincia de Misiones,AR-N,FALSE
ar|neuquen,AR,Neuquen,AR-Q,FALSE
ar|neuquém,AR,Neuquém,AR-Q,FALSE
ar|neuquem,AR,Neuquem,AR-Q,FALSE
ar|provincia del neuquen,AR,Provincia del Neuquen,AR-Q,FALSE
ar|rio negro,AR,Rio Negro,AR-R,FALSE
ar|provincia de rio negro,AR,Provincia de Rio Negro,AR-R,FALSE
ar|provincia de salta,AR,Provincia de Salta,AR-A,FALSE
ar|provincia de san juan,AR,Provincia de San Juan,AR-J,FALSE
ar|provincia de san luis,AR,Provincia de San Luis,AR-D,FALSE
ar|provincia de santa cruz,AR,Provincia de Santa Cruz,AR-Z,FALSE
ar|santa fé,AR,Santa Fé,AR-S,FALSE
ar|provincia de santa fe,AR,Provincia de Santa Fe,AR-S,FALSE
ar|provincia de santiago del estero,AR,Provincia de Santiago del Estero,AR-G,FALSE
ar|feuerland,AR,Feuerland,AR-V,FALSE
ar|terra del fuoco,AR,Terra del Fuoco,AR-V,FALSE
ar|terre de feu,AR,Terre de Feu,AR-V,FALSE
ar|terra do fogo,AR,Terra do Fogo,AR-V,FALSE
ar|antártida e islas del atlántico sur,AR,Antártida e Islas del Atlántico Sur,AR-V,FALSE
ar|antartida e islas del atlantico sur,AR,Antartida e Islas del Atlantico Sur,AR-V,FALSE
"ar|provincia de tierra del fuego, antartida e islas del atlantico sur",AR,"Provincia de Tierra del Fuego, Antartida e Islas del Atlantico Sur",AR-V,FALSE
ar|tucuman,AR,Tucuman,AR-T,FALSE
ar|tucumão,AR,Tucumão,AR-T,FALSE
ar|tucumao,AR,Tucumao,AR-T,FALSE
ar|provincia de tucuman,AR,Provincia de Tucuman,AR-T,FALSE
as|eastern district,AS,Eastern District,AS-~4998,FALSE
as|manus,AS,Manus,AS-~4999,FALSE
as|manu'a islands,AS,Manu'a Islands,AS-~4999,FALSE
as|manua islands,AS,Manua Islands,AS-~4999,FALSE
as|manu'a district,AS,Manu'a District,AS-~4999,FALSE
as|manua district,AS,Manua District,AS-~4999,FALSE
as|manua,AS,Manua,AS-~4999,FALSE
as|swains island,AS,Swains Island,AS-~5001,FALSE
as|swains,AS,Swains,AS-~5001,FALSE
as|western district,AS,Western District,AS-~5002,FALSE
at|burgenlândia,AT,Burgenlândia,AT-1,FALSE
at|burgenlandia,AT,Burgenlandia,AT-1,FALSE
at|karnten,AT,Karnten,AT-2,FALSE
at|carinthia,AT,Carinthia,AT-2,FALSE
at|caríntia,AT,Caríntia,AT-2,FALSE
at|carintia,AT,Carintia,AT-2,FALSE
at|kaernten,AT,Kaernten,AT-2,FALSE
at|niederosterreich,AT,Niederosterreich,AT-3,FALSE
at|lower austria,AT,Lower Austria,AT-3,FALSE
at|baixa-áustria,AT,Baixa-Áustria,AT-3,FALSE
at|baixa-austria,AT,Baixa-Austria,AT-3,FALSE
at|baja austria,AT,Baja Austria,AT-3,FALSE
at|niederdonau,AT,Niederdonau,AT-3,FALSE
at|österreich unter der enns,AT,Österreich unter der Enns,AT-3,FALSE
at|osterreich unter der enns,AT,Osterreich unter der Enns,AT-3,FALSE
at|niederoesterreich,AT,Niederoesterreich,AT-3,FALSE
at|oberosterreich,AT,Oberosterreich,AT-4,FALSE
at|upper austria,AT,Upper Austria,AT-4,FALSE
at|alta-áustria,AT,Alta-Áustria,AT-4,FALSE
at|alta-austria,AT,Alta-Austria,AT-4,FALSE
at|alta austria,AT,Alta Austria,AT-4,FALSE
at|österreich ober der enns,AT,Österreich ober der Enns,AT-4,FALSE
at|osterreich ober der enns,AT,Osterreich ober der Enns,AT-4,FALSE
at|oberoesterreich,AT,Oberoesterreich,AT-4,FALSE
at|salzburgo,AT,Salzburgo,AT-5,FALSE
at|styria,AT,Styria,AT-6,FALSE
at|est¡ria,AT,Est¡ria,AT-6,FALSE
at|estiria,AT,Estiria,AT-6,FALSE
at|tyrol,AT,Tyrol,AT-7,FALSE
at|vienna,AT,Vienna,AT-9,FALSE
at|viena,AT,Viena,AT-9,FALSE
au|canberra,AU,Canberra,AU-ACT,FALSE
au|cocos,AU,Cocos,AU-~1928,FALSE
au|jervis bay,AU,Jervis Bay,AU-~1932,FALSE
au|lord howe island,AU,Lord Howe Island,AU-NSW,FALSE
au|state of new south wales,AU,State of New South Wales,AU-NSW,FALSE
au|state of queensland,AU,State of Queensland,AU-QLD,FALSE
au|state of south australia,AU,State of South Australia,AU-SA,FALSE
au|state of tasmania,AU,State of Tasmania,AU-TAS,FALSE
au|state of victoria,AU,State of Victoria,AU-VIC,FALSE
au|state of western australia,AU,State of Western Australia,AU-WA,FALSE
ax|brando,AX,Brando,AX-~4823,FALSE
ax|braendoe,AX,Braendoe,AX-~4823,FALSE
ax|eckero,AX,Eckero,AX-~4812,FALSE
ax|eckeroe,AX,Eckeroe,AX-~4812,FALSE
ax|foglo,AX,Foglo,AX-~4814,FALSE
ax|foegloe,AX,Foegloe,AX-~4814,FALSE
ax|kokar,AX,Kokar,AX-~4824,FALSE
ax|koekar,AX,Koekar,AX-~4824,FALSE
ax|vardo,AX,Vardo,AX-~4820,FALSE
ax|vardoe,AX,Vardoe,AX-~4820,FALSE
az|abseron,AZ,Abseron,AZ-ABS,FALSE
az|absheron,AZ,Absheron,AZ-ABS,FALSE
az|absheron rayon,AZ,Absheron Rayon,AZ-ABS,FALSE
az|agcabədi,AZ,Agcabədi,AZ-AGC,FALSE
az|aghjabadi,AZ,Aghjabadi,AZ-AGC,FALSE
az|agjabadi,AZ,Agjabadi,AZ-AGC,FALSE
az|aghjabadi rayon,AZ,Aghjabadi Rayon,AZ-AGC,FALSE
az|agcabadi,AZ,Agcabadi,AZ-AGC,FALSE
az|agdam,AZ,Agdam,AZ-AGM,FALSE
az|aghdam rayon,AZ,Aghdam Rayon,AZ-AGM,FALSE
az|agdas,AZ,Agdas,AZ-AGS,FALSE
az|agdash,AZ,Agdash,AZ-AGS,FALSE
az|aghdash rayon,AZ,Aghdash Rayon,AZ-AGS,FALSE
az|agstafa,AZ,Agstafa,AZ-AGA,FALSE
az|aghstafa rayon,AZ,Aghstafa Rayon,AZ-AGA,FALSE
az|agsu,AZ,Agsu,AZ-AGU,FALSE
az|aghsu rayon,AZ,Aghsu Rayon,AZ-AGU,FALSE
az|astara rayon,AZ,Astara Rayon,AZ-AST,FALSE
az|babek,AZ,Babek,AZ-BAB,FALSE
az|babek rayon,AZ,Babek Rayon,AZ-BAB,FALSE
az|baki,AZ,Baki,AZ-BA,FALSE
az|baku,AZ,Baku,AZ-BA,FALSE
az|baku city,AZ,Baku city,AZ-BA,FALSE
az|balakan,AZ,Balakan,AZ-BAL,FALSE
az|balakan rayon,AZ,Balakan Rayon,AZ-BAL,FALSE
az|beylagan,AZ,Beylagan,AZ-BEY,FALSE
az|beylagan rayon,AZ,Beylagan Rayon,AZ-BEY,FALSE
az|beylaqan,AZ,Beylaqan,AZ-BEY,FALSE
az|barda,AZ,Barda,AZ-BAR,FALSE
az|barda rayon,AZ,Barda Rayon,AZ-BAR,FALSE
az|bilasuvar,AZ,Bilasuvar,AZ-BIL,FALSE
az|bilasuvar rayon,AZ,Bilasuvar Rayon,AZ-BIL,FALSE
az|cəbrayil,AZ,Cəbrayil,AZ-CAB,FALSE
az|jabrayil,AZ,Jabrayil,AZ-CAB,FALSE
az|cabrayil rayonu,AZ,Cabrayil Rayonu,AZ-CAB,FALSE
az|cabrayil,AZ,Cabrayil,AZ-CAB,FALSE
az|jalilabad,AZ,Jalilabad,AZ-CAL,FALSE
az|jalilabad rayon,AZ,Jalilabad Rayon,AZ-CAL,FALSE
az|calilabad,AZ,Calilabad,AZ-CAL,FALSE
az|julfa,AZ,Julfa,AZ-CUL,FALSE
az|julfa rayon,AZ,Julfa Rayon,AZ-CUL,FALSE
az|daskəsən,AZ,Daskəsən,AZ-DAS,FALSE
az|dashkasan,AZ,Dashkasan,AZ-DAS,FALSE
az|dashkasan rayon,AZ,Dashkasan Rayon,AZ-DAS,FALSE
az|daskasan,AZ,Daskasan,AZ-DAS,FALSE
az|dəvəci,AZ,Dəvəci,AZ-SBN,FALSE
az|shabran,AZ,Shabran,AZ-SBN,FALSE
az|davachi,AZ,Davachi,AZ-SBN,FALSE
az|davachi rayon,AZ,Davachi Rayon,AZ-SBN,FALSE
az|fuzuli,AZ,Fuzuli,AZ-FUZ,FALSE
az|fizuli,AZ,Fizuli,AZ-FUZ,FALSE
az|fizuli rayon,AZ,Fizuli Rayon,AZ-FUZ,FALSE
az|gadabay,AZ,Gadabay,AZ-GAD,FALSE
az|gadabay rayon,AZ,Gadabay Rayon,AZ-GAD,FALSE
az|ganja,AZ,Ganja,AZ-GA,FALSE
az|ganja city,AZ,Ganja city,AZ-GA,FALSE
az|goranboy rayon,AZ,Goranboy Rayon,AZ-GOR,FALSE
az|goycay,AZ,Goycay,AZ-GOY,FALSE
az|goychay,AZ,Goychay,AZ-GOY,FALSE
az|goychay rayon,AZ,Goychay Rayon,AZ-GOY,FALSE
az|ali bayramli,AZ,Ali Bayramli,AZ-HAC,FALSE
az|hajigabul rayon,AZ,Hajigabul Rayon,AZ-HAC,FALSE
az|əli bayramlı,AZ,Əli Bayramlı,AZ-HAC,FALSE
az|əli bayramli,AZ,Əli Bayramli,AZ-HAC,FALSE
az|imisli,AZ,Imisli,AZ-IMI,FALSE
az|imishli,AZ,Imishli,AZ-IMI,FALSE
az|imishli rayon,AZ,Imishli Rayon,AZ-IMI,FALSE
az|ismayilli,AZ,Ismayilli,AZ-ISM,FALSE
az|ismailli,AZ,Ismailli,AZ-ISM,FALSE
az|ismayilli rayon,AZ,Ismayilli Rayon,AZ-ISM,FALSE
az|kangarli rayon,AZ,Kangarli Rayon,AZ-KAN,FALSE
az|sarur,AZ,Sarur,AZ-KAN,FALSE
az|kalbajar,AZ,Kalbajar,AZ-KAL,FALSE
az|kalbacar rayonu,AZ,Kalbacar Rayonu,AZ-KAL,FALSE
az|kurdəmir,AZ,Kurdəmir,AZ-KUR,FALSE
az|kurdamir,AZ,Kurdamir,AZ-KUR,FALSE
az|kurdamir rayon,AZ,Kurdamir Rayon,AZ-KUR,FALSE
az|shusha,AZ,Shusha,AZ-LAN,FALSE
az|lacin rayonu,AZ,Lacin Rayonu,AZ-LAN,FALSE
az|lenkoran,AZ,Lenkoran,AZ-LA,FALSE
az|lənkəran,AZ,Lənkəran,AZ-LA,FALSE
az|lankaran rayon,AZ,Lankaran Rayon,AZ-LA,FALSE
az|lankaran sahari,AZ,Lankaran Sahari,AZ-LA,FALSE
az|lerik rayon,AZ,Lerik Rayon,AZ-LER,FALSE
az|masalli,AZ,Masalli,AZ-MAS,FALSE
az|masally,AZ,Masally,AZ-MAS,FALSE
az|masally rayon,AZ,Masally Rayon,AZ-MAS,FALSE
az|mingəcevir,AZ,Mingəcevir,AZ-MI,FALSE
az|mingachevir,AZ,Mingachevir,AZ-MI,FALSE
az|mingacevir city,AZ,Mingacevir City,AZ-MI,FALSE
az|naftalan city,AZ,Naftalan City,AZ-NA,FALSE
az|naxcivan,AZ,Naxcivan,AZ-NX,FALSE
az|nakhchivan,AZ,Nakhchivan,AZ-NX,FALSE
az|nakhichevan,AZ,Nakhichevan,AZ-NX,FALSE
az|nakhchivan city,AZ,Nakhchivan City,AZ-NX,FALSE
az|neftcala,AZ,Neftcala,AZ-NEF,FALSE
az|neftchala,AZ,Neftchala,AZ-NEF,FALSE
az|neftchala rayon,AZ,Neftchala Rayon,AZ-NEF,FALSE
az|oguz,AZ,Oguz,AZ-OGU,FALSE
az|oghuz,AZ,Oghuz,AZ-OGU,FALSE
az|oghuz rayon,AZ,Oghuz Rayon,AZ-OGU,FALSE
az|ordubad rayon,AZ,Ordubad Rayon,AZ-ORD,FALSE
az|qakh,AZ,Qakh,AZ-QAX,FALSE
az|qakh rayon,AZ,Qakh Rayon,AZ-QAX,FALSE
az|qazakh,AZ,Qazakh,AZ-QAZ,FALSE
az|qazakh rayon,AZ,Qazakh Rayon,AZ-QAZ,FALSE
az|qabala,AZ,Qabala,AZ-QAB,FALSE
az|qabala rayon,AZ,Qabala Rayon,AZ-QAB,FALSE
az|gobustan,AZ,Gobustan,AZ-QOB,FALSE
az|gobustan rayon,AZ,Gobustan Rayon,AZ-QOB,FALSE
az|quba rayon,AZ,Quba Rayon,AZ-QBA,FALSE
az|qubadli rayon,AZ,Qubadli Rayon,AZ-QBI,FALSE
az|qusar rayon,AZ,Qusar Rayon,AZ-QUS,FALSE
az|saatli,AZ,Saatli,AZ-SAT,FALSE
az|saatly,AZ,Saatly,AZ-SAT,FALSE
az|saatly rayon,AZ,Saatly Rayon,AZ-SAT,FALSE
az|sabirabad rayon,AZ,Sabirabad Rayon,AZ-SAB,FALSE
az|sahbuz,AZ,Sahbuz,AZ-SAH,FALSE
az|shahbuz,AZ,Shahbuz,AZ-SAH,FALSE
az|shakhbuz,AZ,Shakhbuz,AZ-SAH,FALSE
az|shahbuz rayon,AZ,Shahbuz Rayon,AZ-SAH,FALSE
az|salyan rayon,AZ,Salyan Rayon,AZ-SAL,FALSE
az|samaxi,AZ,Samaxi,AZ-SMI,FALSE
az|shamakhi,AZ,Shamakhi,AZ-SMI,FALSE
az|shamakhi rayon,AZ,Shamakhi Rayon,AZ-SMI,FALSE
az|samukh,AZ,Samukh,AZ-SMX,FALSE
az|samukh rayon,AZ,Samukh Rayon,AZ-SMX,FALSE
az|sadarak,AZ,Sadarak,AZ-SAD,FALSE
az|sadarak rayon,AZ,Sadarak Rayon,AZ-SAD,FALSE
az|səki,AZ,Səki,AZ-SA,FALSE
az|sheki,AZ,Sheki,AZ-SA,FALSE
az|shaki,AZ,Shaki,AZ-SA,FALSE
az|shaki rayon,AZ,Shaki Rayon,AZ-SA,FALSE
az|saki sahari,AZ,Saki Sahari,AZ-SA,FALSE
az|səmkir,AZ,Səmkir,AZ-SKR,FALSE
az|shamkir,AZ,Shamkir,AZ-SKR,FALSE
az|shamkir rayon,AZ,Shamkir Rayon,AZ-SKR,FALSE
az|sərur,AZ,Sərur,AZ-SAR,FALSE
az|sharur,AZ,Sharur,AZ-SAR,FALSE
az|sharur rayon,AZ,Sharur Rayon,AZ-SAR,FALSE
az|şirvan,AZ,Şirvan,AZ-SR,FALSE
az|sirvan,AZ,Sirvan,AZ-SR,FALSE
az|ali bajramly,AZ,Ali Bajramly,AZ-SR,FALSE
az|siyazan,AZ,Siyazan,AZ-SIY,FALSE
az|siazan,AZ,Siazan,AZ-SIY,FALSE
az|siazan rayon,AZ,Siazan Rayon,AZ-SIY,FALSE
az|khojali,AZ,Khojali,AZ-XA,FALSE
az|xocali rayonu,AZ,Xocali Rayonu,AZ-XA,FALSE
az|xankandi,AZ,Xankandi,AZ-XA,FALSE
az|sumqayit,AZ,Sumqayit,AZ-SM,FALSE
az|sumqayit city,AZ,Sumqayit city,AZ-SM,FALSE
az|susa,AZ,Susa,AZ-SUS,FALSE
az|susa rayonu,AZ,Susa Rayonu,AZ-SUS,FALSE
az|susa (2),AZ,Susa (2),AZ-~5565,FALSE
az|susa sahari,AZ,Susa Sahari,AZ-~5565,FALSE
az|tartar,AZ,Tartar,AZ-TAR,FALSE
az|tartar rayon,AZ,Tartar Rayon,AZ-TAR,FALSE
az|tovuz rayon,AZ,Tovuz Rayon,AZ-TOV,FALSE
az|ujar,AZ,Ujar,AZ-UCA,FALSE
az|ujar rayon,AZ,Ujar Rayon,AZ-UCA,FALSE
az|xacmaz,AZ,Xacmaz,AZ-XAC,FALSE
az|khachmaz,AZ,Khachmaz,AZ-XAC,FALSE
az|khachmaz rayon,AZ,Khachmaz Rayon,AZ-XAC,FALSE
az|goygol,AZ,Goygol,AZ-GYG,FALSE
az|khanlar,AZ,Khanlar,AZ-GYG,FALSE
az|goygol rayon,AZ,Goygol Rayon,AZ-GYG,FALSE
az|xizi,AZ,Xizi,AZ-XIZ,FALSE
az|khizi,AZ,Khizi,AZ-XIZ,FALSE
az|khizi rayon,AZ,Khizi Rayon,AZ-XIZ,FALSE
az|xocali,AZ,Xocali,AZ-XCI,FALSE
az|xankandi sahari,AZ,Xankandi Sahari,AZ-XCI,FALSE
az|khojavend,AZ,Khojavend,AZ-XVD,FALSE
az|xocavand rayonu,AZ,Xocavand Rayonu,AZ-XVD,FALSE
az|yardimli,AZ,Yardimli,AZ-YAR,FALSE
az|yardymli,AZ,Yardymli,AZ-YAR,FALSE
az|yardymli rayon,AZ,Yardymli Rayon,AZ-YAR,FALSE
az|yevlakh,AZ,Yevlakh,AZ-YEV,FALSE
az|yevlakh city,AZ,Yevlakh City,AZ-YEV,FALSE
az|yevlax,AZ,Yevlax,AZ-YEV,FALSE
az|zaqatala rayon,AZ,Zaqatala Rayon,AZ-ZAQ,FALSE
az|zangilan,AZ,Zangilan,AZ-ZAN,FALSE
az|zangilan rayon,AZ,Zangilan Rayon,AZ-ZAN,FALSE
az|zardab,AZ,Zardab,AZ-ZAR,FALSE
az|zardab rayon,AZ,Zardab Rayon,AZ-ZAR,FALSE
ba|brcko distrikt,BA,Brcko Distrikt,BA-BRC,FALSE
ba|brčko,BA,Brčko,BA-BRC,FALSE
ba|brcko,BA,Brcko,BA-BRC,FALSE
ba|brcko district of bosnia and herzegovina,BA,Brcko District of Bosnia and Herzegovina,BA-BRC,FALSE
ba|west bosnia,BA,West Bosnia,BA-BIH,FALSE
ba|una-sana,BA,Una-Sana,BA-BIH,FALSE
ba|herzegovina-neretva,BA,Herzegovina-Neretva,BA-BIH,FALSE
ba|zenica-doboj,BA,Zenica-Doboj,BA-BIH,FALSE
ba|central bosnia,BA,Central Bosnia,BA-BIH,FALSE
ba|tuzla,BA,Tuzla,BA-BIH,FALSE
ba|west herzegovina,BA,West Herzegovina,BA-BIH,FALSE
ba|sarajevo,BA,Sarajevo,BA-BIH,FALSE
ba|bosnian podrinje,BA,Bosnian Podrinje,BA-BIH,FALSE
ba|livno,BA,Livno,BA-BIH,FALSE
ba|una-sana canton,BA,Una-Sana Canton,BA-BIH,FALSE
ba|herzegovina-neretva canton,BA,Herzegovina-Neretva Canton,BA-BIH,FALSE
ba|zenica-doboj canton,BA,Zenica-Doboj Canton,BA-BIH,FALSE
ba|central bosnia canton,BA,Central Bosnia Canton,BA-BIH,FALSE
ba|tuzla canton,BA,Tuzla Canton,BA-BIH,FALSE
ba|west herzegovina canton,BA,West Herzegovina Canton,BA-BIH,FALSE
ba|sarajevo canton,BA,Sarajevo Canton,BA-BIH,FALSE
ba|bosnian podrinje canton,BA,Bosnian Podrinje Canton,BA-BIH,FALSE
ba|hercegbosanski,BA,Hercegbosanski,BA-BIH,FALSE
ba|hercegovačko-bosanski,BA,Hercegovačko-bosanski,BA-BIH,FALSE
ba|hercegovacko-bosanski,BA,Hercegovacko-bosanski,BA-BIH,FALSE
ba|hercegovackoneretvanski,BA,Hercegovackoneretvanski,BA-BIH,FALSE
ba|centralnobosanski,BA,Centralnobosanski,BA-BIH,FALSE
ba|srednjobosanski,BA,Srednjobosanski,BA-BIH,FALSE
ba|tuzlanski,BA,Tuzlanski,BA-BIH,FALSE
ba|zapadnohercegovački,BA,Zapadnohercegovački,BA-BIH,FALSE
ba|zapadnohercegovacki,BA,Zapadnohercegovacki,BA-BIH,FALSE
ba|sarajevski,BA,Sarajevski,BA-BIH,FALSE
ba|bosansko-podrinjski,BA,Bosansko-podrinjski,BA-BIH,FALSE
ba|goraždansko-podrinjski,BA,Goraždansko-podrinjski,BA-BIH,FALSE
ba|gorazdansko-podrinjski,BA,Gorazdansko-podrinjski,BA-BIH,FALSE
ba|hercegovacko-bosanski kanton,BA,Hercegovacko-Bosanski Kanton,BA-BIH,FALSE
ba|unsko-sanski kanton,BA,Unsko-Sanski Kanton,BA-BIH,FALSE
ba|hercegovacko-neretvanski kanton,BA,Hercegovacko-Neretvanski Kanton,BA-BIH,FALSE
ba|zenicko-dobojski kanton,BA,Zenicko-Dobojski Kanton,BA-BIH,FALSE
ba|srednjobosanski kanton,BA,Srednjobosanski Kanton,BA-BIH,FALSE
ba|tuzlanski kanton,BA,Tuzlanski Kanton,BA-BIH,FALSE
ba|zapadno-hercegovacki kanton,BA,Zapadno-Hercegovacki Kanton,BA-BIH,FALSE
ba|kanton sarajevo,BA,Kanton Sarajevo,BA-BIH,FALSE
ba|bosansko-podrinjski kanton,BA,Bosansko-Podrinjski Kanton,BA-BIH,FALSE
ba|livanjski kanton,BA,Livanjski Kanton,BA-BIH,FALSE
ba|zeničko-dobojski kanton,BA,Zeničko-dobojski Kanton,BA-BIH,FALSE
ba|srednjebosanski kanton,BA,Srednjebosanski Kanton,BA-BIH,FALSE
ba|sarajevski kanton,BA,Sarajevski Kanton,BA-BIH,FALSE
ba|foca,BA,Foca,BA-~4807,FALSE
ba|posavina canton,BA,Posavina Canton,BA-SRP,FALSE
ba|bosanskoposavski,BA,Bosanskoposavski,BA-SRP,FALSE
ba|posavski,BA,Posavski,BA-SRP,FALSE
ba|posavski kanton,BA,Posavski Kanton,BA-SRP,FALSE
bd|bakerganj,BD,Bakerganj,BD-A,FALSE
bd|borishal,BD,Borishal,BD-A,FALSE
bd|chattogram,BD,Chattogram,BD-B,FALSE
bd|chattagram,BD,Chattagram,BD-B,FALSE
bd|parbattya chattagram,BD,Parbattya Chattagram,BD-B,FALSE
bd|rangamati,BD,Rangamati,BD-B,FALSE
bd|daca,BD,Daca,BD-C,FALSE
bd|dacca,BD,Dacca,BD-C,FALSE
bd|dhaka division,BD,Dhaka Division,BD-C,FALSE
bd|khulna division,BD,Khulna Division,BD-D,FALSE
bd|rajshahi division,BD,Rajshahi Division,BD-E,FALSE
bd|rangpur division,BD,Rangpur Division,BD-F,FALSE
bd|sylhet division,BD,Sylhet Division,BD-G,FALSE
be|antwerpen,BE,Antwerpen,BE-VAN,FALSE
be|provincie antwerpen,BE,Provincie Antwerpen,BE-VAN,FALSE
be|brussels capital,BE,Brussels Capital,BE-BRU,FALSE
be|bruselas,BE,Bruselas,BE-BRU,FALSE
be|brussel hoofstadt,BE,Brussel Hoofstadt,BE-BRU,FALSE
be|brusselse hoofdstedelijke gewest,BE,Brusselse Hoofdstedelijke Gewest,BE-BRU,FALSE
be|brüssel,BE,Brüssel,BE-BRU,FALSE
be|brussel,BE,Brussel,BE-BRU,FALSE
be|bruxelas,BE,Bruxelas,BE-BRU,FALSE
be|région de bruxelles-capitale,BE,Région de Bruxelles-Capitale,BE-BRU,FALSE
be|region de bruxelles-capitale,BE,Region de Bruxelles-Capitale,BE-BRU,FALSE
be|(bruxelles-capitale),BE,(Bruxelles-Capitale),BE-BRU,FALSE
be|oost-vlaanderen,BE,Oost-Vlaanderen,BE-VOV,FALSE
be|ostflandern,BE,Ostflandern,BE-VOV,FALSE
be|falndre orientale,BE,Falndre orientale,BE-VOV,FALSE
be|provincie oost-vlaanderen,BE,Provincie Oost-Vlaanderen,BE-VOV,FALSE
be|vlaams brabant,BE,Vlaams Brabant,BE-VBR,FALSE
be|flamish-brabant,BE,Flamish-Brabant,BE-VBR,FALSE
be|brabant flamand,BE,Brabant flamand,BE-VBR,FALSE
be|provincie vlaams-brabant,BE,Provincie Vlaams-Brabant,BE-VBR,FALSE
be|henegouwen,BE,Henegouwen,BE-WHT,FALSE
be|province du hainaut,BE,Province du Hainaut,BE-WHT,FALSE
be|liège,BE,Liège,BE-WLG,FALSE
be|luik,BE,Luik,BE-WLG,FALSE
be|province de liege,BE,Province de Liege,BE-WLG,FALSE
be|provincie limburg,BE,Provincie Limburg,BE-VLI,FALSE
be|luxemburg,BE,Luxemburg,BE-WLX,FALSE
be|province du luxembourg,BE,Province du Luxembourg,BE-WLX,FALSE
be|namen,BE,Namen,BE-WNA,FALSE
be|province de namur,BE,Province de Namur,BE-WNA,FALSE
be|waals-brabant,BE,Waals-Brabant,BE-WBR,FALSE
be|brabant wallon,BE,Brabant Wallon,BE-WBR,FALSE
be|province du brabant wallon,BE,Province du Brabant Wallon,BE-WBR,FALSE
be|west-vlaanderen,BE,West-Vlaanderen,BE-VWV,FALSE
be|provincie west-vlaanderen,BE,Provincie West-Vlaanderen,BE-VWV,FALSE
bf|bale,BF,Bale,BF-BAL,FALSE
bf|province des bale,BF,Province des Bale,BF-BAL,FALSE
bf|province du bam,BF,Province du Bam,BF-BAM,FALSE
bf|province des banwa,BF,Province des Banwa,BF-BAN,FALSE
bf|bazega,BF,Bazega,BF-BAZ,FALSE
bf|bazèga,BF,Bazèga,BF-BAZ,FALSE
bf|bazega province,BF,Bazega Province,BF-BAZ,FALSE
bf|province de la bougouriba,BF,Province de la Bougouriba,BF-BGR,FALSE
bf|province du boulgou,BF,Province du Boulgou,BF-BLG,FALSE
bf|boulkiemde,BF,Boulkiemde,BF-BLK,FALSE
bf|province du boulkiemde,BF,Province du Boulkiemde,BF-BLK,FALSE
bf|province du ganzourgou,BF,Province du Ganzourgou,BF-GAN,FALSE
bf|gnagna province,BF,Gnagna Province,BF-GNA,FALSE
bf|province du gourma,BF,Province du Gourma,BF-GOU,FALSE
bf|province du houet,BF,Province du Houet,BF-HOU,FALSE
bf|province du ioba,BF,Province du Ioba,BF-IOB,FALSE
bf|kadiogo province,BF,Kadiogo Province,BF-KAD,FALSE
bf|kenedougou,BF,Kenedougou,BF-KEN,FALSE
bf|province du kenedougou,BF,Province du Kenedougou,BF-KEN,FALSE
bf|komoe,BF,Komoe,BF-COM,FALSE
bf|comoé,BF,Comoé,BF-COM,FALSE
bf|comoe,BF,Comoe,BF-COM,FALSE
bf|province de la comoe,BF,Province de la Comoe,BF-COM,FALSE
bf|province de la komandjoari,BF,Province de la Komandjoari,BF-KMD,FALSE
bf|province de la kompienga,BF,Province de la Kompienga,BF-KMP,FALSE
bf|province de la kossi,BF,Province de la Kossi,BF-KOS,FALSE
bf|koulpelogo,BF,Koulpelogo,BF-KOP,FALSE
bf|province du koulpelogo,BF,Province du Koulpelogo,BF-KOP,FALSE
bf|kouritenga province,BF,Kouritenga Province,BF-KOT,FALSE
bf|kourweogo,BF,Kourweogo,BF-KOW,FALSE
bf|province du kourweogo,BF,Province du Kourweogo,BF-KOW,FALSE
bf|leraba,BF,Leraba,BF-LER,FALSE
bf|province de la leraba,BF,Province de la Leraba,BF-LER,FALSE
bf|province du loroum,BF,Province du Loroum,BF-LOR,FALSE
bf|mouhoun,BF,Mouhoun,BF-MOU,FALSE
bf|province du mouhoun,BF,Province du Mouhoun,BF-MOU,FALSE
bf|nahouri province,BF,Nahouri Province,BF-NAO,FALSE
bf|province du namentenga,BF,Province du Namentenga,BF-NAM,FALSE
bf|province du nayala,BF,Province du Nayala,BF-NAY,FALSE
bf|province d' oubritenga,BF,Province d' Oubritenga,BF-OUB,FALSE
bf|province d oubritenga,BF,Province d Oubritenga,BF-OUB,FALSE
bf|province de l' oudalan,BF,Province de l' Oudalan,BF-OUD,FALSE
bf|province de l oudalan,BF,Province de l Oudalan,BF-OUD,FALSE
bf|passore,BF,Passore,BF-PAS,FALSE
bf|province du passore,BF,Province du Passore,BF-PAS,FALSE
bf|province du poni,BF,Province du Poni,BF-PON,FALSE
bf|sanguie,BF,Sanguie,BF-SNG,FALSE
bf|province du sanguie,BF,Province du Sanguie,BF-SNG,FALSE
bf|province du sanmatenga,BF,Province du Sanmatenga,BF-SMT,FALSE
bf|seno,BF,Seno,BF-SEN,FALSE
bf|province du seno,BF,Province du Seno,BF-SEN,FALSE
bf|province de la sissili,BF,Province de la Sissili,BF-SIS,FALSE
bf|province du soum,BF,Province du Soum,BF-SOM,FALSE
bf|province du sourou,BF,Province du Sourou,BF-SOR,FALSE
bf|province de la tapoa,BF,Province de la Tapoa,BF-TAP,FALSE
bf|province du tuy,BF,Province du Tuy,BF-TUI,FALSE
bf|province du yagha,BF,Province du Yagha,BF-YAG,FALSE
bf|province du yatenga,BF,Province du Yatenga,BF-YAT,FALSE
bf|province du ziro,BF,Province du Ziro,BF-ZIR,FALSE
bf|province du zondoma,BF,Province du Zondoma,BF-ZON,FALSE
bf|zoundweogo,BF,Zoundweogo,BF-ZOU,FALSE
bf|zoundweogo province,BF,Zoundweogo Province,BF-ZOU,FALSE
bg|gorna cumaya,BG,Gorna Cumaya,BG-01,FALSE
bg|cuma-i bala,BG,Cuma-i Bala,BG-01,FALSE
bg|gorna djumaya,BG,Gorna Djumaya,BG-01,FALSE
bg|gorna dzhumaya,BG,Gorna Dzhumaya,BG-01,FALSE
bg|bourgas,BG,Bourgas,BG-02,FALSE
bg|tolbukhin,BG,Tolbukhin,BG-08,FALSE
bg|oblast dobrich,BG,Oblast Dobrich,BG-08,FALSE
bg|sofiya-grad,BG,Sofiya-Grad,BG-22,FALSE
bg|khaskovo,BG,Khaskovo,BG-26,FALSE
bg|oblast khaskovo,BG,Oblast Khaskovo,BG-26,FALSE
bg|kurdjali,BG,Kurdjali,BG-09,FALSE
bg|kârdžali,BG,Kârdžali,BG-09,FALSE
bg|kardzali,BG,Kardzali,BG-09,FALSE
bg|kirjali,BG,Kirjali,BG-09,FALSE
bg|oblast kurdzhali,BG,Oblast Kurdzhali,BG-09,FALSE
bg|keustendil,BG,Keustendil,BG-10,FALSE
bg|kjustendil,BG,Kjustendil,BG-10,FALSE
bg|oblast kyustendil,BG,Oblast Kyustendil,BG-10,FALSE
bg|loveč,BG,Loveč,BG-11,FALSE
bg|lovec,BG,Lovec,BG-11,FALSE
bg|mikhaylovgrad,BG,Mikhaylovgrad,BG-12,FALSE
bg|mihailovgrad,BG,Mihailovgrad,BG-12,FALSE
bg|oblast montana,BG,Oblast Montana,BG-12,FALSE
bg|pazardjik,BG,Pazardjik,BG-13,FALSE
bg|tatar pazardžik,BG,Tatar Pazardžik,BG-13,FALSE
bg|tatar pazardzik,BG,Tatar Pazardzik,BG-13,FALSE
bg|bazargic,BG,Bazargic,BG-13,FALSE
bg|bazardzhik,BG,Bazardzhik,BG-13,FALSE
bg|dobritch,BG,Dobritch,BG-13,FALSE
bg|dobrici,BG,Dobrici,BG-13,FALSE
bg|hagi oglu,BG,Hagi Oglu,BG-13,FALSE
bg|plevila,BG,Plevila,BG-15,FALSE
bg|plevna,BG,Plevna,BG-15,FALSE
bg|plyeven,BG,Plyeven,BG-15,FALSE
bg|oblast pleven,BG,Oblast Pleven,BG-15,FALSE
bg|philippopolis,BG,Philippopolis,BG-16,FALSE
bg|oblast razgrad,BG,Oblast Razgrad,BG-17,FALSE
bg|russe,BG,Russe,BG-18,FALSE
bg|ruščuk,BG,Ruščuk,BG-18,FALSE
bg|ruscuk,BG,Ruscuk,BG-18,FALSE
bg|rustchuk,BG,Rustchuk,BG-18,FALSE
bg|oblast ruse,BG,Oblast Ruse,BG-18,FALSE
bg|kolarovgrad,BG,Kolarovgrad,BG-27,FALSE
bg|šumla,BG,Šumla,BG-27,FALSE
bg|sumla,BG,Sumla,BG-27,FALSE
bg|šumen,BG,Šumen,BG-27,FALSE
bg|sumen,BG,Sumen,BG-27,FALSE
bg|oblast shumen,BG,Oblast Shumen,BG-27,FALSE
bg|oblast silistra,BG,Oblast Silistra,BG-19,FALSE
bg|slivno,BG,Slivno,BG-20,FALSE
bg|oblast sliven,BG,Oblast Sliven,BG-20,FALSE
bg|smoljan,BG,Smoljan,BG-21,FALSE
bg|oblast smolyan,BG,Oblast Smolyan,BG-21,FALSE
bg|sofiya,BG,Sofiya,BG-23,FALSE
bg|sofija,BG,Sofija,BG-23,FALSE
bg|oblast stara zagora,BG,Oblast Stara Zagora,BG-24,FALSE
bg|torgovishte,BG,Torgovishte,BG-25,FALSE
bg|tâgovište,BG,Tâgovište,BG-25,FALSE
bg|tagoviste,BG,Tagoviste,BG-25,FALSE
bg|oblast turgovishte,BG,Oblast Turgovishte,BG-25,FALSE
bg|stalin,BG,Stalin,BG-03,FALSE
bg|veliko turnovo,BG,Veliko Turnovo,BG-04,FALSE
bg|gorna oryahovitsa,BG,Gorna Oryahovitsa,BG-04,FALSE
bg|gorna orjahovica,BG,Gorna Orjahovica,BG-04,FALSE
bg|turnovo,BG,Turnovo,BG-04,FALSE
bg|tirnovo,BG,Tirnovo,BG-04,FALSE
bg|trnova,BG,Trnova,BG-04,FALSE
bg|oblast veliko turnovo,BG,Oblast Veliko Turnovo,BG-04,FALSE
bg|oblast vidin,BG,Oblast Vidin,BG-05,FALSE
bg|vraca,BG,Vraca,BG-06,FALSE
bg|oblast vratsa,BG,Oblast Vratsa,BG-06,FALSE
bg|jambol,BG,Jambol,BG-28,FALSE
bg|jamboli,BG,Jamboli,BG-28,FALSE
bg|oblast yambol,BG,Oblast Yambol,BG-28,FALSE
bh|al janubiyah,BH,Al Janubiyah,BH-14,FALSE
bh|southern,BH,Southern,BH-14,FALSE
bh|al-muhafazah al-janobiyah,BH,al-Muhafazah al-Janobiyah,BH-14,FALSE
bh|southern governorate,BH,Southern Governorate,BH-14,FALSE
bh|al manamah,BH,Al Manamah,BH-13,FALSE
bh|capital,BH,Capital,BH-13,FALSE
bh|muhafazat al-'asimah,BH,Muhafazat al-'Asimah,BH-13,FALSE
bh|muhafazat al-asimah,BH,Muhafazat al-Asimah,BH-13,FALSE
bh|capital governorate,BH,Capital Governorate,BH-13,FALSE
bh|al muharraq,BH,Al Muharraq,BH-15,FALSE
bh|muharraq,BH,Muharraq,BH-15,FALSE
bh|muhafazat al-muharaq,BH,Muhafazat al-Muharaq,BH-15,FALSE
bh|muharraq governorate,BH,Muharraq Governorate,BH-15,FALSE
bh|al wusta,BH,Al Wusta,BH-16,FALSE
bh|central,BH,Central,BH-16,FALSE
bh|al muhafazah al wustah,BH,Al Muhafazah al Wustah,BH-16,FALSE
bh|central governorate,BH,Central Governorate,BH-16,FALSE
bh|ash shamaliyah,BH,Ash Shamaliyah,BH-17,FALSE
bh|northern,BH,Northern,BH-17,FALSE
bh|al muhafazah ash shamaliyah‎,BH,Al Muhafazah ash Shamaliyah‎,BH-17,FALSE
bh|northern governorate,BH,Northern Governorate,BH-17,FALSE
bi|bubanza province,BI,Bubanza Province,BI-BB,FALSE
bi|bujumbura mairie province,BI,Bujumbura Mairie Province,BI-BM,FALSE
bi|bujumbura rural province,BI,Bujumbura Rural Province,BI-BL,FALSE
bi|bururi province,BI,Bururi Province,BI-BR,FALSE
bi|cankuzo province,BI,Cankuzo Province,BI-CA,FALSE
bi|cibitoke province,BI,Cibitoke Province,BI-CI,FALSE
bi|kitega,BI,Kitega,BI-GI,FALSE
bi|gitega province,BI,Gitega Province,BI-GI,FALSE
bi|karusi,BI,Karusi,BI-KR,FALSE
bi|karuzi province,BI,Karuzi Province,BI-KR,FALSE
bi|kayanza province,BI,Kayanza Province,BI-KY,FALSE
bi|kirundo province,BI,Kirundo Province,BI-KI,FALSE
bi|makamba province,BI,Makamba Province,BI-MA,FALSE
bi|muramviya,BI,Muramviya,BI-MU,FALSE
bi|muramvya province,BI,Muramvya Province,BI-MU,FALSE
bi|muhinga,BI,Muhinga,BI-MY,FALSE
bi|muyinga province,BI,Muyinga Province,BI-MY,FALSE
bi|province de mwaro,BI,Province de Mwaro,BI-MW,FALSE
bi|ngozi province,BI,Ngozi Province,BI-NG,FALSE
bi|rutana province,BI,Rutana Province,BI-RT,FALSE
bi|ruyigi province,BI,Ruyigi Province,BI-RY,FALSE
bj|atakora department,BJ,Atakora Department,BJ-AK,FALSE
bj|atlantique department,BJ,Atlantique Department,BJ-AQ,FALSE
bj|borgou department,BJ,Borgou Department,BJ-BO,FALSE
bj|collines department,BJ,Collines Department,BJ-CO,FALSE
bj|kouffo department,BJ,Kouffo Department,BJ-KO,FALSE
bj|oueme,BJ,Oueme,BJ-OU,FALSE
bj|departement de l' oueme,BJ,Departement de l' Oueme,BJ-OU,FALSE
bj|departement de l oueme,BJ,Departement de l Oueme,BJ-OU,FALSE
bj|plateau department,BJ,Plateau Department,BJ-PL,FALSE
bj|zou department,BJ,Zou Department,BJ-ZO,FALSE
bm|st. george,BM,St. George,BM-SG,FALSE
bm|saint george,BM,Saint George,BM-SG,FALSE
bm|devonshire parish,BM,Devonshire Parish,BM-DEV,FALSE
bm|hamilton parish,BM,Hamilton Parish,BM-HAM,FALSE
bm|paget parish,BM,Paget Parish,BM-PAG,FALSE
bm|pembroke parish,BM,Pembroke Parish,BM-PEM,FALSE
bm|saint georges,BM,Saint Georges,BM-SGE,FALSE
bm|saint george's parish,BM,Saint George's Parish,BM-SGE,FALSE
bm|saint georges parish,BM,Saint Georges Parish,BM-SGE,FALSE
bm|sandys parish,BM,Sandys Parish,BM-SAN,FALSE
bm|smiths,BM,Smiths,BM-SMI,FALSE
bm|smith's parish,BM,Smith's Parish,BM-SMI,FALSE
bm|smiths parish,BM,Smiths Parish,BM-SMI,FALSE
bm|southampton parish,BM,Southampton Parish,BM-SOU,FALSE
bm|warwick parish,BM,Warwick Parish,BM-WAR,FALSE
bn|belait district,BN,Belait District,BN-BE,FALSE
bn|brunei-muara,BN,Brunei-Muara,BN-BM,FALSE
bn|brunei and muara district,BN,Brunei and Muara District,BN-BM,FALSE
bn|temburong district,BN,Temburong District,BN-TE,FALSE
bn|tutong district,BN,Tutong District,BN-TU,FALSE
bo|departamento de chuquisaca,BO,Departamento de Chuquisaca,BO-H,FALSE
bo|departamento de cochabamba,BO,Departamento de Cochabamba,BO-C,FALSE
bo|beni,BO,Beni,BO-B,FALSE
bo|departamento del beni,BO,Departamento del Beni,BO-B,FALSE
bo|departamento de la paz,BO,Departamento de La Paz,BO-L,FALSE
bo|departamento de oruro,BO,Departamento de Oruro,BO-O,FALSE
bo|colonial territories,BO,colonial territories,BO-N,FALSE
bo|madre de dios,BO,madre de dios,BO-N,FALSE
bo|territorio nacional de colonias,BO,territorio nacional de colonias,BO-N,FALSE
bo|departamento de pando,BO,Departamento de Pando,BO-N,FALSE
bo|potosi,BO,Potosi,BO-P,FALSE
bo|departamento de potosi,BO,Departamento de Potosi,BO-P,FALSE
bo|departamento de santa cruz,BO,Departamento de Santa Cruz,BO-S,FALSE
bo|departamento de tarija,BO,Departamento de Tarija,BO-T,FALSE
br|estado do acre,BR,Estado do Acre,BR-AC,FALSE
br|estado de alagoas,BR,Estado de Alagoas,BR-AL,FALSE
br|amapa,BR,Amapa,BR-AP,FALSE
br|estado do amapa,BR,Estado do Amapa,BR-AP,FALSE
br|amazone,BR,Amazone,BR-AM,FALSE
br|estado do amazonas,BR,Estado do Amazonas,BR-AM,FALSE
br|ba¡a,BR,Ba¡a,BR-BA,FALSE
br|estado da bahia,BR,Estado da Bahia,BR-BA,FALSE
br|ceara,BR,Ceara,BR-CE,FALSE
br|estado do ceara,BR,Estado do Ceara,BR-CE,FALSE
br|federal,BR,Federal,BR-DF,FALSE
br|espirito santo,BR,Espirito Santo,BR-ES,FALSE
br|espiritu santo,BR,Espiritu Santo,BR-ES,FALSE
br|estado do espirito santo,BR,Estado do Espirito Santo,BR-ES,FALSE
br|goias,BR,Goias,BR-GO,FALSE
br|goiáz,BR,Goiáz,BR-GO,FALSE
br|goiaz,BR,Goiaz,BR-GO,FALSE
br|goyáz,BR,Goyáz,BR-GO,FALSE
br|goyaz,BR,Goyaz,BR-GO,FALSE
br|estado de goias,BR,Estado de Goias,BR-GO,FALSE
br|maranhao,BR,Maranhao,BR-MA,FALSE
br|são luíz de maranhão,BR,São Luíz de Maranhão,BR-MA,FALSE
br|sao luiz de maranhao,BR,Sao Luiz de Maranhao,BR-MA,FALSE
br|estado do maranhao,BR,Estado do Maranhao,BR-MA,FALSE
br|matto grosso,BR,Matto Grosso,BR-MT,FALSE
br|estado de mato grosso,BR,Estado de Mato Grosso,BR-MT,FALSE
br|estado de mato grosso do sul,BR,Estado de Mato Grosso do Sul,BR-MS,FALSE
br|minas,BR,Minas,BR-MG,FALSE
br|minas geraes,BR,Minas Geraes,BR-MG,FALSE
br|estado de minas gerais,BR,Estado de Minas Gerais,BR-MG,FALSE
br|para,BR,Para,BR-PA,FALSE
br|estado do para,BR,Estado do Para,BR-PA,FALSE
br|paraiba,BR,Paraiba,BR-PB,FALSE
br|parahyba,BR,Parahyba,BR-PB,FALSE
br|estado da paraiba,BR,Estado da Paraiba,BR-PB,FALSE
br|parana,BR,Parana,BR-PR,FALSE
br|estado do parana,BR,Estado do Parana,BR-PR,FALSE
br|pernambouc,BR,Pernambouc,BR-PE,FALSE
br|estado de pernambuco,BR,Estado de Pernambuco,BR-PE,FALSE
br|piaui,BR,Piaui,BR-PI,FALSE
br|piauhy,BR,Piauhy,BR-PI,FALSE
br|estado do piaui,BR,Estado do Piaui,BR-PI,FALSE
br|estado do rio de janeiro,BR,Estado do Rio de Janeiro,BR-RJ,FALSE
br|estado do rio grande do norte,BR,Estado do Rio Grande do Norte,BR-RN,FALSE
br|estado do rio grande do sul,BR,Estado do Rio Grande do Sul,BR-RS,FALSE
br|rondonia,BR,Rondonia,BR-RO,FALSE
br|guaporé,BR,Guaporé,BR-RO,FALSE
br|guapore,BR,Guapore,BR-RO,FALSE
br|estado de rondonia,BR,Estado de Rondonia,BR-RO,FALSE
br|rio branco,BR,Rio Branco,BR-RR,FALSE
br|estado de roraima,BR,Estado de Roraima,BR-RR,FALSE
br|santa catharina,BR,Santa Catharina,BR-SC,FALSE
br|estado de santa catarina,BR,Estado de Santa Catarina,BR-SC,FALSE
br|sao paulo,BR,Sao Paulo,BR-SP,FALSE
br|estado de sao paulo,BR,Estado de Sao Paulo,BR-SP,FALSE
br|estado de sergipe,BR,Estado de Sergipe,BR-SE,FALSE
br|estado de tocantins,BR,Estado de Tocantins,BR-TO,FALSE
bs|acklins island district,BS,Acklins Island District,BS-AK,FALSE
bs|berry islands district,BS,Berry Islands District,BS-BY,FALSE
bs|bimini district,BS,Bimini District,BS-BI,FALSE
bs|black point district,BS,Black Point District,BS-BP,FALSE
bs|cat island district,BS,Cat Island District,BS-CI,FALSE
bs|central abaco district,BS,Central Abaco District,BS-CO,FALSE
bs|central andros district,BS,Central Andros District,BS-CS,FALSE
bs|central eleuthera district,BS,Central Eleuthera District,BS-CE,FALSE
bs|freeport,BS,Freeport,BS-FP,FALSE
bs|city of freeport district,BS,City of Freeport District,BS-FP,FALSE
bs|crooked island,BS,Crooked Island,BS-CK,FALSE
bs|crooked island and long cay district,BS,Crooked Island and Long Cay District,BS-CK,FALSE
bs|east grand bahama district,BS,East Grand Bahama District,BS-EG,FALSE
bs|exuma district,BS,Exuma District,BS-EX,FALSE
bs|harbour island district,BS,Harbour Island District,BS-HI,FALSE
bs|inagua district,BS,Inagua District,BS-IN,FALSE
bs|long island district,BS,Long Island District,BS-LI,FALSE
bs|mangrove cay district,BS,Mangrove Cay District,BS-MC,FALSE
bs|mayaguana district,BS,Mayaguana District,BS-MG,FALSE
bs|moores island,BS,Moores Island,BS-MI,FALSE
bs|moore's island district,BS,Moore's Island District,BS-MI,FALSE
bs|moores island district,BS,Moores Island District,BS-MI,FALSE
bs|new providence district,BS,New Providence District,BS-~5009,FALSE
bs|north abaco district,BS,North Abaco District,BS-NO,FALSE
bs|north andros district,BS,North Andros District,BS-NS,FALSE
bs|north eleuthera district,BS,North Eleuthera District,BS-NE,FALSE
bs|ragged island district,BS,Ragged Island District,BS-RI,FALSE
bs|rum cay district,BS,Rum Cay District,BS-RC,FALSE
bs|san salvador island,BS,San Salvador Island,BS-SS,FALSE
bs|san salvador district,BS,San Salvador District,BS-SS,FALSE
bs|south abaco district,BS,South Abaco District,BS-SO,FALSE
bs|south andros district,BS,South Andros District,BS-SA,FALSE
bs|south eleuthera district,BS,South Eleuthera District,BS-SE,FALSE
bs|spanish wells district,BS,Spanish Wells District,BS-SW,FALSE
bs|west grand bahama district,BS,West Grand Bahama District,BS-WG,FALSE
bt|bumthang dzongkhag,BT,Bumthang Dzongkhag,BT-33,FALSE
bt|chukha,BT,Chukha,BT-12,FALSE
bt|chhukha dzongkhag,BT,Chhukha Dzongkhag,BT-12,FALSE
bt|tsirang,BT,Tsirang,BT-21,FALSE
bt|tsirang dzongkhag,BT,Tsirang Dzongkhag,BT-21,FALSE
bt|dagana,BT,Dagana,BT-22,FALSE
bt|tagana,BT,Tagana,BT-22,FALSE
bt|dagana dzongkhag,BT,Dagana Dzongkhag,BT-22,FALSE
bt|gaylegphug,BT,Gaylegphug,BT-31,FALSE
bt|sarbhang,BT,Sarbhang,BT-31,FALSE
bt|gelephu,BT,Gelephu,BT-31,FALSE
bt|sarpang,BT,Sarpang,BT-31,FALSE
bt|sarpang dzongkhag,BT,Sarpang Dzongkhag,BT-31,FALSE
bt|haa,BT,Haa,BT-13,FALSE
bt|haa dzongkhag,BT,Haa Dzongkhag,BT-13,FALSE
bt|lhuntse,BT,Lhuntse,BT-44,FALSE
bt|lhuentse,BT,Lhuentse,BT-44,FALSE
bt|lhuntsi,BT,Lhuntsi,BT-44,FALSE
bt|lhuentse dzongkhag,BT,Lhuentse Dzongkhag,BT-44,FALSE
bt|monggar,BT,Monggar,BT-42,FALSE
bt|mongor,BT,Mongor,BT-42,FALSE
bt|mongar dzongkhag,BT,Mongar Dzongkhag,BT-42,FALSE
bt|rinpung,BT,Rinpung,BT-11,FALSE
bt|paro dzongkhag,BT,Paro Dzongkhag,BT-11,FALSE
bt|pemagatshel,BT,Pemagatshel,BT-43,FALSE
bt|pema gatshel,BT,Pema Gatshel,BT-43,FALSE
bt|pemagatshel dzongkhag,BT,Pemagatshel Dzongkhag,BT-43,FALSE
bt|punaka,BT,Punaka,BT-23,FALSE
bt|punakha dzongkhag,BT,Punakha Dzongkhag,BT-23,FALSE
bt|samtse,BT,Samtse,BT-14,FALSE
bt|samtse dzongkhag,BT,Samtse Dzongkhag,BT-14,FALSE
bt|samdrup,BT,Samdrup,BT-45,FALSE
bt|samdrup jongkha,BT,Samdrup Jongkha,BT-45,FALSE
bt|samdrup jongkhar dzongkhag,BT,Samdrup Jongkhar Dzongkhag,BT-45,FALSE
bt|zhemgang,BT,Zhemgang,BT-34,FALSE
bt|zhemgang dzongkhag,BT,Zhemgang Dzongkhag,BT-34,FALSE
bt|trashiyangtse,BT,Trashiyangtse,BT-TY,FALSE
bt|trashi yangtse,BT,Trashi Yangtse,BT-TY,FALSE
bt|trashiyangtsi,BT,Trashiyangtsi,BT-TY,FALSE
bt|trashi yangste,BT,Trashi Yangste,BT-TY,FALSE
bt|trashigang,BT,Trashigang,BT-41,FALSE
bt|trashigang dzongkhag,BT,Trashigang Dzongkhag,BT-41,FALSE
bt|tashi chho dzong,BT,Tashi Chho Dzong,BT-15,FALSE
bt|thimbu,BT,Thimbu,BT-15,FALSE
bt|thimphu dzongkhag,BT,Thimphu Dzongkhag,BT-15,FALSE
bt|trongsa,BT,Trongsa,BT-32,FALSE
bt|trongsa dzongkhag,BT,Trongsa Dzongkhag,BT-32,FALSE
bt|wangdue phodrang,BT,Wangdue Phodrang,BT-24,FALSE
bt|wangdiphodrang,BT,Wangdiphodrang,BT-24,FALSE
bt|andguphodang,BT,Andguphodang,BT-24,FALSE
bt|wangdue,BT,Wangdue,BT-24,FALSE
bt|wangdupotrang,BT,Wangdupotrang,BT-24,FALSE
bt|wangü-phodrang,BT,Wangü-Phodrang,BT-24,FALSE
bt|wangu-phodrang,BT,Wangu-Phodrang,BT-24,FALSE
bt|wangdue phodrang dzongkhag,BT,Wangdue Phodrang Dzongkhag,BT-24,FALSE
bw|centre,BW,Centre,BW-CE,FALSE
bw|ngwato,BW,Ngwato,BW-CE,FALSE
bw|serowe-palapye,BW,Serowe-Palapye,BW-CE,FALSE
bw|central district,BW,Central District,BW-CE,FALSE
bw|north east district,BW,North East District,BW-FR,FALSE
bw|ghantsi,BW,Ghantsi,BW-GH,FALSE
bw|ghanzi district,BW,Ghanzi District,BW-GH,FALSE
bw|southern district,BW,Southern District,BW-JW,FALSE
bw|kgalagadi district,BW,Kgalagadi District,BW-KG,FALSE
bw|kgatleng district,BW,Kgatleng District,BW-KL,FALSE
bw|kweneng district,BW,Kweneng District,BW-KW,FALSE
bw|south east district,BW,South East District,BW-LO,FALSE
bw|north west,BW,North West,BW-NW,FALSE
bw|bokone-bophirima,BW,Bokone-Bophirima,BW-NW,FALSE
bw|north west district,BW,North West District,BW-NW,FALSE
bw|selibe phikwe,BW,Selibe Phikwe,BW-SP,FALSE
bw|borwa-botlhaba,BW,Borwa-Botlhaba,BW-SE,FALSE
bw|borwa,BW,Borwa,BW-SO,FALSE
bw|ngwakets,BW,Ngwakets,BW-SO,FALSE
bw|ngwaketse,BW,Ngwaketse,BW-SO,FALSE
bw|sowa town,BW,Sowa Town,BW-ST,FALSE
by|брест,BY,Брест,BY-BR,FALSE
by|brestskaya voblasts',BY,Brestskaya Voblasts',BY-BR,FALSE
by|brestskaya voblasts,BY,Brestskaya Voblasts,BY-BR,FALSE
by|brèst,BY,Brèst,BY-BR,FALSE
by|минск,BY,Минск,BY-HM,FALSE
by|минская область,BY,Минская Область,BY-HM,FALSE
by|minsk oblast,BY,Minsk Oblast,BY-HM,FALSE
by|minskaya voblasts',BY,Minskaya Voblasts',BY-HM,FALSE
by|minskaya voblasts,BY,Minskaya Voblasts,BY-HM,FALSE
by|horad minsk,BY,Horad Minsk,BY-HM,FALSE
by|гомель,BY,Гомель,BY-HO,FALSE
by|gomel',BY,Gomel',BY-HO,FALSE
by|homyel'skaya voblasts',BY,Homyel'skaya Voblasts',BY-HO,FALSE
by|homyelskaya voblasts,BY,Homyelskaya Voblasts,BY-HO,FALSE
by|homje,BY,Homje,BY-HO,FALSE
by|homyel',BY,Homyel',BY-HO,FALSE
by|homyel,BY,Homyel,BY-HO,FALSE
by|гродно,BY,Гродно,BY-HR,FALSE
by|hrodzenskaya voblasts',BY,Hrodzenskaya Voblasts',BY-HR,FALSE
by|hrodzenskaya voblasts,BY,Hrodzenskaya Voblasts,BY-HR,FALSE
by|hrodzyenskaya voblasts',BY,Hrodzyenskaya Voblasts',BY-HR,FALSE
by|hrodzyenskaya voblasts,BY,Hrodzyenskaya Voblasts,BY-HR,FALSE
by|hrodna,BY,Hrodna,BY-HR,FALSE
by|mahilioŭ,BY,Mahilioŭ,BY-MA,FALSE
by|mahiliou,BY,Mahiliou,BY-MA,FALSE
by|могилёв,BY,Могилёв,BY-MA,FALSE
by|могилев,BY,Могилев,BY-MA,FALSE
by|mahiljow,BY,Mahiljow,BY-MA,FALSE
by|mahilyowskaya voblasts',BY,Mahilyowskaya Voblasts',BY-MA,FALSE
by|mahilyowskaya voblasts,BY,Mahilyowskaya Voblasts,BY-MA,FALSE
by|mahilyow,BY,Mahilyow,BY-MA,FALSE
by|витебск,BY,Витебск,BY-VI,FALSE
by|vicebsk,BY,Vicebsk,BY-VI,FALSE
by|vitsyebskaya voblasts',BY,Vitsyebskaya Voblasts',BY-VI,FALSE
by|vitsyebskaya voblasts,BY,Vitsyebskaya Voblasts,BY-VI,FALSE
by|witebsk,BY,Witebsk,BY-VI,FALSE
by|vitsyebsk,BY,Vitsyebsk,BY-VI,FALSE
bz|belize district,BZ,Belize District,BZ-BZ,FALSE
bz|cayo district,BZ,Cayo District,BZ-CY,FALSE
bz|corozal district,BZ,Corozal District,BZ-CZL,FALSE
bz|orange walk district,BZ,Orange Walk District,BZ-OW,FALSE
bz|stann creek district,BZ,Stann Creek District,BZ-SC,FALSE
bz|toledo district,BZ,Toledo District,BZ-TOL,FALSE
ca|colombie britannique,CA,Colombie britannique,CA-BC,FALSE
ca|new caledonia,CA,New Caledonia,CA-BC,FALSE
ca|nouveau-brunswick,CA,Nouveau-Brunswick,CA-NB,FALSE
ca|acadia,CA,Acadia,CA-NB,FALSE
ca|newfoundland,CA,Newfoundland,CA-NL,FALSE
ca|terre-neuve,CA,Terre-Neuve,CA-NL,FALSE
ca|terre-neuve-et-labrador,CA,Terre-Neuve-et-Labrador,CA-NL,FALSE
ca|territoires du nord-ouest,CA,Territoires du Nord-Ouest,CA-NT,FALSE
ca|nouvelle-écosse,CA,Nouvelle-Écosse,CA-NS,FALSE
ca|nouvelle-ecosse,CA,Nouvelle-Ecosse,CA-NS,FALSE
ca|upper canada,CA,Upper Canada,CA-ON,FALSE
ca|île de saint-jean,CA,Île de Saint-Jean,CA-PE,FALSE
ca|ile de saint-jean,CA,Ile de Saint-Jean,CA-PE,FALSE
ca|île du prince-édouard,CA,Île du Prince-Édouard,CA-PE,FALSE
ca|ile du prince-edouard,CA,Ile du Prince-Edouard,CA-PE,FALSE
ca|quebec,CA,Quebec,CA-QC,FALSE
ca|lower canada,CA,Lower Canada,CA-QC,FALSE
ca|yukon territory,CA,Yukon Territory,CA-YT,FALSE
ca|territoire du yukon,CA,Territoire du Yukon,CA-YT,FALSE
ca|yuk¢n,CA,Yuk¢n,CA-YT,FALSE
cd|bandundu province,CD,Bandundu Province,CD-BN,FALSE
cd|kongo central,CD,Kongo Central,CD-BC,FALSE
cd|bas-zaire,CD,Bas-Zaire,CD-BC,FALSE
cd|bas-zaïre,CD,Bas-Zaïre,CD-BC,FALSE
cd|kongo-central,CD,Kongo-Central,CD-BC,FALSE
cd|lower zaire,CD,Lower Zaire,CD-BC,FALSE
cd|province du bas-congo,CD,Province du Bas-Congo,CD-BC,FALSE
cd|equateur,CD,Equateur,CD-EQ,FALSE
cd|equator,CD,Equator,CD-EQ,FALSE
cd|equatorial,CD,Equatorial,CD-EQ,FALSE
cd|province de l' equateur,CD,Province de l' Equateur,CD-EQ,FALSE
cd|province de l equateur,CD,Province de l Equateur,CD-EQ,FALSE
cd|kasai-occidental,CD,Kasai-Occidental,CD-KW,FALSE
cd|kasai west,CD,Kasai West,CD-KW,FALSE
cd|west kasai,CD,West Kasai,CD-KW,FALSE
cd|west kassai,CD,West Kassai,CD-KW,FALSE
cd|province du kasai-occidental,CD,Province du Kasai-Occidental,CD-KW,FALSE
cd|kasai-oriental,CD,Kasai-Oriental,CD-KE,FALSE
cd|east kasai,CD,East Kasai,CD-KE,FALSE
cd|kasai east,CD,Kasai East,CD-KE,FALSE
cd|province du kasai-oriental,CD,Province du Kasai-Oriental,CD-KE,FALSE
cd|shaba,CD,Shaba,CD-KA,FALSE
cd|katanga province,CD,Katanga Province,CD-KA,FALSE
cd|kinshasa,CD,Kinshasa,CD-KN,FALSE
cd|léopoldville,CD,Léopoldville,CD-KN,FALSE
cd|leopoldville,CD,Leopoldville,CD-KN,FALSE
cd|province du maniema,CD,Province du Maniema,CD-MA,FALSE
cd|north kivu,CD,North Kivu,CD-NK,FALSE
cd|province du nord-kivu,CD,Province du Nord-Kivu,CD-NK,FALSE
cd|haut-zaire,CD,Haut-Zaire,CD-OR,FALSE
cd|haut-zaïreupper zaire,CD,Haut-ZaïreUpper Zaire,CD-OR,FALSE
cd|haut-zaireupper zaire,CD,Haut-ZaireUpper Zaire,CD-OR,FALSE
cd|province orientale,CD,Province Orientale,CD-OR,FALSE
cd|south kivu,CD,South Kivu,CD-SK,FALSE
cd|sud-kivou,CD,Sud-Kivou,CD-SK,FALSE
cd|sud kivou,CD,Sud Kivou,CD-SK,FALSE
cd|sud kivu,CD,Sud Kivu,CD-SK,FALSE
cd|south kivu province,CD,South Kivu Province,CD-SK,FALSE
cf|bamingui-bangoran prefecture,CF,Bamingui-Bangoran Prefecture,CF-BB,FALSE
cf|bamingui-bangora,CF,Bamingui-Bangora,CF-BB,FALSE
cf|n'délé,CF,N'Délé,CF-BB,FALSE
cf|n'dele,CF,N'Dele,CF-BB,FALSE
cf|ndélé,CF,NDélé,CF-BB,FALSE
cf|ndele,CF,NDele,CF-BB,FALSE
cf|commune de bangui,CF,Commune de Bangui,CF-BGF,FALSE
cf|basse-kotto prefecture,CF,Basse-Kotto Prefecture,CF-BK,FALSE
cf|haut-mbomou prefecture,CF,Haut-Mbomou Prefecture,CF-HM,FALSE
cf|haut-m'bomou,CF,Haut-M'bomou,CF-HM,FALSE
cf|obo-zemio,CF,Obo-Zemio,CF-HM,FALSE
cf|haute-kotto prefecture,CF,Haute-Kotto Prefecture,CF-HK,FALSE
cf|kemo,CF,Kemo,CF-KG,FALSE
cf|kémo prefecture,CF,Kémo Prefecture,CF-KG,FALSE
cf|kemo prefecture,CF,Kemo Prefecture,CF-KG,FALSE
cf|kémo-gribingui,CF,Kémo-Gribingui,CF-KG,FALSE
cf|kemo-gribingui,CF,Kemo-Gribingui,CF-KG,FALSE
cf|kémo-ibingui,CF,Kémo-Ibingui,CF-KG,FALSE
cf|kemo-ibingui,CF,Kemo-Ibingui,CF-KG,FALSE
cf|prefecture de la kemo,CF,Prefecture de la Kemo,CF-KG,FALSE
cf|lobaye prefecture,CF,Lobaye Prefecture,CF-LB,FALSE
cf|mambere-kadei,CF,Mambere-Kadei,CF-HS,FALSE
cf|haute-sangha,CF,Haute-Sangha,CF-HS,FALSE
cf|mambéré kadéi,CF,Mambéré Kadéi,CF-HS,FALSE
cf|mambere kadei,CF,Mambere Kadei,CF-HS,FALSE
cf|mbomou prefecture,CF,Mbomou Prefecture,CF-MB,FALSE
cf|m'bomou,CF,M'Bomou,CF-MB,FALSE
cf|nana-grebizi,CF,Nana-Grebizi,CF-KB,FALSE
cf|nana-grébizi economic prefecture,CF,Nana-Grébizi Economic Prefecture,CF-KB,FALSE
cf|nana-grebizi economic prefecture,CF,Nana-Grebizi Economic Prefecture,CF-KB,FALSE
cf|nana-gribingui,CF,Nana-Gribingui,CF-KB,FALSE
cf|gribingui,CF,Gribingui,CF-KB,FALSE
cf|gribingui-économique,CF,Gribingui-Économique,CF-KB,FALSE
cf|gribingui-economique,CF,Gribingui-Economique,CF-KB,FALSE
cf|ibingui,CF,Ibingui,CF-KB,FALSE
cf|nana gribizi,CF,Nana Gribizi,CF-KB,FALSE
cf|prefecture de la nana-grebizi,CF,Prefecture de la Nana-Grebizi,CF-KB,FALSE
cf|nana-mambere,CF,Nana-Mambere,CF-NM,FALSE
cf|nana-mambéré prefecture,CF,Nana-Mambéré Prefecture,CF-NM,FALSE
cf|nana-mambere prefecture,CF,Nana-Mambere Prefecture,CF-NM,FALSE
cf|bouar-baboua,CF,Bouar-Baboua,CF-NM,FALSE
cf|buar-baboua,CF,Buar-Baboua,CF-NM,FALSE
cf|nana nambéré,CF,Nana Nambéré,CF-NM,FALSE
cf|nana nambere,CF,Nana Nambere,CF-NM,FALSE
cf|prefecture de la nana-mambere,CF,Prefecture de la Nana-Mambere,CF-NM,FALSE
cf|ombella-mpoko,CF,Ombella-MPoko,CF-MP,FALSE
cf|ombella-m'poko prefecture,CF,Ombella-M'Poko Prefecture,CF-MP,FALSE
cf|ombella-mpoko prefecture,CF,Ombella-MPoko Prefecture,CF-MP,FALSE
cf|ouaka prefecture,CF,Ouaka Prefecture,CF-UK,FALSE
cf|ouham prefecture,CF,Ouham Prefecture,CF-AC,FALSE
cf|ouham-pende,CF,Ouham-Pende,CF-OP,FALSE
cf|ouham-pendé prefecture,CF,Ouham-Pendé Prefecture,CF-OP,FALSE
cf|ouham-pende prefecture,CF,Ouham-Pende Prefecture,CF-OP,FALSE
cf|prefecture de l' ouham-pende,CF,Prefecture de l' Ouham-Pende,CF-OP,FALSE
cf|prefecture de l ouham-pende,CF,Prefecture de l Ouham-Pende,CF-OP,FALSE
cf|sangha-mbaere,CF,Sangha-Mbaere,CF-SE,FALSE
cf|sangha,CF,Sangha,CF-SE,FALSE
cf|sangha-économique,CF,Sangha-Économique,CF-SE,FALSE
cf|sangha-economique,CF,Sangha-Economique,CF-SE,FALSE
cf|sangha m'baéré,CF,Sangha M'baéré,CF-SE,FALSE
cf|sangha m'baere,CF,Sangha M'baere,CF-SE,FALSE
cf|sangha mbaéré,CF,Sangha Mbaéré,CF-SE,FALSE
cf|sangha mbaere,CF,Sangha Mbaere,CF-SE,FALSE
cf|prefecture de la sangha-mbaere,CF,Prefecture de la Sangha-Mbaere,CF-SE,FALSE
cf|vakaga prefecture,CF,Vakaga Prefecture,CF-VK,FALSE
cf|birao,CF,Birao,CF-VK,FALSE
cg|region de la bouenza,CG,Region de la Bouenza,CG-11,FALSE
cg|commune de brazzaville,CG,Commune de Brazzaville,CG-BZV,FALSE
cg|region du kouilou,CG,Region du Kouilou,CG-5,FALSE
cg|lekoumou,CG,Lekoumou,CG-2,FALSE
cg|region de la lekoumou,CG,Region de la Lekoumou,CG-2,FALSE
cg|region du niari,CG,Region du Niari,CG-9,FALSE
cg|pointe-noire,CG,Pointe-Noire,CG-16,FALSE
ch|argovia,CH,Argovia,CH-AG,FALSE
ch|arg¢via,CH,Arg¢via,CH-AG,FALSE
ch|argovie,CH,Argovie,CH-AG,FALSE
ch|kanton aargau,CH,Kanton Aargau,CH-AG,FALSE
ch|appenzell ausser-rhoden,CH,Appenzell Ausser-Rhoden,CH-AR,FALSE
ch|appenzell outer rhodes,CH,Appenzell Outer Rhodes,CH-AR,FALSE
ch|appenzell dadens,CH,Appenzell dadens,CH-AR,FALSE
ch|appenzell rhodes extérieures,CH,Appenzell Rhodes Extérieures,CH-AR,FALSE
ch|appenzell rhodes exterieures,CH,Appenzell Rhodes Exterieures,CH-AR,FALSE
ch|appenzello esterno,CH,Appenzello Esterno,CH-AR,FALSE
ch|kanton appenzell ausserrhoden,CH,Kanton Appenzell Ausserrhoden,CH-AR,FALSE
ch|appenzell inner-rhoden,CH,Appenzell Inner-Rhoden,CH-AI,FALSE
ch|appenzell inner rhodes,CH,Appenzell Inner Rhodes,CH-AI,FALSE
ch|appenzell dador,CH,Appenzell dador,CH-AI,FALSE
ch|appenzell rhodes intérieures,CH,Appenzell Rhodes Intérieures,CH-AI,FALSE
ch|appenzell rhodes interieures,CH,Appenzell Rhodes Interieures,CH-AI,FALSE
ch|appenzello interno,CH,Appenzello Interno,CH-AI,FALSE
ch|kanton appenzell innerrhoden,CH,Kanton Appenzell Innerrhoden,CH-AI,FALSE
ch|kanton basel-landschaft,CH,Kanton Basel-Landschaft,CH-BL,FALSE
ch|bâle-ville,CH,Bâle-Ville,CH-BS,FALSE
ch|bale-ville,CH,Bale-Ville,CH-BS,FALSE
ch|basel-city,CH,Basel-City,CH-BS,FALSE
ch|basel-town,CH,Basel-Town,CH-BS,FALSE
ch|basilea-citad,CH,Basilea-Citad,CH-BS,FALSE
ch|basilea ciudad,CH,Basilea Ciudad,CH-BS,FALSE
ch|basilea città,CH,Basilea città,CH-BS,FALSE
ch|basilea citta,CH,Basilea citta,CH-BS,FALSE
ch|basiléia cidade,CH,Basiléia cidade,CH-BS,FALSE
ch|basileia cidade,CH,Basileia cidade,CH-BS,FALSE
ch|kanton basel-stadt,CH,Kanton Basel-Stadt,CH-BS,FALSE
ch|berna,CH,Berna,CH-BE,FALSE
ch|berne,CH,Berne,CH-BE,FALSE
ch|kanton bern,CH,Kanton Bern,CH-BE,FALSE
ch|freiburg,CH,Freiburg,CH-FR,FALSE
ch|friburg,CH,Friburg,CH-FR,FALSE
ch|friburgo,CH,Friburgo,CH-FR,FALSE
ch|canton de fribourg,CH,Canton de Fribourg,CH-FR,FALSE
ch|geneve,CH,Geneve,CH-GE,FALSE
ch|geneva,CH,Geneva,CH-GE,FALSE
ch|cenevre,CH,Cenevre,CH-GE,FALSE
ch|genebra,CH,Genebra,CH-GE,FALSE
ch|genevra,CH,Genevra,CH-GE,FALSE
ch|genf,CH,Genf,CH-GE,FALSE
ch|ginebra,CH,Ginebra,CH-GE,FALSE
ch|ginevra,CH,Ginevra,CH-GE,FALSE
ch|canton de geneve,CH,Canton de Geneve,CH-GE,FALSE
ch|glaris,CH,Glaris,CH-GL,FALSE
ch|glarona,CH,Glarona,CH-GL,FALSE
ch|glaruna,CH,Glaruna,CH-GL,FALSE
ch|kanton glarus,CH,Kanton Glarus,CH-GL,FALSE
ch|graubunden,CH,Graubunden,CH-GR,FALSE
ch|grisons,CH,Grisons,CH-GR,FALSE
ch|grigioni,CH,Grigioni,CH-GR,FALSE
ch|grischun,CH,Grischun,CH-GR,FALSE
ch|kanton graubunden,CH,Kanton Graubunden,CH-GR,FALSE
ch|giura,CH,Giura,CH-JU,FALSE
ch|canton du jura,CH,Canton du Jura,CH-JU,FALSE
ch|lucerna,CH,Lucerna,CH-LU,FALSE
ch|luzern,CH,Luzern,CH-LU,FALSE
ch|kanton luzern,CH,Kanton Luzern,CH-LU,FALSE
ch|neuchatel,CH,Neuchatel,CH-NE,FALSE
ch|neuenburg,CH,Neuenburg,CH-NE,FALSE
ch|canton de neuchatel,CH,Canton de Neuchatel,CH-NE,FALSE
ch|nidvaldo,CH,Nidvaldo,CH-NW,FALSE
ch|nidwald,CH,Nidwald,CH-NW,FALSE
ch|unterwalden-le-bas,CH,Unterwalden-le-Bas,CH-NW,FALSE
ch|nidwaldo,CH,Nidwaldo,CH-NW,FALSE
ch|kanton nidwalden,CH,Kanton Nidwalden,CH-NW,FALSE
ch|obvaldo,CH,Obvaldo,CH-OW,FALSE
ch|obwald,CH,Obwald,CH-OW,FALSE
ch|unterwalden-le-haut,CH,Unterwalden-le-Haut,CH-OW,FALSE
ch|obwaldo,CH,Obwaldo,CH-OW,FALSE
ch|sursilvania,CH,Sursilvania,CH-OW,FALSE
ch|kanton obwalden,CH,Kanton Obwalden,CH-OW,FALSE
ch|st. gallen,CH,St. Gallen,CH-SG,FALSE
ch|saint-gall,CH,Saint-Gall,CH-SG,FALSE
ch|san gallo,CH,San Gallo,CH-SG,FALSE
ch|son gagl,CH,Son Gagl,CH-SG,FALSE
ch|kanton st. gallen,CH,Kanton St. Gallen,CH-SG,FALSE
ch|schaffhouse,CH,Schaffhouse,CH-SH,FALSE
ch|schaffusa,CH,Schaffusa,CH-SH,FALSE
ch|sciaffusa,CH,Sciaffusa,CH-SH,FALSE
ch|kanton schaffhausen,CH,Kanton Schaffhausen,CH-SH,FALSE
ch|kanton schwyz,CH,Kanton Schwyz,CH-SZ,FALSE
ch|kanton solothurn,CH,Kanton Solothurn,CH-SO,FALSE
ch|thurgovie,CH,Thurgovie,CH-TG,FALSE
ch|turgovia,CH,Turgovia,CH-TG,FALSE
ch|turg¢via,CH,Turg¢via,CH-TG,FALSE
ch|kanton thurgau,CH,Kanton Thurgau,CH-TG,FALSE
ch|tesino,CH,Tesino,CH-TI,FALSE
ch|tessin,CH,Tessin,CH-TI,FALSE
ch|cantone ticino,CH,Cantone Ticino,CH-TI,FALSE
ch|kanton uri,CH,Kanton Uri,CH-UR,FALSE
ch|vallais,CH,Vallais,CH-VS,FALSE
ch|vallese,CH,Vallese,CH-VS,FALSE
ch|wallis,CH,Wallis,CH-VS,FALSE
ch|canton du valais,CH,Canton du Valais,CH-VS,FALSE
ch|vad,CH,Vad,CH-VD,FALSE
ch|waadt,CH,Waadt,CH-VD,FALSE
ch|waadtland,CH,Waadtland,CH-VD,FALSE
ch|canton de vaud,CH,Canton de Vaud,CH-VD,FALSE
ch|zoug,CH,Zoug,CH-ZG,FALSE
ch|zugo,CH,Zugo,CH-ZG,FALSE
ch|kanton zug,CH,Kanton Zug,CH-ZG,FALSE
ch|zurich,CH,Zurich,CH-ZH,FALSE
ch|turitg,CH,Turitg,CH-ZH,FALSE
ch|zurigo,CH,Zurigo,CH-ZH,FALSE
ch|zürih,CH,Zürih,CH-ZH,FALSE
ch|zurih,CH,Zurih,CH-ZH,FALSE
ch|zurique,CH,Zurique,CH-ZH,FALSE
ch|kanton zurich,CH,Kanton Zurich,CH-ZH,FALSE
ci|agneby,CI,Agneby,CI-16,FALSE
ci|moyen-cavally,CI,Moyen-Cavally,CI-19,FALSE
ci|comoé,CI,Comoé,CI-05,FALSE
ci|moyen-comoe,CI,Moyen-Comoe,CI-05,FALSE
ci|sud-comoe,CI,Sud-Comoe,CI-05,FALSE
ci|moyen-comoé,CI,Moyen-Comoé,CI-05,FALSE
ci|denguele,CI,Denguele,CI-10,FALSE
ci|marahoue,CI,Marahoue,CI-12,FALSE
ci|n'zi-comoe,CI,N'zi-Comoe,CI-11,FALSE
ci|nzi-comoé,CI,Nzi-Comoé,CI-11,FALSE
ci|nzi-comoe,CI,Nzi-Comoe,CI-11,FALSE
ci|region du sud-comoe,CI,Region du Sud-Comoe,CI-13,FALSE
ci|vallee du bandama,CI,Vallee du Bandama,CI-04,FALSE
ck|maniki,CK,Maniki,CK-~4961,FALSE
ck|palmerston island,CK,Palmerston Island,CK-~4956,FALSE
ck|penrhyn atoll,CK,Penrhyn Atoll,CK-~4962,FALSE
ck|tongareva,CK,Tongareva,CK-~4962,FALSE
ck|mangarongaro,CK,Mangarongaro,CK-~4962,FALSE
ck|hararanga,CK,Hararanga,CK-~4962,FALSE
ck|te pitaka,CK,Te Pitaka,CK-~4962,FALSE
cl|aisen del general carlos ibanez del campo,CL,Aisen del General Carlos Ibanez del Campo,CL-AI,FALSE
cl|aysén,CL,Aysén,CL-AI,FALSE
cl|aysen,CL,Aysen,CL-AI,FALSE
cl|aisén,CL,Aisén,CL-AI,FALSE
cl|aisen,CL,Aisen,CL-AI,FALSE
cl|aysén del general carlos ibáñez del campo,CL,Aysén del General Carlos Ibáñez del Campo,CL-AI,FALSE
cl|aysen del general carlos ibanez del campo,CL,Aysen del General Carlos Ibanez del Campo,CL-AI,FALSE
cl|region aisen del general carlos ibanez del campo,CL,Region Aisen del General Carlos Ibanez del Campo,CL-AI,FALSE
cl|region de antofagasta,CL,Region de Antofagasta,CL-AN,FALSE
cl|region de arica y parinacota,CL,Region de Arica y Parinacota,CL-AP,FALSE
cl|region de atacama,CL,Region de Atacama,CL-AT,FALSE
cl|bio-bio,CL,Bio-Bio,CL-BI,FALSE
cl|biobío,CL,Biobío,CL-BI,FALSE
cl|biobio,CL,Biobio,CL-BI,FALSE
cl|bíobío,CL,Bíobío,CL-BI,FALSE
cl|viii,CL,VIII,CL-BI,FALSE
cl|region del biobio,CL,Region del Biobio,CL-BI,FALSE
cl|region de coquimbo,CL,Region de Coquimbo,CL-CO,FALSE
cl|la araucania,CL,La Araucania,CL-AR,FALSE
cl|araucanía,CL,Araucanía,CL-AR,FALSE
cl|araucania,CL,Araucania,CL-AR,FALSE
cl|ix,CL,IX,CL-AR,FALSE
cl|region de la araucania,CL,Region de la Araucania,CL-AR,FALSE
cl|libertador general bernardo ohiggins,CL,Libertador General Bernardo OHiggins,CL-LI,FALSE
cl|o'higgins,CL,O'Higgins,CL-LI,FALSE
cl|ohiggins,CL,OHiggins,CL-LI,FALSE
cl|libertador,CL,Libertador,CL-LI,FALSE
cl|region del libertador general bernardo o'higgins,CL,Region del Libertador General Bernardo O'Higgins,CL-LI,FALSE
cl|region del libertador general bernardo ohiggins,CL,Region del Libertador General Bernardo OHiggins,CL-LI,FALSE
cl|x,CL,X,CL-LL,FALSE
cl|region de los lagos,CL,Region de Los Lagos,CL-LL,FALSE
cl|los rios,CL,Los Rios,CL-LR,FALSE
cl|xiv,CL,XIV,CL-LR,FALSE
cl|region de los rios,CL,Region de Los Rios,CL-LR,FALSE
cl|magallanes y antartica chilena,CL,Magallanes y Antartica Chilena,CL-MA,FALSE
cl|magellan and the chilean antarctic,CL,Magellan and the Chilean Antarctic,CL-MA,FALSE
cl|magalhães,CL,Magalhães,CL-MA,FALSE
cl|magalhaes,CL,Magalhaes,CL-MA,FALSE
cl|magellan et antarctique chilienne,CL,Magellan et Antarctique Chilienne,CL-MA,FALSE
cl|región de magallanes y de la antártica chilena,CL,Región de Magallanes y de la Antártica Chilena,CL-MA,FALSE
cl|region de magallanes y de la antartica chilena,CL,Region de Magallanes y de la Antartica Chilena,CL-MA,FALSE
cl|vii,CL,VII,CL-ML,FALSE
cl|region del maule,CL,Region del Maule,CL-ML,FALSE
cl|nuble,CL,Nuble,CL-NB,FALSE
cl|region metropolitana de santiago,CL,Region Metropolitana de Santiago,CL-RM,FALSE
cl|santiago,CL,Santiago,CL-RM,FALSE
cl|región metropolitana,CL,Región Metropolitana,CL-RM,FALSE
cl|region metropolitana,CL,Region Metropolitana,CL-RM,FALSE
cl|région metropolitaine de santiago,CL,Région Metropolitaine de Santiago,CL-RM,FALSE
cl|region metropolitaine de santiago,CL,Region Metropolitaine de Santiago,CL-RM,FALSE
cl|rm,CL,RM,CL-RM,FALSE
cl|tarapaca,CL,Tarapaca,CL-TA,FALSE
cl|region de tarapaca,CL,Region de Tarapaca,CL-TA,FALSE
cl|valparaiso,CL,Valparaiso,CL-VS,FALSE
cl|aconcagua,CL,Aconcagua,CL-VS,FALSE
cl|region de valparaiso,CL,Region de Valparaiso,CL-VS,FALSE
cm|adamawa,CM,Adamawa,CM-AD,FALSE
cm|adamoua,CM,Adamoua,CM-AD,FALSE
cm|adamaua,CM,Adamaua,CM-AD,FALSE
cm|adamaoua region,CM,Adamaoua Region,CM-AD,FALSE
cm|central,CM,Central,CM-CE,FALSE
cm|centre region,CM,Centre Region,CM-CE,FALSE
cm|east,CM,East,CM-ES,FALSE
cm|east region,CM,East Region,CM-ES,FALSE
cm|extreme-nord,CM,Extreme-Nord,CM-EN,FALSE
cm|far north,CM,Far North,CM-EN,FALSE
cm|extreme-north,CM,Extreme-North,CM-EN,FALSE
cm|far north region,CM,Far North Region,CM-EN,FALSE
cm|litoral,CM,Litoral,CM-LT,FALSE
cm|littoral region,CM,Littoral Region,CM-LT,FALSE
cm|north,CM,North,CM-NO,FALSE
cm|north region,CM,North Region,CM-NO,FALSE
cm|northwest,CM,Northwest,CM-NW,FALSE
cm|north-west,CM,North-West,CM-NW,FALSE
cm|north-west region,CM,North-West Region,CM-NW,FALSE
cm|west,CM,West,CM-OU,FALSE
cm|west region,CM,West Region,CM-OU,FALSE
cm|south,CM,South,CM-SU,FALSE
cm|south region,CM,South Region,CM-SU,FALSE
cm|southwest,CM,Southwest,CM-SW,FALSE
cm|south-west,CM,South-West,CM-SW,FALSE
cm|south-west region,CM,South-West Region,CM-SW,FALSE
cn|ānhuī,CN,Ānhuī,CN-AH,FALSE
cn|anhui sheng,CN,Anhui Sheng,CN-AH,FALSE
cn|běijīng,CN,Běijīng,CN-BJ,FALSE
cn|beijing shi,CN,Beijing Shi,CN-BJ,FALSE
cn|chóngqìng,CN,Chóngqìng,CN-CQ,FALSE
cn|chongqing shi,CN,Chongqing Shi,CN-CQ,FALSE
cn|fújiàn,CN,Fújiàn,CN-FJ,FALSE
cn|fujian sheng,CN,Fujian Sheng,CN-FJ,FALSE
cn|gānsù,CN,Gānsù,CN-GS,FALSE
cn|gansu sheng,CN,Gansu Sheng,CN-GS,FALSE
cn|guǎngdōng,CN,Guǎngdōng,CN-GD,FALSE
cn|guangdong sheng,CN,Guangdong Sheng,CN-GD,FALSE
cn|guangxi zhuang,CN,Guangxi Zhuang,CN-GX,FALSE
cn|guangxi zhuàngzú,CN,Guangxi Zhuàngzú,CN-GX,FALSE
cn|guangxi zhuangzu,CN,Guangxi Zhuangzu,CN-GX,FALSE
cn|guangxi zhuangzu zizhiqu,CN,Guangxi Zhuangzu Zizhiqu,CN-GX,FALSE
cn|gùizhōu,CN,Gùizhōu,CN-GZ,FALSE
cn|guizhou sheng,CN,Guizhou Sheng,CN-GZ,FALSE
cn|hǎinán,CN,Hǎinán,CN-HI,FALSE
cn|hainan sheng,CN,Hainan Sheng,CN-HI,FALSE
cn|héběi,CN,Héběi,CN-HE,FALSE
cn|hebei sheng,CN,Hebei Sheng,CN-HE,FALSE
cn|hēilóngjiāng,CN,Hēilóngjiāng,CN-HL,FALSE
cn|heilongjiang sheng,CN,Heilongjiang Sheng,CN-HL,FALSE
cn|hénán,CN,Hénán,CN-HA,FALSE
cn|henan sheng,CN,Henan Sheng,CN-HA,FALSE
cn|húběi,CN,Húběi,CN-HB,FALSE
cn|hubei sheng,CN,Hubei Sheng,CN-HB,FALSE
cn|húnán,CN,Húnán,CN-HN,FALSE
cn|hunan sheng,CN,Hunan Sheng,CN-HN,FALSE
cn|inner mongolia,CN,Inner Mongolia,CN-NM,FALSE
cn|nei mongol,CN,Nei Mongol,CN-NM,FALSE
cn|nèiměnggǔ,CN,Nèiměnggǔ,CN-NM,FALSE
cn|neimenggu,CN,Neimenggu,CN-NM,FALSE
cn|inner mongolia autonomous region,CN,Inner Mongolia Autonomous Region,CN-NM,FALSE
cn|jiāngsū,CN,Jiāngsū,CN-JS,FALSE
cn|jiangsu sheng,CN,Jiangsu Sheng,CN-JS,FALSE
cn|jiāngxī,CN,Jiāngxī,CN-JX,FALSE
cn|jiangxi sheng,CN,Jiangxi Sheng,CN-JX,FALSE
cn|jílín,CN,Jílín,CN-JL,FALSE
cn|jilin sheng,CN,Jilin Sheng,CN-JL,FALSE
cn|liáoníng,CN,Liáoníng,CN-LN,FALSE
cn|liaoning sheng,CN,Liaoning Sheng,CN-LN,FALSE
cn|ningxia hui,CN,Ningxia Hui,CN-NX,FALSE
cn|níngxià húizú,CN,Níngxià Húizú,CN-NX,FALSE
cn|ningxia huizu,CN,Ningxia Huizu,CN-NX,FALSE
cn|ningxia huizu zizhiqu,CN,Ningxia Huizu Zizhiqu,CN-NX,FALSE
cn|qinghai sheng,CN,Qinghai Sheng,CN-QH,FALSE
cn|shǎnxī,CN,Shǎnxī,CN-SN,FALSE
cn|shāndōng,CN,Shāndōng,CN-SD,FALSE
cn|shandong sheng,CN,Shandong Sheng,CN-SD,FALSE
cn|shànghǎi,CN,Shànghǎi,CN-SH,FALSE
cn|shanghai shi,CN,Shanghai Shi,CN-SH,FALSE
cn|shānxī,CN,Shānxī,CN-SX,FALSE
cn|shanxi sheng,CN,Shanxi Sheng,CN-SX,FALSE
cn|sìchuān,CN,Sìchuān,CN-SC,FALSE
cn|sichuan sheng,CN,Sichuan Sheng,CN-SC,FALSE
cn|tiānjīn,CN,Tiānjīn,CN-TJ,FALSE
cn|tianjin shi,CN,Tianjin Shi,CN-TJ,FALSE
cn|xinjiang uygur,CN,Xinjiang Uygur,CN-XJ,FALSE
cn|xīnjiāng wéiwúěr,CN,Xīnjiāng Wéiwúěr,CN-XJ,FALSE
cn|xinjiang weiwuer,CN,Xinjiang Weiwuer,CN-XJ,FALSE
cn|xinjiang uygur zizhiqu,CN,Xinjiang Uygur Zizhiqu,CN-XJ,FALSE
cn|tibet,CN,Tibet,CN-XZ,FALSE
cn|xīzàng,CN,Xīzàng,CN-XZ,FALSE
cn|tibet autonomous region,CN,Tibet Autonomous Region,CN-XZ,FALSE
cn|yúnnán,CN,Yúnnán,CN-YN,FALSE
cn|yunnan sheng,CN,Yunnan Sheng,CN-YN,FALSE
cn|zhèjiāng,CN,Zhèjiāng,CN-ZJ,FALSE
cn|zhejiang sheng,CN,Zhejiang Sheng,CN-ZJ,FALSE
co|departamento del amazonas,CO,Departamento del Amazonas,CO-AMA,FALSE
co|departamento de antioquia,CO,Departamento de Antioquia,CO-ANT,FALSE
co|departamento de arauca,CO,Departamento de Arauca,CO-ARA,FALSE
co|atlantico,CO,Atlantico,CO-ATL,FALSE
co|departamento del atlantico,CO,Departamento del Atlantico,CO-ATL,FALSE
co|bolivar,CO,Bolivar,CO-BOL,FALSE
co|departamento de bolivar,CO,Departamento de Bolivar,CO-BOL,FALSE
co|boyaca,CO,Boyaca,CO-BOY,FALSE
co|departamento de boyaca,CO,Departamento de Boyaca,CO-BOY,FALSE
co|departamento de caldas,CO,Departamento de Caldas,CO-CAL,FALSE
co|caqueta,CO,Caqueta,CO-CAQ,FALSE
co|departamento del caqueta,CO,Departamento del Caqueta,CO-CAQ,FALSE
co|departamento de casanare,CO,Departamento de Casanare,CO-CAS,FALSE
co|departamento del cauca,CO,Departamento del Cauca,CO-CAU,FALSE
co|el cesar,CO,El Cesar,CO-CES,FALSE
co|departamento del cesar,CO,Departamento del Cesar,CO-CES,FALSE
co|choco,CO,Choco,CO-CHO,FALSE
co|departamento del choco,CO,Departamento del Choco,CO-CHO,FALSE
co|cordoba,CO,Cordoba,CO-COR,FALSE
co|departamento de cordoba,CO,Departamento de Cordoba,CO-COR,FALSE
co|bogota,CO,Bogota,CO-CUN,FALSE
co|bogotá,CO,Bogotá,CO-CUN,FALSE
co|bogota capital district,CO,Bogota Capital District,CO-CUN,FALSE
co|departamento de cundinamarca,CO,Departamento de Cundinamarca,CO-CUN,FALSE
co|distrito capital de bogota,CO,Distrito Capital de Bogota,CO-CUN,FALSE
co|guainia,CO,Guainia,CO-GUA,FALSE
co|guania,CO,Guania,CO-GUA,FALSE
co|departamento del guainia,CO,Departamento del Guainia,CO-GUA,FALSE
co|departamento del guaviare,CO,Departamento del Guaviare,CO-GUV,FALSE
co|departamento del huila,CO,Departamento del Huila,CO-HUI,FALSE
co|guajira,CO,Guajira,CO-LAG,FALSE
co|goagira,CO,Goagira,CO-LAG,FALSE
co|la goajira,CO,La Goajira,CO-LAG,FALSE
co|departamento de la guajira,CO,Departamento de La Guajira,CO-LAG,FALSE
co|la magdalena,CO,La Magdalena,CO-MAG,FALSE
co|departamento del magdalena,CO,Departamento del Magdalena,CO-MAG,FALSE
co|departamento del meta,CO,Departamento del Meta,CO-MET,FALSE
co|narino,CO,Narino,CO-NAR,FALSE
co|departamento de narino,CO,Departamento de Narino,CO-NAR,FALSE
co|santander del norte,CO,Santander del Norte,CO-NSA,FALSE
co|departamento de norte de santander,CO,Departamento de Norte de Santander,CO-NSA,FALSE
co|departamento del putumayo,CO,Departamento del Putumayo,CO-PUT,FALSE
co|quindio,CO,Quindio,CO-QUI,FALSE
co|quindio department,CO,Quindio Department,CO-QUI,FALSE
co|departamento de risaralda,CO,Departamento de Risaralda,CO-RIS,FALSE
co|san andres y providencia,CO,San Andres y Providencia,CO-SAP,FALSE
co|archipelago of saint andréws,CO,Archipelago of Saint Andréws,CO-SAP,FALSE
co|archipelago of saint andrews,CO,Archipelago of Saint Andrews,CO-SAP,FALSE
co|saint andrew and providence,CO,Saint Andrew and Providence,CO-SAP,FALSE
"co|providencia y santa catalina, departamento de archipielago de san andres",CO,"Providencia y Santa Catalina, Departamento de Archipielago de San Andres",CO-SAP,FALSE
co|departamento de santander,CO,Departamento de Santander,CO-SAN,FALSE
co|departamento de sucre,CO,Departamento de Sucre,CO-SUC,FALSE
co|departamento de tolima,CO,Departamento de Tolima,CO-TOL,FALSE
co|valle,CO,Valle,CO-VAC,FALSE
co|departamento del valle del cauca,CO,Departamento del Valle del Cauca,CO-VAC,FALSE
co|vaupes,CO,Vaupes,CO-VAU,FALSE
co|departamento del vaupes,CO,Departamento del Vaupes,CO-VAU,FALSE
co|departamento del vichada,CO,Departamento del Vichada,CO-VID,FALSE
cr|provincia de alajuela,CR,Provincia de Alajuela,CR-A,FALSE
cr|provincia de cartago,CR,Provincia de Cartago,CR-C,FALSE
cr|provincia de guanacaste,CR,Provincia de Guanacaste,CR-G,FALSE
cr|provincia de heredia,CR,Provincia de Heredia,CR-H,FALSE
cr|limon,CR,Limon,CR-L,FALSE
cr|puerto lim¢n,CR,Puerto Lim¢n,CR-L,FALSE
cr|provincia de limon,CR,Provincia de Limon,CR-L,FALSE
cr|provincia de puntarenas,CR,Provincia de Puntarenas,CR-P,FALSE
cr|san jose,CR,San Jose,CR-SJ,FALSE
cr|provincia de san jose,CR,Provincia de San Jose,CR-SJ,FALSE
cu|provincia artemisa,CU,Provincia Artemisa,CU-15,FALSE
cu|camaguey,CU,Camaguey,CU-09,FALSE
cu|puerto principe,CU,Puerto Principe,CU-09,FALSE
cu|provincia de camaguey,CU,Provincia de Camaguey,CU-09,FALSE
cu|ciego de avila,CU,Ciego de Avila,CU-08,FALSE
cu|provincia de ciego de avila,CU,Provincia de Ciego de Avila,CU-08,FALSE
cu|provincia de cienfuegos,CU,Provincia de Cienfuegos,CU-06,FALSE
cu|havana,CU,Havana,CU-03,FALSE
cu|provincia de la habana,CU,Provincia de La Habana,CU-03,FALSE
cu|provincia granma,CU,Provincia Granma,CU-12,FALSE
cu|guantanamo,CU,Guantanamo,CU-14,FALSE
cu|provincia de guantanamo,CU,Provincia de Guantanamo,CU-14,FALSE
cu|holguin,CU,Holguin,CU-11,FALSE
cu|provincia de holguin,CU,Provincia de Holguin,CU-11,FALSE
cu|municipio especial isla de la juventud,CU,Municipio Especial Isla de la Juventud,CU-99,FALSE
cu|provincia de matanzas,CU,Provincia de Matanzas,CU-04,FALSE
cu|provincia mayabeque,CU,Provincia Mayabeque,CU-16,FALSE
cu|pinar del rio,CU,Pinar del Rio,CU-01,FALSE
cu|provincia de pinar del rio,CU,Provincia de Pinar del Rio,CU-01,FALSE
cu|sancti spiritus,CU,Sancti Spiritus,CU-07,FALSE
cu|provincia de sancti spiritus,CU,Provincia de Sancti Spiritus,CU-07,FALSE
cu|provincia de santiago de cuba,CU,Provincia de Santiago de Cuba,CU-13,FALSE
cu|provincia de villa clara,CU,Provincia de Villa Clara,CU-05,FALSE
cv|concelho da boa vista,CV,Concelho da Boa Vista,CV-BV,FALSE
cv|concelho da brava,CV,Concelho da Brava,CV-BR,FALSE
cv|concelho do maio,CV,Concelho do Maio,CV-MA,FALSE
cv|concelho dos mosteiros,CV,Concelho dos Mosteiros,CV-MO,FALSE
cv|concelho do paul,CV,Concelho do Paul,CV-PA,FALSE
cv|concelho do porto novo,CV,Concelho do Porto Novo,CV-PN,FALSE
cv|concelho da praia,CV,Concelho da Praia,CV-PR,FALSE
cv|concelho da ribeira brava,CV,Concelho da Ribeira Brava,CV-RB,FALSE
cv|concelho da ribeira grande,CV,Concelho da Ribeira Grande,CV-RG,FALSE
cv|concelho de ribeira grande de santiago,CV,Concelho de Ribeira Grande de Santiago,CV-RS,FALSE
cv|concelho do sal,CV,Concelho do Sal,CV-SL,FALSE
cv|concelho de santa catarina,CV,Concelho de Santa Catarina,CV-CA,FALSE
cv|concelho de santa catarina do fogo,CV,Concelho de Santa Catarina do Fogo,CV-CF,FALSE
cv|concelho de santa cruz,CV,Concelho de Santa Cruz,CV-CR,FALSE
cv|sao domingos,CV,Sao Domingos,CV-SD,FALSE
cv|concelho de sao domingos,CV,Concelho de Sao Domingos,CV-SD,FALSE
cv|sao filipe,CV,Sao Filipe,CV-SF,FALSE
cv|concelho do sao filipe,CV,Concelho do Sao Filipe,CV-SF,FALSE
cv|sã£o filipe,CV,SÃ£o Filipe,CV-SF,FALSE
cv|sa£o filipe,CV,SA£o Filipe,CV-SF,FALSE
cv|sao lourenco dos orgaos,CV,Sao Lourenco dos Orgaos,CV-SO,FALSE
cv|concelho de sao lourenco dos orgaos,CV,Concelho de Sao Lourenco dos Orgaos,CV-SO,FALSE
cv|sao miguel,CV,Sao Miguel,CV-SM,FALSE
cv|concelho de sao miguel,CV,Concelho de Sao Miguel,CV-SM,FALSE
cv|sã£o miguel,CV,SÃ£o Miguel,CV-SM,FALSE
cv|sa£o miguel,CV,SA£o Miguel,CV-SM,FALSE
cv|sao salvador do mundo,CV,Sao Salvador do Mundo,CV-SS,FALSE
cv|concelho de sao salvador do mundo,CV,Concelho de Sao Salvador do Mundo,CV-SS,FALSE
cv|sao vicente,CV,Sao Vicente,CV-SV,FALSE
cv|concelho de sao vicente,CV,Concelho de Sao Vicente,CV-SV,FALSE
cv|sã£o vicente,CV,SÃ£o Vicente,CV-SV,FALSE
cv|sa£o vicente,CV,SA£o Vicente,CV-SV,FALSE
cv|concelho do tarrafal,CV,Concelho do Tarrafal,CV-TA,FALSE
cv|tarrafal de sao nicolau,CV,Tarrafal de Sao Nicolau,CV-TS,FALSE
cv|concelho do tarrafal de sao nicolau,CV,Concelho do Tarrafal de Sao Nicolau,CV-TS,FALSE
cv|tarrafal de sã£o nicolau,CV,Tarrafal de SÃ£o Nicolau,CV-TS,FALSE
cv|tarrafal de sa£o nicolau,CV,Tarrafal de SA£o Nicolau,CV-TS,FALSE
cy|famgusta,CY,Famgusta,CY-04,FALSE
cy|ammochostos,CY,Ammochostos,CY-04,FALSE
cy|famagosta,CY,Famagosta,CY-04,FALSE
cy|famagouste,CY,Famagouste,CY-04,FALSE
cy|gazimagosa,CY,Gazimagosa,CY-04,FALSE
cy|gazimagusa,CY,Gazimagusa,CY-04,FALSE
cy|magusa,CY,Magusa,CY-04,FALSE
cy|larnaka,CY,Larnaka,CY-03,FALSE
cy|l rnax,CY,L rnax,CY-03,FALSE
cy|larnaca district,CY,Larnaca District,CY-03,FALSE
cy|limasol,CY,Limasol,CY-02,FALSE
cy|eparchia lemesou,CY,Eparchia Lemesou,CY-02,FALSE
cy|lefkosía,CY,Lefkosía,CY-01,FALSE
cy|lefkosia,CY,Lefkosia,CY-01,FALSE
cy|levkosía,CY,Levkosía,CY-01,FALSE
cy|levkosia,CY,Levkosia,CY-01,FALSE
cy|lefkosa,CY,Lefkosa,CY-01,FALSE
cy|nicosie,CY,Nicosie,CY-01,FALSE
cy|nikosia,CY,Nikosia,CY-01,FALSE
cy|eparchia lefkosias,CY,Eparchia Lefkosias,CY-01,FALSE
cy|cyprus trnc,CY,Cyprus TRNC,CY-~10045,FALSE
cy|baf,CY,Baf,CY-05,FALSE
cy|pafos,CY,Pafos,CY-05,FALSE
cy|eparchia pafou,CY,Eparchia Pafou,CY-05,FALSE
cz|jihocesky,CZ,Jihocesky,CZ-JC,FALSE
cz|south bohemian,CZ,South Bohemian,CZ-JC,FALSE
cz|budweis,CZ,Budweis,CZ-JC,FALSE
cz|budejovický,CZ,Budejovický,CZ-JC,FALSE
cz|budejovicky,CZ,Budejovicky,CZ-JC,FALSE
cz|ceskobudejovický,CZ,Ceskobudejovický,CZ-JC,FALSE
cz|ceskobudejovicky,CZ,Ceskobudejovicky,CZ-JC,FALSE
cz|jihocesky kraj,CZ,Jihocesky kraj,CZ-JC,FALSE
cz|jihomoravsky,CZ,Jihomoravsky,CZ-JM,FALSE
cz|south moravian,CZ,South Moravian,CZ-JM,FALSE
"cz|south moravian region, jihomoravský kraj",CZ,"South Moravian Region, Jihomoravský kraj",CZ-JM,FALSE
"cz|south moravian region, jihomoravsky kraj",CZ,"South Moravian Region, Jihomoravsky kraj",CZ-JM,FALSE
cz|jihomoravsky kraj,CZ,Jihomoravsky kraj,CZ-JM,FALSE
cz|karlovarsky,CZ,Karlovarsky,CZ-KA,FALSE
cz|karlovy vary,CZ,Karlovy Vary,CZ-KA,FALSE
cz|carlsbad,CZ,Carlsbad,CZ-KA,FALSE
cz|karlovarsky kraj,CZ,Karlovarsky kraj,CZ-KA,FALSE
cz|kralovehradecky,CZ,Kralovehradecky,CZ-KR,FALSE
cz|hradec králové,CZ,Hradec Králové,CZ-KR,FALSE
cz|hradec kralove,CZ,Hradec Kralove,CZ-KR,FALSE
cz|königsgrätz,CZ,Königsgrätz,CZ-KR,FALSE
cz|konigsgratz,CZ,Konigsgratz,CZ-KR,FALSE
cz|kralovehradecky kraj,CZ,Kralovehradecky kraj,CZ-KR,FALSE
cz|liberecky,CZ,Liberecky,CZ-LI,FALSE
cz|liberec,CZ,Liberec,CZ-LI,FALSE
cz|reichenberg,CZ,Reichenberg,CZ-LI,FALSE
cz|liberecky kraj,CZ,Liberecky kraj,CZ-LI,FALSE
cz|moravskoslezsky,CZ,Moravskoslezsky,CZ-MO,FALSE
cz|moravian-silesian,CZ,Moravian-Silesian,CZ-MO,FALSE
cz|mährisch-ostrau,CZ,Mährisch-Ostrau,CZ-MO,FALSE
cz|mahrisch-ostrau,CZ,Mahrisch-Ostrau,CZ-MO,FALSE
cz|mähren,CZ,Mähren,CZ-MO,FALSE
cz|mahren,CZ,Mahren,CZ-MO,FALSE
cz|morava,CZ,Morava,CZ-MO,FALSE
cz|moravie,CZ,Moravie,CZ-MO,FALSE
cz|mor via,CZ,Mor via,CZ-MO,FALSE
cz|ostravský,CZ,Ostravský,CZ-MO,FALSE
cz|ostravsky,CZ,Ostravsky,CZ-MO,FALSE
cz|moravskoslezsky kraj,CZ,Moravskoslezsky kraj,CZ-MO,FALSE
cz|olomoucky,CZ,Olomoucky,CZ-OL,FALSE
cz|olomouc,CZ,Olomouc,CZ-OL,FALSE
"cz|olomouc region, olomoucký kraj",CZ,"Olomouc Region, Olomoucký kraj",CZ-OL,FALSE
"cz|olomouc region, olomoucky kraj",CZ,"Olomouc Region, Olomoucky kraj",CZ-OL,FALSE
cz|olomoucky kraj,CZ,Olomoucky kraj,CZ-OL,FALSE
cz|pardubicky,CZ,Pardubicky,CZ-PA,FALSE
cz|pardubice,CZ,Pardubice,CZ-PA,FALSE
"cz|pardubice region, pardubický kraj",CZ,"Pardubice Region, Pardubický kraj",CZ-PA,FALSE
"cz|pardubice region, pardubicky kraj",CZ,"Pardubice Region, Pardubicky kraj",CZ-PA,FALSE
cz|pardubicky kraj,CZ,Pardubicky kraj,CZ-PA,FALSE
cz|plzensky,CZ,Plzensky,CZ-PL,FALSE
cz|plzeň-,CZ,Plzeň-,CZ-PL,FALSE
cz|plzen-,CZ,Plzen-,CZ-PL,FALSE
"cz|plzeň region, plzeňský kraj",CZ,"Plzeň Region, Plzeňský kraj",CZ-PL,FALSE
"cz|plzen region, plzensky kraj",CZ,"Plzen Region, Plzensky kraj",CZ-PL,FALSE
cz|plzensky kraj,CZ,Plzensky kraj,CZ-PL,FALSE
cz|prag,CZ,Prag,CZ-PR,FALSE
cz|hlavní město praha,CZ,Hlavní město Praha,CZ-PR,FALSE
cz|hlavni mesto praha,CZ,Hlavni mesto Praha,CZ-PR,FALSE
cz|stredocesky,CZ,Stredocesky,CZ-ST,FALSE
cz|central bohemian,CZ,Central Bohemian,CZ-ST,FALSE
cz|stredocesky kraj,CZ,Stredocesky kraj,CZ-ST,FALSE
cz|ustecky,CZ,Ustecky,CZ-US,FALSE
cz|ústí nad labem,CZ,Ústí nad Labem,CZ-US,FALSE
cz|usti nad labem,CZ,Usti nad Labem,CZ-US,FALSE
"cz|ústí nad labem region, ústecký kraj",CZ,"Ústí nad Labem Region, Ústecký kraj",CZ-US,FALSE
"cz|usti nad labem region, ustecky kraj",CZ,"Usti nad Labem Region, Ustecky kraj",CZ-US,FALSE
cz|ustecky kraj,CZ,Ustecky kraj,CZ-US,FALSE
cz|vysocina,CZ,Vysocina,CZ-VY,FALSE
cz|iglau,CZ,Iglau,CZ-VY,FALSE
cz|jihlavský,CZ,Jihlavský,CZ-VY,FALSE
cz|jihlavsky,CZ,Jihlavsky,CZ-VY,FALSE
cz|kraj vysocina,CZ,Kraj Vysocina,CZ-VY,FALSE
cz|zlinsky,CZ,Zlinsky,CZ-ZL,FALSE
cz|zlín,CZ,Zlín,CZ-ZL,FALSE
cz|zlin,CZ,Zlin,CZ-ZL,FALSE
"cz|zlín region, zlínský kraj",CZ,"Zlín Region, Zlínský kraj",CZ-ZL,FALSE
"cz|zlin region, zlinsky kraj",CZ,"Zlin Region, Zlinsky kraj",CZ-ZL,FALSE
cz|zlinsky kraj,CZ,Zlinsky kraj,CZ-ZL,FALSE
de|baden-wurttemberg,DE,Baden-Wurttemberg,DE-BW,FALSE
de|baden-wuerttemberg,DE,Baden-Wuerttemberg,DE-BW,FALSE
de|bavaria,DE,Bavaria,DE-BY,FALSE
de|freistaat bayern,DE,Freistaat Bayern,DE-BY,FALSE
de|land berlin,DE,Land Berlin,DE-BE,FALSE
de|land brandenburg,DE,Land Brandenburg,DE-BB,FALSE
de|free hanseatic bremen,DE,Free Hanseatic Bremen,DE-HB,FALSE
de|freie und hansestadt hamburg,DE,Freie und Hansestadt Hamburg,DE-HH,FALSE
de|hesse,DE,Hesse,DE-HE,FALSE
de|land hessen,DE,Land Hessen,DE-HE,FALSE
de|mecklenburg-western pomerania,DE,Mecklenburg-Western Pomerania,DE-MV,FALSE
de|mecklenburg-west pomerania,DE,Mecklenburg-West Pomerania,DE-MV,FALSE
de|land mecklenburg-vorpommern,DE,Land Mecklenburg-Vorpommern,DE-MV,FALSE
de|lower saxony,DE,Lower Saxony,DE-NI,FALSE
de|land niedersachsen,DE,Land Niedersachsen,DE-NI,FALSE
de|north rhine-westphalia,DE,North Rhine-Westphalia,DE-NW,FALSE
de|land nordrhein-westfalen,DE,Land Nordrhein-Westfalen,DE-NW,FALSE
de|rhineland-palatinate,DE,Rhineland-Palatinate,DE-RP,FALSE
de|saxony,DE,Saxony,DE-SN,FALSE
de|freistaat sachsen,DE,Freistaat Sachsen,DE-SN,FALSE
de|saxony-anhalt,DE,Saxony-Anhalt,DE-ST,FALSE
de|land sachsen-anhalt,DE,Land Sachsen-Anhalt,DE-ST,FALSE
de|land schleswig-holstein,DE,Land Schleswig-Holstein,DE-SH,FALSE
de|thuringen,DE,Thuringen,DE-TH,FALSE
de|thuringia,DE,Thuringia,DE-TH,FALSE
de|freistaat thuringen,DE,Freistaat Thuringen,DE-TH,FALSE
dj|`ali sabîh,DJ,`Ali Sabîh,DJ-AS,FALSE
dj|'ali sabih,DJ,'Ali Sabih,DJ-AS,FALSE
dj|ali sabîh,DJ,Ali Sabîh,DJ-AS,FALSE
dj|ali sabih,DJ,Ali Sabih,DJ-AS,FALSE
dj|ali sabieh region,DJ,Ali Sabieh Region,DJ-AS,FALSE
dj|arta region,DJ,Arta Region,DJ-AR,FALSE
dj|dikkil,DJ,Dikkil,DJ-DI,FALSE
dj|djibouti region,DJ,Djibouti Region,DJ-DJ,FALSE
dj|tadjoura,DJ,Tadjoura,DJ-TA,FALSE
dk|denmark,DK,Denmark,DK-84,FALSE
dk|capital region,DK,Capital Region,DK-84,FALSE
dk|region hovedstaden,DK,Region Hovedstaden,DK-84,FALSE
dk|central denmark,DK,Central Denmark,DK-82,FALSE
dk|central,DK,Central,DK-82,FALSE
dk|region midtjylland,DK,Region Midtjylland,DK-82,FALSE
dk|north denmark,DK,North Denmark,DK-81,FALSE
dk|north,DK,North,DK-81,FALSE
dk|region nordjylland,DK,Region Nordjylland,DK-81,FALSE
dk|sjaaelland,DK,Sjaaelland,DK-85,FALSE
dk|zealand,DK,Zealand,DK-85,FALSE
dk|sjaelland,DK,Sjaelland,DK-85,FALSE
dk|region sjaelland,DK,Region Sjaelland,DK-85,FALSE
dk|southern denmark,DK,Southern Denmark,DK-83,FALSE
dk|southern,DK,Southern,DK-83,FALSE
dk|region syddanmark,DK,Region Syddanmark,DK-83,FALSE
do|provincia de azua,DO,Provincia de Azua,DO-02,FALSE
do|baoruco,DO,Baoruco,DO-03,FALSE
do|provincia de baoruco,DO,Provincia de Baoruco,DO-03,FALSE
do|provincia de barahona,DO,Provincia de Barahona,DO-04,FALSE
do|dajabon,DO,Dajabon,DO-05,FALSE
do|libertador,DO,Libertador,DO-05,FALSE
do|provincia de dajabon,DO,Provincia de Dajabon,DO-05,FALSE
do|nacional,DO,Nacional,DO-01,FALSE
do|provincia duarte,DO,Provincia Duarte,DO-06,FALSE
do|el seibo,DO,El Seibo,DO-08,FALSE
do|provincia de el seibo,DO,Provincia de El Seibo,DO-08,FALSE
do|provincia espaillat,DO,Provincia Espaillat,DO-09,FALSE
do|hato major,DO,Hato Major,DO-30,FALSE
do|provincia de hato mayor,DO,Provincia de Hato Mayor,DO-30,FALSE
do|hermanas mirabal,DO,Hermanas Mirabal,DO-19,FALSE
do|provincia de hermanas mirabal,DO,Provincia de Hermanas Mirabal,DO-19,FALSE
do|provincia de independencia,DO,Provincia de Independencia,DO-10,FALSE
do|provincia de la altagracia,DO,Provincia de La Altagracia,DO-11,FALSE
do|elías piña,DO,Elías Piña,DO-07,FALSE
do|elias pina,DO,Elias Pina,DO-07,FALSE
do|san rafael,DO,San Rafael,DO-07,FALSE
do|provincia de elias pina,DO,Provincia de Elias Pina,DO-07,FALSE
do|provincia de la romana,DO,Provincia de La Romana,DO-12,FALSE
do|provincia de la vega,DO,Provincia de La Vega,DO-13,FALSE
do|maria trinidad sanchez,DO,Maria Trinidad Sanchez,DO-14,FALSE
do|maria trinidad s,DO,Maria Trinidad S,DO-14,FALSE
do|trinidad s nchez nagua,DO,Trinidad S nchez Nagua,DO-14,FALSE
do|provincia maria trinidad sanchez,DO,Provincia Maria Trinidad Sanchez,DO-14,FALSE
do|monsenor nouel,DO,Monsenor Nouel,DO-28,FALSE
do|monsenor novel,DO,Monsenor Novel,DO-28,FALSE
do|provincia de monsenor nouel,DO,Provincia de Monsenor Nouel,DO-28,FALSE
do|provincia de monte cristi,DO,Provincia de Monte Cristi,DO-15,FALSE
do|provincia de monte plata,DO,Provincia de Monte Plata,DO-29,FALSE
do|provincia de pedernales,DO,Provincia de Pedernales,DO-16,FALSE
do|josé trujillo valdez,DO,José Trujillo Valdez,DO-17,FALSE
do|jose trujillo valdez,DO,Jose Trujillo Valdez,DO-17,FALSE
do|provincia de peravia,DO,Provincia de Peravia,DO-17,FALSE
do|provincia de puerto plata,DO,Provincia de Puerto Plata,DO-18,FALSE
do|samana,DO,Samana,DO-20,FALSE
do|provincia de samana,DO,Provincia de Samana,DO-20,FALSE
do|san cristobal,DO,San Cristobal,DO-21,FALSE
do|trujillo,DO,Trujillo,DO-21,FALSE
do|provincia de san cristobal,DO,Provincia de San Cristobal,DO-21,FALSE
do|san jose de ocoa,DO,San Jose de Ocoa,DO-31,FALSE
do|provincia de san jose de ocoa,DO,Provincia de San Jose de Ocoa,DO-31,FALSE
do|benefactor,DO,Benefactor,DO-22,FALSE
do|san juan de la maguana,DO,San Juan de la Maguana,DO-22,FALSE
do|provincia de san juan,DO,Provincia de San Juan,DO-22,FALSE
do|san pedro de macoris,DO,San Pedro de Macoris,DO-23,FALSE
do|provincia de san pedro de macoris,DO,Provincia de San Pedro de Macoris,DO-23,FALSE
do|sanchez ramirez,DO,Sanchez Ramirez,DO-24,FALSE
do|provincia sanchez ramirez,DO,Provincia Sanchez Ramirez,DO-24,FALSE
do|provincia de santiago,DO,Provincia de Santiago,DO-25,FALSE
do|santiago rodriguez,DO,Santiago Rodriguez,DO-26,FALSE
do|santiago rodrigu,DO,Santiago Rodrigu,DO-26,FALSE
do|provincia de santiago rodriguez,DO,Provincia de Santiago Rodriguez,DO-26,FALSE
do|provincia de santo domingo,DO,Provincia de Santo Domingo,DO-32,FALSE
do|provincia de valverde,DO,Provincia de Valverde,DO-27,FALSE
dz|duperré,DZ,Duperré,DZ-01,FALSE
dz|duperre,DZ,Duperre,DZ-01,FALSE
dz|ain defla,DZ,Ain Defla,DZ-44,FALSE
dz|ain dafla,DZ,Ain Dafla,DZ-44,FALSE
dz|wilaya de ain defla,DZ,Wilaya de Ain Defla,DZ-44,FALSE
dz|ain temouchent,DZ,Ain Temouchent,DZ-46,FALSE
dz|ain tamouchent,DZ,Ain Tamouchent,DZ-46,FALSE
dz|wilaya de ain temouchent,DZ,Wilaya de Ain Temouchent,DZ-46,FALSE
dz|algiers,DZ,Algiers,DZ-16,FALSE
dz|algeri,DZ,Algeri,DZ-16,FALSE
dz|algier,DZ,Algier,DZ-16,FALSE
dz|al-jazair,DZ,al-Jazair,DZ-16,FALSE
dz|al-djazair,DZ,al-Djazair,DZ-16,FALSE
dz|el djazaïr,DZ,El Djazaïr,DZ-16,FALSE
dz|el djazair,DZ,El Djazair,DZ-16,FALSE
dz|argel,DZ,Argel,DZ-16,FALSE
dz|dzayer,DZ,Dzayer,DZ-16,FALSE
dz|djezaïr,DZ,Djezaïr,DZ-16,FALSE
dz|djezair,DZ,Djezair,DZ-16,FALSE
dz|wilaya d' alger,DZ,Wilaya d' Alger,DZ-16,FALSE
dz|wilaya d alger,DZ,Wilaya d Alger,DZ-16,FALSE
dz|anaba,DZ,Anaba,DZ-23,FALSE
dz|bona,DZ,Bona,DZ-23,FALSE
dz|bône,DZ,Bône,DZ-23,FALSE
dz|bone,DZ,Bone,DZ-23,FALSE
dz|wilaya de batna,DZ,Wilaya de Batna,DZ-05,FALSE
dz|bechar,DZ,Bechar,DZ-08,FALSE
dz|colomb-béchar,DZ,Colomb-Béchar,DZ-08,FALSE
dz|colomb-bechar,DZ,Colomb-Bechar,DZ-08,FALSE
dz|wilaya de bechar,DZ,Wilaya de Bechar,DZ-08,FALSE
dz|bejaia,DZ,Bejaia,DZ-06,FALSE
dz|bougie,DZ,Bougie,DZ-06,FALSE
dz|bedjaya,DZ,Bedjaya,DZ-06,FALSE
dz|bidjaia,DZ,Bidjaia,DZ-06,FALSE
dz|bugia,DZ,Bugia,DZ-06,FALSE
dz|bujia,DZ,Bujia,DZ-06,FALSE
dz|wilaya de bejaia,DZ,Wilaya de Bejaia,DZ-06,FALSE
dz|beskra,DZ,Beskra,DZ-07,FALSE
dz|wilaya de biskra,DZ,Wilaya de Biskra,DZ-07,FALSE
dz|el boulaïda,DZ,El Boulaïda,DZ-09,FALSE
dz|el boulaida,DZ,El Boulaida,DZ-09,FALSE
dz|al-boulaida,DZ,Al-Boulaida,DZ-09,FALSE
dz|wilaya de blida,DZ,Wilaya de Blida,DZ-09,FALSE
dz|bordj bou arreridj,DZ,Bordj Bou Arreridj,DZ-34,FALSE
dz|borjbouarirej,DZ,Borjbouarirej,DZ-34,FALSE
dz|bordi bou arreridj,DZ,Bordi Bou Arreridj,DZ-34,FALSE
dz|wilaya de bordj bou arreridj,DZ,Wilaya de Bordj Bou Arreridj,DZ-34,FALSE
dz|bouïra,DZ,Bouïra,DZ-10,FALSE
dz|wilaya de bouira,DZ,Wilaya de Bouira,DZ-10,FALSE
dz|boumerdes,DZ,Boumerdes,DZ-35,FALSE
dz|boumerdas,DZ,Boumerdas,DZ-35,FALSE
dz|wilaya de boumerdes,DZ,Wilaya de Boumerdes,DZ-35,FALSE
dz|el asnam,DZ,El Asnam,DZ-02,FALSE
dz|orléansville,DZ,Orléansville,DZ-02,FALSE
dz|orleansville,DZ,Orleansville,DZ-02,FALSE
dz|ech cheliff,DZ,Ech Cheliff,DZ-02,FALSE
dz|wilaya de chlef,DZ,Wilaya de Chlef,DZ-02,FALSE
dz|constantina,DZ,Constantina,DZ-25,FALSE
dz|costatina,DZ,Costatina,DZ-25,FALSE
dz|qoussantina,DZ,Qoussantina,DZ-25,FALSE
dz|qacentina,DZ,Qacentina,DZ-25,FALSE
dz|wilaya de constantine,DZ,Wilaya de Constantine,DZ-25,FALSE
dz|el djelfa,DZ,El Djelfa,DZ-17,FALSE
dz|wilaya de djelfa,DZ,Wilaya de Djelfa,DZ-17,FALSE
dz|el bayad,DZ,El Bayad,DZ-32,FALSE
dz|el beyyadh,DZ,El Beyyadh,DZ-32,FALSE
dz|géryville,DZ,Géryville,DZ-32,FALSE
dz|geryville,DZ,Geryville,DZ-32,FALSE
dz|et tarf,DZ,Et Tarf,DZ-36,FALSE
dz|el taref,DZ,El Taref,DZ-36,FALSE
dz|ghardaia,DZ,Ghardaia,DZ-47,FALSE
dz|ghardasa,DZ,GhardaSa,DZ-47,FALSE
dz|gharday,DZ,Gharday,DZ-47,FALSE
dz|wilaya de ghardaia,DZ,Wilaya de Ghardaia,DZ-47,FALSE
dz|wilaya de guelma,DZ,Wilaya de Guelma,DZ-24,FALSE
dz|polignac,DZ,Polignac,DZ-33,FALSE
dz|fort polignac,DZ,Fort Polignac,DZ-33,FALSE
dz|ilizi,DZ,Ilizi,DZ-33,FALSE
dz|djidjel,DZ,Djidjel,DZ-18,FALSE
dz|djidjelli,DZ,Djidjelli,DZ-18,FALSE
dz|wilaya de jijel,DZ,Wilaya de Jijel,DZ-18,FALSE
dz|wilaya de khenchela,DZ,Wilaya de Khenchela,DZ-40,FALSE
dz|wilaya de laghouat,DZ,Wilaya de Laghouat,DZ-03,FALSE
dz|msila,DZ,MSila,DZ-28,FALSE
dz|wilaya de m'sila,DZ,Wilaya de M'Sila,DZ-28,FALSE
dz|wilaya de msila,DZ,Wilaya de MSila,DZ-28,FALSE
dz|mouaskar,DZ,Mouaskar,DZ-29,FALSE
dz|wilaya de mascara,DZ,Wilaya de Mascara,DZ-29,FALSE
dz|medea,DZ,Medea,DZ-26,FALSE
dz|el mediyya,DZ,El Mediyya,DZ-26,FALSE
dz|lemdiyya,DZ,Lemdiyya,DZ-26,FALSE
dz|wilaya de medea,DZ,Wilaya de Medea,DZ-26,FALSE
dz|wilaya de mila,DZ,Wilaya de Mila,DZ-43,FALSE
dz|mostaghanem,DZ,Mostaghanem,DZ-27,FALSE
dz|mestghanem,DZ,Mestghanem,DZ-27,FALSE
dz|wilaya de mostaganem,DZ,Wilaya de Mostaganem,DZ-27,FALSE
dz|naama,DZ,Naama,DZ-45,FALSE
dz|wilaya de naama,DZ,Wilaya de Naama,DZ-45,FALSE
dz|orán,DZ,Orán,DZ-31,FALSE
dz|orano,DZ,Orano,DZ-31,FALSE
dz|orão,DZ,Orão,DZ-31,FALSE
dz|orao,DZ,Orao,DZ-31,FALSE
dz|ouahran,DZ,Ouahran,DZ-31,FALSE
dz|ouahrane,DZ,Ouahrane,DZ-31,FALSE
dz|wahran,DZ,Wahran,DZ-31,FALSE
dz|wargla,DZ,Wargla,DZ-30,FALSE
dz|wilaya de ouargla,DZ,Wilaya de Ouargla,DZ-30,FALSE
dz|oum el bouagui,DZ,Oum el Bouagui,DZ-04,FALSE
dz|canrobert,DZ,Canrobert,DZ-04,FALSE
dz|ghelizane,DZ,Ghelizane,DZ-48,FALSE
dz|ghilizane,DZ,Ghilizane,DZ-48,FALSE
dz|wilaya de relizane,DZ,Wilaya de Relizane,DZ-48,FALSE
dz|saida,DZ,Saida,DZ-20,FALSE
dz|wilaya de saida,DZ,Wilaya de Saida,DZ-20,FALSE
dz|setif,DZ,Setif,DZ-19,FALSE
dz|stif,DZ,Stif,DZ-19,FALSE
dz|wilaya de setif,DZ,Wilaya de Setif,DZ-19,FALSE
dz|sidi bel abbes,DZ,Sidi Bel Abbes,DZ-22,FALSE
dz|sidi-bel-abbes,DZ,Sidi-Bel-Abbes,DZ-22,FALSE
dz|wilaya de sidi bel abbes,DZ,Wilaya de Sidi Bel Abbes,DZ-22,FALSE
dz|philippeville,DZ,Philippeville,DZ-21,FALSE
dz|skidda,DZ,Skidda,DZ-21,FALSE
dz|wilaya de skikda,DZ,Wilaya de Skikda,DZ-21,FALSE
dz|souk-ahras,DZ,Souk-Ahras,DZ-41,FALSE
dz|souq ahras,DZ,Souq Ahras,DZ-41,FALSE
dz|wilaya de souk ahras,DZ,Wilaya de Souk Ahras,DZ-41,FALSE
dz|tamanrasset,DZ,Tamanrasset,DZ-11,FALSE
dz|tamenghasset,DZ,Tamenghasset,DZ-11,FALSE
dz|tamenghest,DZ,Tamenghest,DZ-11,FALSE
dz|fort laperrine,DZ,Fort Laperrine,DZ-11,FALSE
dz|wilaya de tamanghasset,DZ,Wilaya de Tamanghasset,DZ-11,FALSE
dz|tebessa,DZ,Tebessa,DZ-12,FALSE
dz|tbessa,DZ,Tbessa,DZ-12,FALSE
dz|wilaya de tebessa,DZ,Wilaya de Tebessa,DZ-12,FALSE
dz|tendouf,DZ,Tendouf,DZ-14,FALSE
dz|tihert,DZ,Tihert,DZ-14,FALSE
dz|wilaya de tiaret,DZ,Wilaya de Tiaret,DZ-14,FALSE
dz|wilaya de tindouf,DZ,Wilaya de Tindouf,DZ-37,FALSE
dz|tipasa,DZ,Tipasa,DZ-42,FALSE
dz|tibaza,DZ,Tibaza,DZ-42,FALSE
dz|tefessedt,DZ,Tefessedt,DZ-42,FALSE
dz|wilaya de tipaza,DZ,Wilaya de Tipaza,DZ-42,FALSE
dz|vialar,DZ,Vialar,DZ-38,FALSE
dz|wilaya de tissemsilt,DZ,Wilaya de Tissemsilt,DZ-38,FALSE
dz|tizi-ouzou,DZ,Tizi-ouzou,DZ-15,FALSE
dz|tizi wezzu,DZ,Tizi Wezzu,DZ-15,FALSE
dz|wilaya de tizi ouzou,DZ,Wilaya de Tizi Ouzou,DZ-15,FALSE
dz|tilimsene,DZ,Tilimsene,DZ-13,FALSE
dz|tlemsane,DZ,Tlemsane,DZ-13,FALSE
dz|tilimsen,DZ,Tilimsen,DZ-13,FALSE
dz|tremecém,DZ,Tremecém,DZ-13,FALSE
dz|tremecem,DZ,Tremecem,DZ-13,FALSE
dz|wilaya de tlemcen,DZ,Wilaya de Tlemcen,DZ-13,FALSE
ec|provincia del azuay,EC,Provincia del Azuay,EC-A,FALSE
ec|bolívar,EC,Bolívar,EC-B,FALSE
ec|provincia de bolivar,EC,Provincia de Bolivar,EC-B,FALSE
ec|canar,EC,Canar,EC-F,FALSE
ec|provincia del canar,EC,Provincia del Canar,EC-F,FALSE
ec|provincia del carchi,EC,Provincia del Carchi,EC-C,FALSE
ec|provincia del chimborazo,EC,Provincia del Chimborazo,EC-H,FALSE
ec|le¢n,EC,Le¢n,EC-X,FALSE
ec|provincia de cotopaxi,EC,Provincia de Cotopaxi,EC-X,FALSE
ec|provincia de el oro,EC,Provincia de El Oro,EC-O,FALSE
ec|provincia de esmeraldas,EC,Provincia de Esmeraldas,EC-E,FALSE
ec|galapagos,EC,Galapagos,EC-W,FALSE
ec|provincia de galapagos,EC,Provincia de Galapagos,EC-W,FALSE
ec|provincia del guayas,EC,Provincia del Guayas,EC-G,FALSE
ec|provincia de imbabura,EC,Provincia de Imbabura,EC-I,FALSE
ec|provincia de loja,EC,Provincia de Loja,EC-L,FALSE
ec|los ríos,EC,Los Ríos,EC-R,FALSE
ec|provincia de los rios,EC,Provincia de Los Rios,EC-R,FALSE
ec|manabí,EC,Manabí,EC-M,FALSE
ec|provincia de manabi,EC,Provincia de Manabi,EC-M,FALSE
ec|morona-santiago,EC,Morona-Santiago,EC-S,FALSE
ec|provincia de morona santiago,EC,Provincia de Morona Santiago,EC-S,FALSE
ec|provincia del tungurahua,EC,Provincia del Tungurahua,EC-N,FALSE
ec|provincia de francisco de orellana,EC,Provincia de Francisco de Orellana,EC-D,FALSE
ec|provincia del pastaza,EC,Provincia del Pastaza,EC-Y,FALSE
ec|provincia de pichincha,EC,Provincia de Pichincha,EC-P,FALSE
ec|provincia de santa elena,EC,Provincia de Santa Elena,EC-SE,FALSE
ec|santo domingo de los tsachilas,EC,Santo Domingo de los Tsachilas,EC-SD,FALSE
ec|provincia de santo domingo de los tsachilas,EC,Provincia de Santo Domingo de los Tsachilas,EC-SD,FALSE
ec|sucumbíos,EC,Sucumbíos,EC-U,FALSE
ec|provincia de sucumbios,EC,Provincia de Sucumbios,EC-U,FALSE
ec|provincia de napo,EC,Provincia de Napo,EC-T,FALSE
ec|provincia de zamora chinchipe,EC,Provincia de Zamora Chinchipe,EC-Z,FALSE
ee|harjumaa,EE,Harjumaa,EE-37,FALSE
ee|harju maakond,EE,Harju maakond,EE-37,FALSE
ee|hiiumaa,EE,Hiiumaa,EE-39,FALSE
ee|hiiu maakond,EE,Hiiu maakond,EE-39,FALSE
ee|dagö,EE,Dagö,EE-39,FALSE
ee|dago,EE,Dago,EE-39,FALSE
ee|ida-virumaa,EE,Ida-Virumaa,EE-44,FALSE
ee|ida-viru maakond,EE,Ida-Viru maakond,EE-44,FALSE
ee|jarva,EE,Jarva,EE-51,FALSE
ee|jaerva,EE,Jaerva,EE-51,FALSE
ee|järvamaa,EE,Järvamaa,EE-51,FALSE
ee|jarvamaa,EE,Jarvamaa,EE-51,FALSE
ee|järva maakond,EE,Järva maakond,EE-51,FALSE
ee|jarva maakond,EE,Jarva maakond,EE-51,FALSE
ee|jogeva,EE,Jogeva,EE-49,FALSE
ee|jõgevamaa,EE,Jõgevamaa,EE-49,FALSE
ee|jogevamaa,EE,Jogevamaa,EE-49,FALSE
ee|jõgeva maakond,EE,Jõgeva maakond,EE-49,FALSE
ee|jogeva maakond,EE,Jogeva maakond,EE-49,FALSE
ee|laane,EE,Laane,EE-57,FALSE
ee|laeaene,EE,Laeaene,EE-57,FALSE
ee|läänemaa,EE,Läänemaa,EE-57,FALSE
ee|laanemaa,EE,Laanemaa,EE-57,FALSE
ee|lääne maakond,EE,Lääne maakond,EE-57,FALSE
ee|laane maakond,EE,Laane maakond,EE-57,FALSE
ee|laeaenemaa,EE,Laeaenemaa,EE-57,FALSE
ee|laane-viru,EE,Laane-Viru,EE-59,FALSE
ee|laeaene-viru,EE,Laeaene-Viru,EE-59,FALSE
ee|lääne-virumaa,EE,Lääne-Virumaa,EE-59,FALSE
ee|laane-virumaa,EE,Laane-Virumaa,EE-59,FALSE
ee|lääne-viru maakond,EE,Lääne-Viru maakond,EE-59,FALSE
ee|laane-viru maakond,EE,Laane-Viru maakond,EE-59,FALSE
ee|parnu,EE,Parnu,EE-67,FALSE
ee|paernu,EE,Paernu,EE-67,FALSE
ee|pärnumaa,EE,Pärnumaa,EE-67,FALSE
ee|parnumaa,EE,Parnumaa,EE-67,FALSE
ee|pärnu maakond,EE,Pärnu maakond,EE-67,FALSE
ee|parnu maakond,EE,Parnu maakond,EE-67,FALSE
ee|polva,EE,Polva,EE-65,FALSE
ee|põlvamaa,EE,Põlvamaa,EE-65,FALSE
ee|polvamaa,EE,Polvamaa,EE-65,FALSE
ee|põlva maakond,EE,Põlva maakond,EE-65,FALSE
ee|polva maakond,EE,Polva maakond,EE-65,FALSE
ee|raplamaa,EE,Raplamaa,EE-70,FALSE
ee|rapla maakond,EE,Rapla maakond,EE-70,FALSE
ee|saaremaa,EE,Saaremaa,EE-74,FALSE
ee|saare maakond,EE,Saare maakond,EE-74,FALSE
ee|ösel,EE,Ösel,EE-74,FALSE
ee|osel,EE,Osel,EE-74,FALSE
ee|tartumaa,EE,Tartumaa,EE-78,FALSE
ee|tartu maakond,EE,Tartu maakond,EE-78,FALSE
ee|dorpat,EE,Dorpat,EE-78,FALSE
ee|valgamaa,EE,Valgamaa,EE-82,FALSE
ee|valga maakond,EE,Valga maakond,EE-82,FALSE
ee|viljandimaa,EE,Viljandimaa,EE-84,FALSE
ee|viljandi maakond,EE,Viljandi maakond,EE-84,FALSE
ee|vilyandi,EE,Vilyandi,EE-84,FALSE
ee|voru,EE,Voru,EE-86,FALSE
ee|võrumaa,EE,Võrumaa,EE-86,FALSE
ee|vorumaa,EE,Vorumaa,EE-86,FALSE
ee|võru maakond,EE,Võru maakond,EE-86,FALSE
ee|voru maakond,EE,Voru maakond,EE-86,FALSE
eg|dakahlia,EG,Dakahlia,EG-DK,FALSE
eg|al daqahliyah,EG,Al Daqahliyah,EG-DK,FALSE
eg|dacahlia,EG,Dacahlia,EG-DK,FALSE
eg|dagahlia,EG,Dagahlia,EG-DK,FALSE
eg|dakahlieh,EG,Dakahlieh,EG-DK,FALSE
eg|dakahliya,EG,Dakahliya,EG-DK,FALSE
eg|dakalieh,EG,Dakalieh,EG-DK,FALSE
eg|daqalīya,EG,Daqalīya,EG-DK,FALSE
eg|daqaliya,EG,Daqaliya,EG-DK,FALSE
eg|dekahlia,EG,Dekahlia,EG-DK,FALSE
eg|muhafazat ad daqahliyah,EG,Muhafazat ad Daqahliyah,EG-DK,FALSE
eg|red sea,EG,Red Sea,EG-BA,FALSE
eg|mar rojo,EG,Mar Rojo,EG-BA,FALSE
eg|mar vermelho,EG,Mar Vermelho,EG-BA,FALSE
eg|mer rouge,EG,Mer Rouge,EG-BA,FALSE
eg|muhafazat al bahr al ahmar,EG,Muhafazat al Bahr al Ahmar,EG-BA,FALSE
eg|beheira,EG,Beheira,EG-BH,FALSE
eg|behera,EG,Behera,EG-BH,FALSE
eg|el buhayra,EG,El Buhayra,EG-BH,FALSE
eg|béhéra,EG,Béhéra,EG-BH,FALSE
eg|beheira governorate,EG,Beheira Governorate,EG-BH,FALSE
eg|faiyum,EG,Faiyum,EG-FYM,FALSE
eg|el faiyum,EG,El Faiyum,EG-FYM,FALSE
eg|el fayoum,EG,el Fayoum,EG-FYM,FALSE
eg|faium,EG,Faium,EG-FYM,FALSE
eg|faiyūm,EG,Faiyūm,EG-FYM,FALSE
eg|fayum,EG,Fayum,EG-FYM,FALSE
eg|fayoum,EG,Fayoum,EG-FYM,FALSE
eg|fayyum,EG,Fayyum,EG-FYM,FALSE
eg|muhafazat al fayyum,EG,Muhafazat al Fayyum,EG-FYM,FALSE
eg|gharbia,EG,Gharbia,EG-GH,FALSE
eg|al-garbīyah,EG,al-Garbīyah,EG-GH,FALSE
eg|al-garbiyah,EG,al-Garbiyah,EG-GH,FALSE
eg|el gharbiya,EG,El Gharbiya,EG-GH,FALSE
eg|garbia,EG,Garbia,EG-GH,FALSE
eg|gharbieh,EG,Gharbieh,EG-GH,FALSE
eg|gharbīya,EG,Gharbīya,EG-GH,FALSE
eg|gharbiya,EG,Gharbiya,EG-GH,FALSE
eg|muhafazat al gharbiyah,EG,Muhafazat al Gharbiyah,EG-GH,FALSE
eg|alexandria,EG,Alexandria,EG-ALX,FALSE
eg|alejandr¡a,EG,Alejandr¡a,EG-ALX,FALSE
eg|alexandrie,EG,Alexandrie,EG-ALX,FALSE
eg|el iskandariya,EG,El Iskandariya,EG-ALX,FALSE
eg|muhafazat al iskandariyah,EG,Muhafazat al Iskandariyah,EG-ALX,FALSE
eg|al isma'iliyah,EG,Al Isma'iliyah,EG-IS,FALSE
eg|al ismailiyah,EG,Al Ismailiyah,EG-IS,FALSE
eg|ismailia,EG,Ismailia,EG-IS,FALSE
eg|as ismailiyah,EG,As Ismailiyah,EG-IS,FALSE
eg|ismaïlia,EG,Ismaïlia,EG-IS,FALSE
eg|isma'iliya,EG,Isma'iliya,EG-IS,FALSE
eg|ismailiya,EG,Ismailiya,EG-IS,FALSE
eg|ismailia governorate,EG,Ismailia Governorate,EG-IS,FALSE
eg|giza,EG,Giza,EG-GZ,FALSE
eg|el giza,EG,El Giza,EG-GZ,FALSE
eg|el gīzah,EG,El Gīzah,EG-GZ,FALSE
eg|el gizah,EG,El Gizah,EG-GZ,FALSE
eg|gizeh,EG,Gizeh,EG-GZ,FALSE
eg|guizèh,EG,Guizèh,EG-GZ,FALSE
eg|guizeh,EG,Guizeh,EG-GZ,FALSE
eg|muhafazat al jizah,EG,Muhafazat al Jizah,EG-GZ,FALSE
eg|monufia,EG,Monufia,EG-MNF,FALSE
eg|menoufieh,EG,Menoufieh,EG-MNF,FALSE
eg|menufia,EG,Menufia,EG-MNF,FALSE
eg|menūfīya,EG,Menūfīya,EG-MNF,FALSE
eg|menufiya,EG,Menufiya,EG-MNF,FALSE
eg|minūfīya,EG,Minūfīya,EG-MNF,FALSE
eg|minufiya,EG,Minufiya,EG-MNF,FALSE
eg|munufia,EG,Munufia,EG-MNF,FALSE
eg|menoufia,EG,Menoufia,EG-MNF,FALSE
eg|minufia,EG,Minufia,EG-MNF,FALSE
eg|muhafazat al minufiyah,EG,Muhafazat al Minufiyah,EG-MNF,FALSE
eg|minya,EG,Minya,EG-MN,FALSE
eg|minia,EG,Minia,EG-MN,FALSE
eg|minieh,EG,Minieh,EG-MN,FALSE
eg|menia,EG,Menia,EG-MN,FALSE
eg|muhafazat al minya,EG,Muhafazat al Minya,EG-MN,FALSE
eg|cairo,EG,Cairo,EG-C,FALSE
eg|el cairo,EG,El Cairo,EG-C,FALSE
eg|el qahira,EG,El Qahira,EG-C,FALSE
eg|le caire,EG,Le Caire,EG-C,FALSE
eg|muhafazat al qahirah,EG,Muhafazat al Qahirah,EG-C,FALSE
eg|qalyubia,EG,Qalyubia,EG-KB,FALSE
eg|caliubia,EG,Caliubia,EG-KB,FALSE
eg|kalioubieh,EG,Kalioubieh,EG-KB,FALSE
eg|kalioubiya,EG,Kalioubiya,EG-KB,FALSE
eg|qaliyubia,EG,Qaliyubia,EG-KB,FALSE
eg|qalyubiya,EG,Qalyubiya,EG-KB,FALSE
eg|kalyoubia,EG,Kalyoubia,EG-KB,FALSE
eg|kalyubia,EG,Kalyubia,EG-KB,FALSE
eg|muhafazat al qalyubiyah,EG,Muhafazat al Qalyubiyah,EG-KB,FALSE
eg|new valley,EG,New Valley,EG-WAD,FALSE
eg|muhafazat al wadi al jadid,EG,Muhafazat al Wadi al Jadid,EG-WAD,FALSE
eg|suez,EG,Suez,EG-SUZ,FALSE
eg|el suweiz,EG,El Suweiz,EG-SUZ,FALSE
eg|es suweis,EG,Es Suweis,EG-SUZ,FALSE
eg|muhafazat as suways,EG,Muhafazat as Suways,EG-SUZ,FALSE
eg|al sharqia,EG,Al Sharqia,EG-SHR,FALSE
eg|charkieh,EG,Charkieh,EG-SHR,FALSE
eg|sharqia,EG,Sharqia,EG-SHR,FALSE
eg|sharqīya,EG,Sharqīya,EG-SHR,FALSE
eg|sharqiya,EG,Sharqiya,EG-SHR,FALSE
eg|sharquia,EG,Sharquia,EG-SHR,FALSE
eg|sharkia,EG,Sharkia,EG-SHR,FALSE
eg|muhafazat ash sharqiyah,EG,Muhafazat ash Sharqiyah,EG-SHR,FALSE
eg|assouan,EG,Assouan,EG-ASN,FALSE
eg|assuã,EG,Assuã,EG-ASN,FALSE
eg|assua,EG,Assua,EG-ASN,FALSE
eg|assuán,EG,Assuán,EG-ASN,FALSE
eg|assuan,EG,Assuan,EG-ASN,FALSE
eg|syene,EG,Syene,EG-ASN,FALSE
eg|muhafazat aswan,EG,Muhafazat Aswan,EG-ASN,FALSE
eg|asyiut,EG,Asyiut,EG-AST,FALSE
eg|assiout,EG,Assiout,EG-AST,FALSE
eg|assiut,EG,Assiut,EG-AST,FALSE
eg|assyut,EG,Assyut,EG-AST,FALSE
eg|asyout,EG,Asyout,EG-AST,FALSE
eg|muhafazat asyut,EG,Muhafazat Asyut,EG-AST,FALSE
eg|beni suef,EG,Beni Suef,EG-BNS,FALSE
eg|beni suwayf,EG,Beni Suwayf,EG-BNS,FALSE
eg|beni souef,EG,Beni Souef,EG-BNS,FALSE
eg|muhafazat bani suwayf,EG,Muhafazat Bani Suwayf,EG-BNS,FALSE
eg|bur sa'id,EG,Bur Sa'id,EG-PTS,FALSE
eg|bur said,EG,Bur Said,EG-PTS,FALSE
eg|port said,EG,Port Said,EG-PTS,FALSE
eg|canal,EG,Canal,EG-PTS,FALSE
eg|port-saïd,EG,Port-Saïd,EG-PTS,FALSE
eg|port-said,EG,Port-Said,EG-PTS,FALSE
eg|muhafazat bur sa`id,EG,Muhafazat Bur Sa`id,EG-PTS,FALSE
eg|muhafazat bur sa'id,EG,Muhafazat Bur Sa'id,EG-PTS,FALSE
eg|muhafazat bur said,EG,Muhafazat Bur Said,EG-PTS,FALSE
eg|damietta,EG,Damietta,EG-DT,FALSE
eg|damiette,EG,Damiette,EG-DT,FALSE
eg|dumiāt,EG,Dumiāt,EG-DT,FALSE
eg|dumiat,EG,Dumiat,EG-DT,FALSE
eg|muhafazat dumyat,EG,Muhafazat Dumyat,EG-DT,FALSE
eg|janub sina,EG,Janub Sina,EG-JS,FALSE
eg|south sinai,EG,South Sinai,EG-JS,FALSE
eg|sina al-janubiyah,EG,Sina al-Janubiyah,EG-JS,FALSE
eg|sina' al-janūbīyah,EG,Sina' al-Janūbīyah,EG-JS,FALSE
eg|sina' al-janubiyah,EG,Sina' al-Janubiyah,EG-JS,FALSE
eg|sina al-janūbīyah,EG,Sina al-Janūbīyah,EG-JS,FALSE
eg|sinai al janūbīa,EG,Sinai al Janūbīa,EG-JS,FALSE
eg|sinai al janubia,EG,Sinai al Janubia,EG-JS,FALSE
eg|sud sinaī,EG,Sud Sinaī,EG-JS,FALSE
eg|sud sinai,EG,Sud Sinai,EG-JS,FALSE
eg|muhafazat janub sina',EG,Muhafazat Janub Sina',EG-JS,FALSE
eg|muhafazat janub sina,EG,Muhafazat Janub Sina,EG-JS,FALSE
eg|kafr el-sheikh,EG,Kafr el-Sheikh,EG-KFS,FALSE
eg|kafr-el-sheikh,EG,Kafr-El-Sheikh,EG-KFS,FALSE
eg|kafr ash shaikh,EG,Kafr ash Shaikh,EG-KFS,FALSE
eg|kafr ash-shayk,EG,Kafr ash-Shayk,EG-KFS,FALSE
eg|kafr el sheik,EG,Kafr el Sheik,EG-KFS,FALSE
eg|kafr el sheikh,EG,Kafr el Sheikh,EG-KFS,FALSE
eg|muhafazat kafr ash shaykh,EG,Muhafazat Kafr ash Shaykh,EG-KFS,FALSE
eg|al-aqṣur,EG,al-Aqṣur,EG-LX,FALSE
eg|al-aqsur,EG,al-Aqsur,EG-LX,FALSE
eg|aqsur,EG,Aqsur,EG-LX,FALSE
eg|uqsur,EG,Uqsur,EG-LX,FALSE
eg|muhafazat al uqsur,EG,Muhafazat al Uqsur,EG-LX,FALSE
eg|matrouh,EG,Matrouh,EG-MT,FALSE
eg|marsā matrūh,EG,Marsā Matrūh,EG-MT,FALSE
eg|marsa matruh,EG,Marsa Matruh,EG-MT,FALSE
eg|mersa matruh,EG,Mersa Matruh,EG-MT,FALSE
eg|western desert,EG,Western Desert,EG-MT,FALSE
eg|muhafazat matruh,EG,Muhafazat Matruh,EG-MT,FALSE
eg|qena,EG,Qena,EG-KN,FALSE
eg|kena,EG,Kena,EG-KN,FALSE
eg|quena,EG,Quena,EG-KN,FALSE
eg|muhafazat qina,EG,Muhafazat Qina,EG-KN,FALSE
eg|shamal sina,EG,Shamal Sina,EG-SIN,FALSE
eg|north sinai,EG,North Sinai,EG-SIN,FALSE
eg|nord sinaï,EG,Nord Sinaï,EG-SIN,FALSE
eg|nord sinai,EG,Nord Sinai,EG-SIN,FALSE
eg|sina ash-shamālīyah,EG,Sina ash-Shamālīyah,EG-SIN,FALSE
eg|sina ash-shamaliyah,EG,Sina ash-Shamaliyah,EG-SIN,FALSE
eg|sinai ash shamālīya,EG,Sinai ash Shamālīya,EG-SIN,FALSE
eg|sinai ash shamaliya,EG,Sinai ash Shamaliya,EG-SIN,FALSE
eg|muhafazat shamal sina',EG,Muhafazat Shamal Sina',EG-SIN,FALSE
eg|muhafazat shamal sina,EG,Muhafazat Shamal Sina,EG-SIN,FALSE
eg|sohag,EG,Sohag,EG-SHG,FALSE
eg|girga,EG,Girga,EG-SHG,FALSE
eg|girgeh,EG,Girgeh,EG-SHG,FALSE
eg|sawhāj,EG,Sawhāj,EG-SHG,FALSE
eg|sawhaj,EG,Sawhaj,EG-SHG,FALSE
eg|suhag,EG,Suhag,EG-SHG,FALSE
eg|muhafazat suhaj,EG,Muhafazat Suhaj,EG-SHG,FALSE
er|ansaba,ER,Ansaba,ER-AN,FALSE
er|a'nseba,ER,A'Nseba,ER-AN,FALSE
er|maekel region,ER,Maekel Region,ER-AN,FALSE
er|southern,ER,Southern,ER-DU,FALSE
er|al-janubiyah,ER,al-Janubiyah,ER-DU,FALSE
er|northern red sea region,ER,Northern Red Sea Region,ER-DU,FALSE
er|southern red sea,ER,Southern Red Sea,ER-DK,FALSE
er|debubawi keyh bahri,ER,Debubawi Keyh Bahri,ER-DK,FALSE
er|debub-keih-bahri,ER,Debub-Keih-Bahri,ER-DK,FALSE
er|al-bahru al-ahmaru al-janubi,ER,al-Bahru al-Ahmaru al-Janubi,ER-DK,FALSE
er|southern red sea region,ER,Southern Red Sea Region,ER-DK,FALSE
er|gash-barka,ER,Gash-Barka,ER-GB,FALSE
er|al-qash wa-barka,ER,al-Qash wa-Barka,ER-GB,FALSE
er|debubawi gash barka,ER,Debubawi Gash Barka,ER-GB,FALSE
er|gash-barka region,ER,Gash-Barka Region,ER-GB,FALSE
er|central,ER,Central,ER-MA,FALSE
er|al-markaziyah,ER,al-Markaziyah,ER-MA,FALSE
er|maakel,ER,Maakel,ER-MA,FALSE
er|maekelay,ER,Maekelay,ER-MA,FALSE
er|ma'kil,ER,Ma'kil,ER-MA,FALSE
er|makil,ER,Makil,ER-MA,FALSE
er|makelay,ER,Makelay,ER-MA,FALSE
er|debub region,ER,Debub Region,ER-MA,FALSE
er|northern red sea,ER,Northern Red Sea,ER-SK,FALSE
er|al-bahru al-ahmaru ash-shimali,ER,al-Bahru al-Ahmaru ash-Shimali,ER-SK,FALSE
er|semenawi keyh bahri,ER,Semenawi Keyh Bahri,ER-SK,FALSE
er|semien-keih-bahri,ER,Semien-Keih-Bahri,ER-SK,FALSE
er|anseba region,ER,Anseba Region,ER-SK,FALSE
es|alava,ES,Alava,ES-VI,FALSE
es|araba / álava,ES,Araba / Álava,ES-VI,FALSE
es|araba / alava,ES,Araba / Alava,ES-VI,FALSE
es|provincia de alava,ES,Provincia de Alava,ES-VI,FALSE
es|país vasco,ES,País Vasco,ES-VI,FALSE
es|pais vasco,ES,Pais Vasco,ES-VI,FALSE
es|provincia de albacete,ES,Provincia de Albacete,ES-AB,FALSE
es|castilla-la mancha,ES,Castilla-La Mancha,ES-AB,FALSE
es|provincia de alicante,ES,Provincia de Alicante,ES-A,FALSE
es|comunidad valenciana,ES,Comunidad Valenciana,ES-A,FALSE
es|almeria,ES,Almeria,ES-AL,FALSE
es|provincia de almeria,ES,Provincia de Almeria,ES-AL,FALSE
es|andalucía,ES,Andalucía,ES-AL,FALSE
es|andalucia,ES,Andalucia,ES-AL,FALSE
es|province of asturias,ES,Province of Asturias,ES-O,FALSE
es|principado de asturias,ES,Principado de Asturias,ES-O,FALSE
es|avila,ES,Avila,ES-AV,FALSE
es|provincia de avila,ES,Provincia de Avila,ES-AV,FALSE
es|castilla y león,ES,Castilla y León,ES-AV,FALSE
es|castilla y leon,ES,Castilla y Leon,ES-AV,FALSE
es|provincia de badajoz,ES,Provincia de Badajoz,ES-BA,FALSE
es|extremadura,ES,Extremadura,ES-BA,FALSE
es|balearic islands,ES,Balearic Islands,ES-PM,FALSE
es|illes balears,ES,Illes Balears,ES-PM,FALSE
es|islas baleares,ES,Islas Baleares,ES-PM,FALSE
es|provincia de barcelona,ES,Provincia de Barcelona,ES-B,FALSE
es|cataluña,ES,Cataluña,ES-B,FALSE
es|cataluna,ES,Cataluna,ES-B,FALSE
es|biscay,ES,Biscay,ES-BI,FALSE
es|vizcaya,ES,Vizcaya,ES-BI,FALSE
es|provincia de burgos,ES,Provincia de Burgos,ES-BU,FALSE
es|caceres,ES,Caceres,ES-CC,FALSE
es|provincia de caceres,ES,Provincia de Caceres,ES-CC,FALSE
es|cadiz,ES,Cadiz,ES-CA,FALSE
es|provincia de cadiz,ES,Provincia de Cadiz,ES-CA,FALSE
es|provincia de cantabria,ES,Provincia de Cantabria,ES-S,FALSE
es|castellon,ES,Castellon,ES-CS,FALSE
es|provincia de castello,ES,Provincia de Castello,ES-CS,FALSE
es|provincia de ciudad real,ES,Provincia de Ciudad Real,ES-CR,FALSE
es|cordoba,ES,Cordoba,ES-CO,FALSE
es|province of cordoba,ES,Province of Cordoba,ES-CO,FALSE
es|provincia de cuenca,ES,Provincia de Cuenca,ES-CU,FALSE
es|girona,ES,Girona,ES-GI,FALSE
es|provincia de girona,ES,Provincia de Girona,ES-GI,FALSE
es|provincia de guipuzcoa,ES,Provincia de Guipuzcoa,ES-SS,FALSE
es|provincia de granada,ES,Provincia de Granada,ES-GR,FALSE
es|provincia de guadalajara,ES,Provincia de Guadalajara,ES-GU,FALSE
es|provincia de huelva,ES,Provincia de Huelva,ES-H,FALSE
es|provincia de huesca,ES,Provincia de Huesca,ES-HU,FALSE
es|aragón,ES,Aragón,ES-HU,FALSE
es|aragon,ES,Aragon,ES-HU,FALSE
es|jaen,ES,Jaen,ES-J,FALSE
es|provincia de jaen,ES,Provincia de Jaen,ES-J,FALSE
es|la coruna,ES,La Coruna,ES-C,FALSE
es|a coruña,ES,A Coruña,ES-C,FALSE
es|a coruna,ES,A Coruna,ES-C,FALSE
es|provincia da coruna,ES,Provincia da Coruna,ES-C,FALSE
es|galicia,ES,Galicia,ES-C,FALSE
es|provincia de la rioja,ES,Provincia de La Rioja,ES-LO,FALSE
es|provincia de las palmas,ES,Provincia de Las Palmas,ES-GC,FALSE
es|palmas,ES,Palmas,ES-GC,FALSE
es|leon,ES,Leon,ES-LE,FALSE
es|provincia de leon,ES,Provincia de Leon,ES-LE,FALSE
es|lerida,ES,Lerida,ES-L,FALSE
es|lleida,ES,Lleida,ES-L,FALSE
es|provincia de lleida,ES,Provincia de Lleida,ES-L,FALSE
es|provincia de lugo,ES,Provincia de Lugo,ES-LU,FALSE
es|community of madrid,ES,Community of Madrid,ES-M,FALSE
es|provincia de madrid,ES,Provincia de Madrid,ES-M,FALSE
es|comunidad de madrid,ES,Comunidad de Madrid,ES-M,FALSE
es|malaga,ES,Malaga,ES-MA,FALSE
es|provincia de malaga,ES,Provincia de Malaga,ES-MA,FALSE
es|región de murcia,ES,Región de Murcia,ES-MU,FALSE
es|region de murcia,ES,Region de Murcia,ES-MU,FALSE
es|navarre,ES,Navarre,ES-NA,FALSE
es|provincia de navarra,ES,Provincia de Navarra,ES-NA,FALSE
es|comunidad foral de navarra,ES,Comunidad Foral de Navarra,ES-NA,FALSE
es|ourense,ES,Ourense,ES-OR,FALSE
es|provincia de ourense,ES,Provincia de Ourense,ES-OR,FALSE
es|provincia de palencia,ES,Provincia de Palencia,ES-P,FALSE
es|provincia de pontevedra,ES,Provincia de Pontevedra,ES-PO,FALSE
es|provincia de salamanca,ES,Provincia de Salamanca,ES-SA,FALSE
es|provincia de santa cruz de tenerife,ES,Provincia de Santa Cruz de Tenerife,ES-TF,FALSE
es|provincia de segovia,ES,Provincia de Segovia,ES-SG,FALSE
es|seville,ES,Seville,ES-SE,FALSE
es|provincia de sevilla,ES,Provincia de Sevilla,ES-SE,FALSE
es|provincia de soria,ES,Provincia de Soria,ES-SO,FALSE
es|provincia de tarragona,ES,Provincia de Tarragona,ES-T,FALSE
es|provincia de teruel,ES,Provincia de Teruel,ES-TE,FALSE
es|province of toledo,ES,Province of Toledo,ES-TO,FALSE
es|provincia de valencia,ES,Provincia de Valencia,ES-V,FALSE
es|provincia de valladolid,ES,Provincia de Valladolid,ES-VA,FALSE
es|provincia de zamora,ES,Provincia de Zamora,ES-ZA,FALSE
es|provincia de zaragoza,ES,Provincia de Zaragoza,ES-Z,FALSE
et|āddīs ābaba,ET,Āddīs Ābaba,ET-AA,FALSE
et|addis abeba,ET,Addis Abeba,ET-AA,FALSE
et|adis-abeba,ET,Adis-Abeba,ET-AA,FALSE
et|ādīs ābeba,ET,Ādīs Ābeba,ET-AA,FALSE
et|adis abeba,ET,Adis Abeba,ET-AA,FALSE
et|adis abeba astedader,ET,Adis Abeba Astedader,ET-AA,FALSE
et|afar region,ET,Afar Region,ET-AF,FALSE
et|amara,ET,Amara,ET-AM,FALSE
et|amhara region,ET,Amhara Region,ET-AM,FALSE
et|benishangul-gumuz,ET,Benishangul-Gumuz,ET-BE,FALSE
et|benishangul,ET,Benishangul,ET-BE,FALSE
et|beni shangul,ET,Beni Shangul,ET-BE,FALSE
et|bénishangul,ET,Bénishangul,ET-BE,FALSE
et|binshangul gumuz,ET,Binshangul Gumuz,ET-BE,FALSE
et|benishangul-gumuz region,ET,Benishangul-Gumuz Region,ET-BE,FALSE
et|dire dawa region,ET,Dire Dawa Region,ET-DD,FALSE
et|gambela,ET,Gambela,ET-GA,FALSE
et|gambella,ET,Gambella,ET-GA,FALSE
et|gambela hizboch,ET,Gambela Hizboch,ET-GA,FALSE
et|gambela region,ET,Gambela Region,ET-GA,FALSE
et|harari,ET,Harari,ET-HA,FALSE
et|harer,ET,Harer,ET-HA,FALSE
et|hareri hizb,ET,Hareri Hizb,ET-HA,FALSE
et|harari region,ET,Harari Region,ET-HA,FALSE
et|oromia,ET,Oromia,ET-OR,FALSE
et|oromiya region,ET,Oromiya Region,ET-OR,FALSE
et|sumale,ET,Sumale,ET-SO,FALSE
et|somali region,ET,Somali Region,ET-SO,FALSE
et|southern nations,ET,Southern Nations,ET-SN,FALSE
"et|southern nations, nationalities, and people's region",ET,"Southern Nations, Nationalities, and People's Region",ET-SN,FALSE
"et|southern nations, nationalities, and peoples region",ET,"Southern Nations, Nationalities, and Peoples Region",ET-SN,FALSE
et|tegr?,ET,Tegr?,ET-TI,FALSE
et|tigrai,ET,Tigrai,ET-TI,FALSE
et|tigre,ET,Tigre,ET-TI,FALSE
et|tigr?,ET,Tigr?,ET-TI,FALSE
et|tigré,ET,Tigré,ET-TI,FALSE
et|tigray region,ET,Tigray Region,ET-TI,FALSE
fi|keski-suomi,FI,Keski-Suomi,FI-08,FALSE
fi|mellersta finland,FI,Mellersta Finland,FI-08,FALSE
fi|keski-pohjanmaa,FI,Keski-Pohjanmaa,FI-07,FALSE
fi|mellersta österbotten,FI,Mellersta Österbotten,FI-07,FALSE
fi|mellersta osterbotten,FI,Mellersta Osterbotten,FI-07,FALSE
fi|varsinais-suomi,FI,Varsinais-Suomi,FI-19,FALSE
fi|egentliga finland,FI,Egentliga Finland,FI-19,FALSE
fi|kajanaland,FI,Kajanaland,FI-05,FALSE
fi|kymmenedalen,FI,Kymmenedalen,FI-09,FALSE
fi|lapin lääni,FI,Lapin lääni,FI-10,FALSE
fi|lapin laani,FI,Lapin laani,FI-10,FALSE
fi|lappi,FI,Lappi,FI-10,FALSE
fi|laponia,FI,Laponia,FI-10,FALSE
fi|lapônia,FI,Lapônia,FI-10,FALSE
fi|laponie,FI,Laponie,FI-10,FALSE
fi|lappland,FI,Lappland,FI-10,FALSE
fi|lapplands län,FI,Lapplands län,FI-10,FALSE
fi|lapplands lan,FI,Lapplands lan,FI-10,FALSE
fi|pohjois-karjala,FI,Pohjois-Karjala,FI-13,FALSE
fi|norra karelen,FI,Norra Karelen,FI-13,FALSE
fi|pohjois-pohjanmaa,FI,Pohjois-Pohjanmaa,FI-14,FALSE
fi|norra österbotten,FI,Norra Österbotten,FI-14,FALSE
fi|norra osterbotten,FI,Norra Osterbotten,FI-14,FALSE
fi|norra oesterbotten,FI,Norra OEsterbotten,FI-14,FALSE
fi|pohjois-savo,FI,Pohjois-Savo,FI-15,FALSE
fi|norra savolax,FI,Norra Savolax,FI-15,FALSE
fi|savo,FI,Savo,FI-15,FALSE
fi|pohjanmaa,FI,Pohjanmaa,FI-12,FALSE
fi|österbotten,FI,Österbotten,FI-12,FALSE
fi|osterbotten,FI,Osterbotten,FI-12,FALSE
fi|paijat-hame,FI,Paijat-Hame,FI-16,FALSE
fi|päijänne tavastia,FI,Päijänne Tavastia,FI-16,FALSE
fi|paijanne tavastia,FI,Paijanne Tavastia,FI-16,FALSE
fi|päijänne tavastland,FI,Päijänne Tavastland,FI-16,FALSE
fi|paijanne tavastland,FI,Paijanne Tavastland,FI-16,FALSE
fi|birkaland,FI,Birkaland,FI-11,FALSE
fi|satakunda,FI,Satakunda,FI-17,FALSE
fi|etelä-karjala,FI,Etelä-Karjala,FI-02,FALSE
fi|etela-karjala,FI,Etela-Karjala,FI-02,FALSE
fi|södra karelen,FI,Södra Karelen,FI-02,FALSE
fi|sodra karelen,FI,Sodra Karelen,FI-02,FALSE
fi|etelä-pohjanmaa,FI,Etelä-Pohjanmaa,FI-03,FALSE
fi|etela-pohjanmaa,FI,Etela-Pohjanmaa,FI-03,FALSE
fi|södra österbotten,FI,Södra Österbotten,FI-03,FALSE
fi|sodra osterbotten,FI,Sodra Osterbotten,FI-03,FALSE
fi|etelä-savo,FI,Etelä-Savo,FI-04,FALSE
fi|etela-savo,FI,Etela-Savo,FI-04,FALSE
fi|södra savolax,FI,Södra Savolax,FI-04,FALSE
fi|sodra savolax,FI,Sodra Savolax,FI-04,FALSE
fi|kanta-häme,FI,Kanta-Häme,FI-06,FALSE
fi|kanta-hame,FI,Kanta-Hame,FI-06,FALSE
fi|egentliga tavastland,FI,Egentliga Tavastland,FI-06,FALSE
fi|haeme,FI,Haeme,FI-06,FALSE
fi|nyland,FI,Nyland,FI-18,FALSE
fj|central division,FJ,Central Division,FJ-C,FALSE
fj|eastern division,FJ,Eastern Division,FJ-E,FALSE
fj|northern division,FJ,Northern Division,FJ-N,FALSE
fj|western division,FJ,Western Division,FJ-W,FALSE
fm|chuuk state,FM,Chuuk State,FM-TRK,FALSE
fm|state of chuuk,FM,State of Chuuk,FM-TRK,FALSE
fm|state of kosrae,FM,State of Kosrae,FM-KSA,FALSE
fm|pohnpei state,FM,Pohnpei State,FM-PNI,FALSE
fm|state of pohnpei,FM,State of Pohnpei,FM-PNI,FALSE
fm|yap state,FM,Yap State,FM-YAP,FALSE
fm|state of yap,FM,State of Yap,FM-YAP,FALSE
fr|rhone-alpes,FR,Rhone-Alpes,FR-01,FALSE
fr|departement de l'ain,FR,Departement de l'Ain,FR-01,FALSE
fr|departement de lain,FR,Departement de lAin,FR-01,FALSE
fr|departement de l'aisne,FR,Departement de l'Aisne,FR-02,FALSE
fr|departement de laisne,FR,Departement de lAisne,FR-02,FALSE
fr|departement de l'allier,FR,Departement de l'Allier,FR-03,FALSE
fr|departement de lallier,FR,Departement de lAllier,FR-03,FALSE
fr|provenza-alpes-costa de azul,FR,Provenza-Alpes-Costa de Azul,FR-04,FALSE
fr|departement des alpes-de-haute-provence,FR,Departement des Alpes-de-Haute-Provence,FR-04,FALSE
fr|departement des alpes-maritimes,FR,Departement des Alpes-Maritimes,FR-06,FALSE
fr|ardeche,FR,Ardeche,FR-07,FALSE
fr|departement de l'ardeche,FR,Departement de l'Ardeche,FR-07,FALSE
fr|departement de lardeche,FR,Departement de lArdeche,FR-07,FALSE
fr|champaña-ardenne,FR,Champaña-Ardenne,FR-08,FALSE
fr|champana-ardenne,FR,Champana-Ardenne,FR-08,FALSE
fr|departement des ardennes,FR,Departement des Ardennes,FR-08,FALSE
fr|ariege,FR,Ariege,FR-09,FALSE
fr|departement de l'ariege,FR,Departement de l'Ariege,FR-09,FALSE
fr|departement de lariege,FR,Departement de lAriege,FR-09,FALSE
fr|departement de l'aube,FR,Departement de l'Aube,FR-10,FALSE
fr|departement de laube,FR,Departement de lAube,FR-10,FALSE
fr|languedoc-rosellon,FR,Languedoc-Rosellon,FR-11,FALSE
fr|departement de l'aude,FR,Departement de l'Aude,FR-11,FALSE
fr|departement de laude,FR,Departement de lAude,FR-11,FALSE
fr|departement de l'aveyron,FR,Departement de l'Aveyron,FR-12,FALSE
fr|departement de laveyron,FR,Departement de lAveyron,FR-12,FALSE
fr|alsacia,FR,Alsacia,FR-67,FALSE
fr|departement du bas-rhin,FR,Departement du Bas-Rhin,FR-67,FALSE
fr|bouches-du-rhone,FR,Bouches-du-Rhone,FR-13,FALSE
fr|departement des bouches-du-rhone,FR,Departement des Bouches-du-Rhone,FR-13,FALSE
fr|baja normand¡a,FR,Baja Normand¡a,FR-14,FALSE
fr|lower normandy,FR,Lower Normandy,FR-14,FALSE
fr|departement du calvados,FR,Departement du Calvados,FR-14,FALSE
fr|departement du cantal,FR,Departement du Cantal,FR-15,FALSE
fr|departement de la charente,FR,Departement de la Charente,FR-16,FALSE
fr|departement de la charente-maritime,FR,Departement de la Charente-Maritime,FR-17,FALSE
fr|departement du cher,FR,Departement du Cher,FR-18,FALSE
fr|correze,FR,Correze,FR-19,FALSE
fr|lemosin,FR,Lemosin,FR-19,FALSE
fr|departement de la correze,FR,Departement de la Correze,FR-19,FALSE
fr|c¢rcega,FR,C¢rcega,FR-2A,FALSE
fr|c¢rsega,FR,C¢rsega,FR-2A,FALSE
fr|corsica,FR,Corsica,FR-2A,FALSE
fr|departement de la corse-du-sud,FR,Departement de la Corse-du-Sud,FR-2A,FALSE
fr|cote-d'or,FR,Cote-d'Or,FR-21,FALSE
fr|côte-dor,FR,Côte-dOr,FR-21,FALSE
fr|cote-dor,FR,Cote-dOr,FR-21,FALSE
fr|côte-d’or,FR,Côte-d’Or,FR-21,FALSE
fr|borgoña,FR,Borgoña,FR-21,FALSE
fr|borgona,FR,Borgona,FR-21,FALSE
fr|burgundy,FR,Burgundy,FR-21,FALSE
fr|departement de la cote-d'or,FR,Departement de la Cote-d'Or,FR-21,FALSE
fr|departement de la cote-dor,FR,Departement de la Cote-dOr,FR-21,FALSE
fr|cotes-d'armor,FR,Cotes-d'Armor,FR-22,FALSE
fr|côtes-darmor,FR,Côtes-dArmor,FR-22,FALSE
fr|cotes-darmor,FR,Cotes-dArmor,FR-22,FALSE
fr|bretaña,FR,Bretaña,FR-22,FALSE
fr|bretana,FR,Bretana,FR-22,FALSE
fr|brittany,FR,Brittany,FR-22,FALSE
fr|departement des cotes-d'armor,FR,Departement des Cotes-d'Armor,FR-22,FALSE
fr|departement des cotes-darmor,FR,Departement des Cotes-dArmor,FR-22,FALSE
fr|departement de la creuse,FR,Departement de la Creuse,FR-23,FALSE
fr|deux-sevres,FR,Deux-Sevres,FR-79,FALSE
fr|departement des deux-sevres,FR,Departement des Deux-Sevres,FR-79,FALSE
fr|departement de la dordogne,FR,Departement de la Dordogne,FR-24,FALSE
fr|franco-condado,FR,Franco-Condado,FR-25,FALSE
fr|departement du doubs,FR,Departement du Doubs,FR-25,FALSE
fr|drome,FR,Drome,FR-26,FALSE
fr|departement de la drome,FR,Departement de la Drome,FR-26,FALSE
fr|departement de l'essonne,FR,Departement de l'Essonne,FR-91,FALSE
fr|departement de lessonne,FR,Departement de lEssonne,FR-91,FALSE
fr|alta normand¡a,FR,Alta Normand¡a,FR-27,FALSE
fr|upper normandy,FR,Upper Normandy,FR-27,FALSE
fr|departement de l'eure,FR,Departement de l'Eure,FR-27,FALSE
fr|departement de leure,FR,Departement de lEure,FR-27,FALSE
fr|departement d'eure-et-loir,FR,Departement d'Eure-et-Loir,FR-28,FALSE
fr|departement deure-et-loir,FR,Departement dEure-et-Loir,FR-28,FALSE
fr|finistere,FR,Finistere,FR-29,FALSE
fr|departement du finistere,FR,Departement du Finistere,FR-29,FALSE
fr|departement du gard,FR,Departement du Gard,FR-30,FALSE
fr|departement du gers,FR,Departement du Gers,FR-32,FALSE
fr|departement de la gironde,FR,Departement de la Gironde,FR-33,FALSE
fr|guyane francaise,FR,Guyane francaise,FR-GF,FALSE
fr|french guiana,FR,French Guiana,FR-GF,FALSE
fr|guyane,FR,Guyane,FR-GF,FALSE
fr|departement de la haute-corse,FR,Departement de la Haute-Corse,FR-2B,FALSE
fr|departement de la haute-garonne,FR,Departement de la Haute-Garonne,FR-31,FALSE
fr|departement de la haute-loire,FR,Departement de la Haute-Loire,FR-43,FALSE
fr|departement de la haute-marne,FR,Departement de la Haute-Marne,FR-52,FALSE
fr|haut-rhin,FR,Haut-Rhin,FR-68,FALSE
fr|departement du haut-rhin,FR,Departement du Haut-Rhin,FR-68,FALSE
fr|haute-saone,FR,Haute-Saone,FR-70,FALSE
fr|departement de la haute-saone,FR,Departement de la Haute-Saone,FR-70,FALSE
fr|departement de la haute-savoie,FR,Departement de la Haute-Savoie,FR-74,FALSE
fr|departement de la haute-vienne,FR,Departement de la Haute-Vienne,FR-87,FALSE
fr|departement des hautes-alpes,FR,Departement des Hautes-Alpes,FR-05,FALSE
fr|hautes-pyrenees,FR,Hautes-Pyrenees,FR-65,FALSE
fr|departement des hautes-pyrenees,FR,Departement des Hautes-Pyrenees,FR-65,FALSE
fr|departement des hauts-de-seine,FR,Departement des Hauts-de-Seine,FR-92,FALSE
fr|herault,FR,Herault,FR-34,FALSE
fr|departement de l'herault,FR,Departement de l'Herault,FR-34,FALSE
fr|departement de lherault,FR,Departement de lHerault,FR-34,FALSE
fr|departement d'ille-et-vilaine,FR,Departement d'Ille-et-Vilaine,FR-35,FALSE
fr|departement dille-et-vilaine,FR,Departement dIlle-et-Vilaine,FR-35,FALSE
fr|departement de l'indre,FR,Departement de l'Indre,FR-36,FALSE
fr|departement de lindre,FR,Departement de lIndre,FR-36,FALSE
fr|departement d'indre-et-loire,FR,Departement d'Indre-et-Loire,FR-37,FALSE
fr|departement dindre-et-loire,FR,Departement dIndre-et-Loire,FR-37,FALSE
fr|isere,FR,Isere,FR-38,FALSE
fr|departement de l'isere,FR,Departement de l'Isere,FR-38,FALSE
fr|departement de lisere,FR,Departement de lIsere,FR-38,FALSE
fr|departement du jura,FR,Departement du Jura,FR-39,FALSE
fr|jura mountains,FR,Jura Mountains,FR-39,FALSE
fr|la reunion,FR,La Reunion,FR-RE,FALSE
fr|réunion,FR,Réunion,FR-RE,FALSE
fr|reunion,FR,Reunion,FR-RE,FALSE
fr|departement des landes,FR,Departement des Landes,FR-40,FALSE
fr|departement du loir-et-cher,FR,Departement du Loir-et-Cher,FR-41,FALSE
fr|departement de la loire,FR,Departement de la Loire,FR-42,FALSE
fr|departement de la loire-atlantique,FR,Departement de la Loire-Atlantique,FR-44,FALSE
fr|departement du loiret,FR,Departement du Loiret,FR-45,FALSE
fr|departement du lot,FR,Departement du Lot,FR-46,FALSE
fr|departement du lot-et-garonne,FR,Departement du Lot-et-Garonne,FR-47,FALSE
fr|lozere,FR,Lozere,FR-48,FALSE
fr|departement de la lozere,FR,Departement de la Lozere,FR-48,FALSE
fr|departement de maine-et-loire,FR,Departement de Maine-et-Loire,FR-49,FALSE
fr|departement de la manche,FR,Departement de la Manche,FR-50,FALSE
fr|departement de la marne,FR,Departement de la Marne,FR-51,FALSE
fr|departement de la mayenne,FR,Departement de la Mayenne,FR-53,FALSE
fr|lorena,FR,Lorena,FR-54,FALSE
fr|departement de meurthe-et-moselle,FR,Departement de Meurthe-et-Moselle,FR-54,FALSE
fr|meurhe-et-moselle,FR,Meurhe-et-Moselle,FR-54,FALSE
fr|departement de la meuse,FR,Departement de la Meuse,FR-55,FALSE
fr|departement du morbihan,FR,Departement du Morbihan,FR-56,FALSE
fr|departement de la moselle,FR,Departement de la Moselle,FR-57,FALSE
fr|nievre,FR,Nievre,FR-58,FALSE
fr|departement de la nievre,FR,Departement de la Nievre,FR-58,FALSE
fr|departement du nord,FR,Departement du Nord,FR-59,FALSE
fr|departement de l'oise,FR,Departement de l'Oise,FR-60,FALSE
fr|departement de loise,FR,Departement de lOise,FR-60,FALSE
fr|departement de l'orne,FR,Departement de l'Orne,FR-61,FALSE
fr|departement de lorne,FR,Departement de lOrne,FR-61,FALSE
fr|ville de paris,FR,Ville de Paris,FR-75,FALSE
fr|departement du pas-de-calais,FR,Departement du Pas-de-Calais,FR-62,FALSE
fr|puy-de-dome,FR,Puy-de-Dome,FR-63,FALSE
fr|departement du puy-de-dome,FR,Departement du Puy-de-Dome,FR-63,FALSE
fr|pyrenees-atlantiques,FR,Pyrenees-Atlantiques,FR-64,FALSE
fr|pyrenees-atlantics,FR,Pyrenees-Atlantics,FR-64,FALSE
fr|departement des pyrenees-atlantiques,FR,Departement des Pyrenees-Atlantiques,FR-64,FALSE
fr|pyrenees-orientales,FR,Pyrenees-Orientales,FR-66,FALSE
fr|departement des pyrenees-orientales,FR,Departement des Pyrenees-Orientales,FR-66,FALSE
fr|rhone,FR,Rhone,FR-69,FALSE
fr|departement du rhone,FR,Departement du Rhone,FR-69,FALSE
fr|saone-et-loire,FR,Saone-et-Loire,FR-71,FALSE
fr|departement de saone-et-loire,FR,Departement de Saone-et-Loire,FR-71,FALSE
fr|departement de la sarthe,FR,Departement de la Sarthe,FR-72,FALSE
fr|departement de la savoie,FR,Departement de la Savoie,FR-73,FALSE
fr|seine-et-marne,FR,Seine-et-Marne,FR-77,FALSE
fr|departement de seine-et-marne,FR,Departement de Seine-et-Marne,FR-77,FALSE
fr|departement de la seine-maritime,FR,Departement de la Seine-Maritime,FR-76,FALSE
fr|departement de seine-saint-denis,FR,Departement de Seine-Saint-Denis,FR-93,FALSE
fr|departement de la somme,FR,Departement de la Somme,FR-80,FALSE
fr|departement du tarn,FR,Departement du Tarn,FR-81,FALSE
fr|departement du tarn-et-garonne,FR,Departement du Tarn-et-Garonne,FR-82,FALSE
fr|belfort,FR,Belfort,FR-90,FALSE
fr|val-doise,FR,Val-dOise,FR-95,FALSE
fr|departement du val-d'oise,FR,Departement du Val-d'Oise,FR-95,FALSE
fr|departement du val-doise,FR,Departement du Val-dOise,FR-95,FALSE
fr|departement du val-de-marne,FR,Departement du Val-de-Marne,FR-94,FALSE
fr|departement du var,FR,Departement du Var,FR-83,FALSE
fr|departement du vaucluse,FR,Departement du Vaucluse,FR-84,FALSE
fr|vendee,FR,Vendee,FR-85,FALSE
fr|departement de la vendee,FR,Departement de la Vendee,FR-85,FALSE
fr|departement de la vienne,FR,Departement de la Vienne,FR-86,FALSE
fr|departement des vosges,FR,Departement des Vosges,FR-88,FALSE
fr|departement de l'yonne,FR,Departement de l'Yonne,FR-89,FALSE
fr|departement de lyonne,FR,Departement de lYonne,FR-89,FALSE
fr|departement des yvelines,FR,Departement des Yvelines,FR-78,FALSE
ga|haut-ogooue,GA,Haut-Ogooue,GA-2,FALSE
ga|province du haut-ogooue,GA,Province du Haut-Ogooue,GA-2,FALSE
ga|moyen-ogooue,GA,Moyen-Ogooue,GA-3,FALSE
ga|province du moyen-ogooue,GA,Province du Moyen-Ogooue,GA-3,FALSE
ga|ngounie,GA,Ngounie,GA-4,FALSE
ga|n'gounié,GA,N'Gounié,GA-4,FALSE
ga|n'gounie,GA,N'Gounie,GA-4,FALSE
ga|province de la ngounie,GA,Province de la Ngounie,GA-4,FALSE
ga|province de la nyanga,GA,Province de la Nyanga,GA-5,FALSE
ga|ogooue-ivindo,GA,Ogooue-Ivindo,GA-6,FALSE
ga|province de l' ogooue-ivindo,GA,Province de l' Ogooue-Ivindo,GA-6,FALSE
ga|province de l ogooue-ivindo,GA,Province de l Ogooue-Ivindo,GA-6,FALSE
ga|ogooue-lolo,GA,Ogooue-Lolo,GA-7,FALSE
ga|province de l' ogooue-lolo,GA,Province de l' Ogooue-Lolo,GA-7,FALSE
ga|province de l ogooue-lolo,GA,Province de l Ogooue-Lolo,GA-7,FALSE
ga|ogooue-maritime,GA,Ogooue-Maritime,GA-8,FALSE
ga|province de l' ogooue-maritime,GA,Province de l' Ogooue-Maritime,GA-8,FALSE
ga|province de l ogooue-maritime,GA,Province de l Ogooue-Maritime,GA-8,FALSE
ga|woleu-ntem,GA,Woleu-Ntem,GA-9,FALSE
ga|province du woleu-ntem,GA,Province du Woleu-Ntem,GA-9,FALSE
gb|aberdeen city,GB,Aberdeen City,GB-ABE,FALSE
gb|anglesey county,GB,Anglesey County,GB-AGY,FALSE
gb|forfar,GB,Forfar,GB-ANS,FALSE
gb|antrim borough,GB,Antrim Borough,GB-ANT,FALSE
gb|ards district,GB,Ards District,GB-ARD,FALSE
gb|earra-ghaidheal agus bòd,GB,Earra-Ghaidheal agus Bòd,GB-AGB,FALSE
gb|earra-ghaidheal agus bod,GB,Earra-Ghaidheal agus Bod,GB-AGB,FALSE
gb|armagh district,GB,Armagh District,GB-ARM,FALSE
gb|ballymena district,GB,Ballymena District,GB-BLA,FALSE
gb|ballymoney district,GB,Ballymoney District,GB-BLY,FALSE
gb|banbridge district,GB,Banbridge District,GB-BNB,FALSE
gb|greater london,GB,Greater London,GB-BDG,FALSE
gb|london borough of barking and dagenham,GB,London Borough of Barking and Dagenham,GB-BDG,FALSE
gb|london borough of enfield,GB,London Borough of Enfield,GB-BNE,FALSE
gb|borough of barnsley,GB,Borough of Barnsley,GB-BNS,FALSE
gb|south yorkshire,GB,South Yorkshire,GB-BNS,FALSE
gb|bedfordshire,GB,Bedfordshire,GB-BDF,FALSE
gb|city of belfast,GB,City of Belfast,GB-BFS,FALSE
gb|london borough of bexley,GB,London Borough of Bexley,GB-BEX,FALSE
gb|city and borough of birmingham,GB,City and Borough of Birmingham,GB-BIR,FALSE
gb|west midlands,GB,West Midlands,GB-BIR,FALSE
"gb|blackburn, blackburn and darwen",GB,"Blackburn, Blackburn and Darwen",GB-BBD,FALSE
gb|borough of blackburn with darwen,GB,Borough of Blackburn with Darwen,GB-BBD,FALSE
gb|borough of blackpool,GB,Borough of Blackpool,GB-BPL,FALSE
gb|blaenau gwent county borough,GB,Blaenau Gwent County Borough,GB-BGW,FALSE
gb|borough of bolton,GB,Borough of Bolton,GB-BOL,FALSE
gb|greater manchester,GB,Greater Manchester,GB-BOL,FALSE
gb|borough of bournemouth,GB,Borough of Bournemouth,GB-BMH,FALSE
gb|bournemouth borough,GB,Bournemouth Borough,GB-BMH,FALSE
gb|borough of bracknell forest,GB,Borough of Bracknell Forest,GB-BRC,FALSE
gb|berkshire,GB,Berkshire,GB-BRC,FALSE
gb|city and borough of bradford,GB,City and Borough of Bradford,GB-BRD,FALSE
gb|west yorkshire,GB,West Yorkshire,GB-BRD,FALSE
gb|london borough of brent,GB,London Borough of Brent,GB-BEN,FALSE
gb|bridgend county borough,GB,Bridgend county borough,GB-BGE,FALSE
gb|borough of brighton and hove,GB,Borough of Brighton and Hove,GB-BNH,FALSE
gb|brighton and hove city,GB,Brighton and Hove City,GB-BNH,FALSE
gb|city of bristol,GB,City of Bristol,GB-BST,FALSE
gb|london borough of bromley,GB,London Borough of Bromley,GB-BRY,FALSE
gb|borough of bury,GB,Borough of Bury,GB-BUR,FALSE
gb|county borough of caerphilly,GB,County Borough of Caerphilly,GB-CAY,FALSE
gb|caerphilly county borough,GB,Caerphilly County Borough,GB-CAY,FALSE
gb|borough of calderdale,GB,Borough of Calderdale,GB-CLD,FALSE
gb|london borough of camden,GB,London Borough of Camden,GB-CMD,FALSE
gb|city and county of cardiff,GB,City and County of Cardiff,GB-CRF,FALSE
gb|cardiff county,GB,Cardiff County,GB-CRF,FALSE
gb|carmarthenshire county,GB,Carmarthenshire County,GB-CMN,FALSE
gb|carrickfergus district,GB,Carrickfergus District,GB-CKF,FALSE
gb|castlereagh district,GB,Castlereagh District,GB-CSR,FALSE
gb|cardiganshire,GB,Cardiganshire,GB-CGN,FALSE
gb|county of ceredigion,GB,County of Ceredigion,GB-CGN,FALSE
gb|ceredigion county,GB,Ceredigion County,GB-CGN,FALSE
gb|cheshire,GB,Cheshire,GB-CHE,FALSE
gb|london,GB,London,GB-LND,FALSE
gb|the city,GB,The City,GB-LND,FALSE
gb|city of london,GB,City of London,GB-LND,FALSE
gb|square mile,GB,Square Mile,GB-LND,FALSE
gb|clackmannan,GB,Clackmannan,GB-CLK,FALSE
gb|coleraine district,GB,Coleraine District,GB-CLR,FALSE
gb|aberconwy and colwyn,GB,Aberconwy and Colwyn,GB-CWY,FALSE
gb|conwy county borough,GB,Conwy County Borough,GB-CWY,FALSE
gb|cornouailles,GB,Cornouailles,GB-CON,FALSE
gb|cornovaglia,GB,Cornovaglia,GB-CON,FALSE
gb|cornualha,GB,Cornualha,GB-CON,FALSE
gb|cornualles,GB,Cornualles,GB-CON,FALSE
gb|cornwall and isles of scilly,GB,Cornwall and Isles of Scilly,GB-CON,FALSE
gb|city and borough of coventry,GB,City and Borough of Coventry,GB-COV,FALSE
gb|craigavon district,GB,Craigavon District,GB-CGV,FALSE
gb|london borough of croydon,GB,London Borough of Croydon,GB-CRY,FALSE
gb|borough of darlington,GB,Borough of Darlington,GB-DAL,FALSE
gb|darlington borough,GB,Darlington Borough,GB-DAL,FALSE
gb|denbighshire county,GB,Denbighshire County,GB-DEN,FALSE
gb|city of derby,GB,City of Derby,GB-DER,FALSE
gb|derby city,GB,Derby City,GB-DER,FALSE
gb|londonderry,GB,Londonderry,GB-DRY,FALSE
gb|city of derry,GB,City of Derry,GB-DRY,FALSE
gb|borough of doncaster,GB,Borough of Doncaster,GB-DNC,FALSE
gb|down district,GB,Down District,GB-DOW,FALSE
gb|borough of dudley,GB,Borough of Dudley,GB-DUD,FALSE
gb|dundee city,GB,Dundee City,GB-DND,FALSE
gb|dungannon and south tyrone,GB,Dungannon and South Tyrone,GB-DGN,FALSE
gb|dungannon district,GB,Dungannon District,GB-DGN,FALSE
gb|county durham,GB,County Durham,GB-DUR,FALSE
gb|london borough of ealing,GB,London Borough of Ealing,GB-EAL,FALSE
gb|haddington,GB,Haddington,GB-ELN,FALSE
"gb|east riding, east yorkshire",GB,"East Riding, East Yorkshire",GB-ERY,FALSE
gb|édimbourg,GB,Édimbourg,GB-EDH,FALSE
gb|edimbourg,GB,Edimbourg,GB-EDH,FALSE
gb|edimburgo,GB,Edimburgo,GB-EDH,FALSE
gb|city of edinburgh,GB,City of Edinburgh,GB-EDH,FALSE
gb|outer hebrides,GB,Outer Hebrides,GB-ELS,FALSE
gb|western isles,GB,Western Isles,GB-ELS,FALSE
gb|fermanagh district,GB,Fermanagh District,GB-FER,FALSE
gb|county of flintshire,GB,County of Flintshire,GB-FLN,FALSE
gb|flintshire county,GB,Flintshire County,GB-FLN,FALSE
gb|tyne and wear,GB,Tyne and Wear,GB-GAT,FALSE
gb|glasgow city,GB,Glasgow City,GB-GLG,FALSE
gb|london borough of greenwich,GB,London Borough of Greenwich,GB-GRE,FALSE
gb|caernarfonshire and merionethshire,GB,Caernarfonshire and Merionethshire,GB-GWN,FALSE
gb|london borough of hackney,GB,London Borough of Hackney,GB-HCK,FALSE
gb|metropolitan borough of wirral,GB,Metropolitan Borough of Wirral,GB-WRL,FALSE
gb|halton borough,GB,Halton Borough,GB-WRL,FALSE
gb|borough of halton,GB,Borough of Halton,GB-HAL,FALSE
gb|warrington borough,GB,Warrington Borough,GB-HAL,FALSE
gb|london borough of hammersmith and fulham,GB,London Borough of Hammersmith and Fulham,GB-HMF,FALSE
gb|london borough of haringey,GB,London Borough of Haringey,GB-HRY,FALSE
gb|london borough of harrow,GB,London Borough of Harrow,GB-HRW,FALSE
gb|borough of hartlepool,GB,Borough of Hartlepool,GB-HPL,FALSE
gb|hartlepool borough,GB,Hartlepool Borough,GB-HPL,FALSE
gb|london borough of havering,GB,London Borough of Havering,GB-HAV,FALSE
gb|london borough of hillingdon,GB,London Borough of Hillingdon,GB-HIL,FALSE
gb|london borough of hounslow,GB,London Borough of Hounslow,GB-HNS,FALSE
gb|london borough of islington,GB,London Borough of Islington,GB-ISL,FALSE
gb|royal borough of kensington and chelsea,GB,Royal Borough of Kensington and Chelsea,GB-KEC,FALSE
gb|hull,GB,Hull,GB-KHL,FALSE
gb|city of kingston upon hull,GB,City of Kingston upon Hull,GB-KHL,FALSE
gb|kingston upon hull city,GB,Kingston upon Hull City,GB-KHL,FALSE
gb|royal borough of kingston upon thames,GB,Royal Borough of Kingston upon Thames,GB-KTT,FALSE
gb|borough of kirklees,GB,Borough of Kirklees,GB-KIR,FALSE
gb|borough of knowsley,GB,Borough of Knowsley,GB-KWL,FALSE
gb|london borough of lambeth,GB,London Borough of Lambeth,GB-LBH,FALSE
gb|larne district,GB,Larne District,GB-LRN,FALSE
gb|city and borough of leeds,GB,City and Borough of Leeds,GB-LDS,FALSE
gb|city of leicester,GB,City of Leicester,GB-LCE,FALSE
gb|leicester city,GB,Leicester City,GB-LCE,FALSE
gb|london borough of lewisham,GB,London Borough of Lewisham,GB-LEW,FALSE
gb|limavady district,GB,Limavady District,GB-LMV,FALSE
gb|lisburn district,GB,Lisburn District,GB-LSB,FALSE
gb|city and borough of liverpool,GB,City and Borough of Liverpool,GB-LIV,FALSE
gb|borough of luton,GB,Borough of Luton,GB-LUT,FALSE
gb|luton borough,GB,Luton Borough,GB-LUT,FALSE
gb|magherafelt district,GB,Magherafelt District,GB-MFT,FALSE
gb|city and borough of manchester,GB,City and Borough of Manchester,GB-MAN,FALSE
gb|medway towns,GB,Medway Towns,GB-MDW,FALSE
gb|borough of medway,GB,Borough of Medway,GB-MDW,FALSE
gb|borough of st. helens,GB,Borough of St. Helens,GB-SHN,FALSE
gb|county borough of merthyr tydfil,GB,County Borough of Merthyr Tydfil,GB-MTY,FALSE
gb|merthyr tydfil county borough,GB,Merthyr Tydfil County Borough,GB-MTY,FALSE
gb|london borough of merton,GB,London Borough of Merton,GB-MRT,FALSE
gb|cookstown,GB,Cookstown,GB-CKT,FALSE
gb|cookstown district,GB,Cookstown District,GB-CKT,FALSE
gb|borough of middlesbrough,GB,Borough of Middlesbrough,GB-MDB,FALSE
gb|borough of milton keynes,GB,Borough of Milton Keynes,GB-MIK,FALSE
gb|elgin,GB,Elgin,GB-MRY,FALSE
gb|moyle district,GB,Moyle District,GB-MYL,FALSE
gb|neath and port talbot,GB,Neath and Port Talbot,GB-NTL,FALSE
gb|neath and port talbot county borough,GB,Neath and Port Talbot County Borough,GB-NTL,FALSE
gb|city and borough of newcastle upon tyne,GB,City and Borough of Newcastle upon Tyne,GB-NET,FALSE
gb|london borough of newham,GB,London Borough of Newham,GB-NWM,FALSE
gb|city of newport,GB,City of Newport,GB-NWP,FALSE
gb|newport city,GB,Newport City,GB-NWP,FALSE
gb|mourne,GB,Mourne,GB-NYM,FALSE
gb|newry and mourne district,GB,Newry and Mourne District,GB-NYM,FALSE
gb|newtownabbey district,GB,Newtownabbey District,GB-NTA,FALSE
gb|north ayrshire,GB,North Ayrshire,GB-NAY,FALSE
gb|north down district,GB,North Down District,GB-NDN,FALSE
gb|north west somerset,GB,North West Somerset,GB-NSM,FALSE
gb|borough of north tyneside,GB,Borough of North Tyneside,GB-NTY,FALSE
gb|city of nottingham,GB,City of Nottingham,GB-NGM,FALSE
gb|nottingham city,GB,Nottingham City,GB-NGM,FALSE
gb|borough of oldham,GB,Borough of Oldham,GB-OLD,FALSE
gb|omagh district,GB,Omagh District,GB-OMH,FALSE
gb|orkney islands,GB,Orkney Islands,GB-ORK,FALSE
gb|pembrokeshire county,GB,Pembrokeshire County,GB-PEM,FALSE
gb|perth and kinross,GB,Perth and Kinross,GB-PKN,FALSE
gb|city of peterborough,GB,City of Peterborough,GB-PTE,FALSE
gb|peterborough city,GB,Peterborough City,GB-PTE,FALSE
gb|city of plymouth,GB,City of Plymouth,GB-PLY,FALSE
gb|plymouth city,GB,Plymouth City,GB-PLY,FALSE
gb|borough of poole,GB,Borough of Poole,GB-POL,FALSE
gb|poole borough,GB,Poole Borough,GB-POL,FALSE
gb|city of portsmouth,GB,City of Portsmouth,GB-POR,FALSE
gb|portsmouth city,GB,Portsmouth City,GB-POR,FALSE
gb|sir powys,GB,Sir Powys,GB-POW,FALSE
gb|powys county,GB,Powys County,GB-POW,FALSE
gb|borough of reading,GB,Borough of Reading,GB-RDG,FALSE
gb|london borough of redbridge,GB,London Borough of Redbridge,GB-RDB,FALSE
gb|borough of redcar and cleveland,GB,Borough of Redcar and Cleveland,GB-RCC,FALSE
gb|redcar and cleveland borough,GB,Redcar and Cleveland Borough,GB-RCC,FALSE
gb|rhondda cynon taf,GB,Rhondda Cynon Taf,GB-RCT,FALSE
gb|rhondda cynon taff,GB,Rhondda Cynon Taff,GB-RCT,FALSE
gb|rhondda cynon taff county borough,GB,Rhondda Cynon Taff County Borough,GB-RCT,FALSE
gb|london borough of richmond upon thames,GB,London Borough of Richmond upon Thames,GB-RIC,FALSE
gb|borough of rochdale,GB,Borough of Rochdale,GB-RCH,FALSE
gb|borough of rotherham,GB,Borough of Rotherham,GB-ROT,FALSE
gb|windsor and maidenhead,GB,Windsor and Maidenhead,GB-WNM,FALSE
gb|district of rutland,GB,District of Rutland,GB-RUT,FALSE
gb|rutland county,GB,Rutland County,GB-RUT,FALSE
gb|city and borough of salford,GB,City and Borough of Salford,GB-SLF,FALSE
gb|borough of sandwell,GB,Borough of Sandwell,GB-SAW,FALSE
gb|the borders,GB,The Borders,GB-SCB,FALSE
gb|the scottish borders,GB,The Scottish Borders,GB-SCB,FALSE
gb|borough of sefton,GB,Borough of Sefton,GB-SFT,FALSE
gb|city and borough of sheffield,GB,City and Borough of Sheffield,GB-SHF,FALSE
gb|salop,GB,Salop,GB-SHR,FALSE
gb|borough of solihull,GB,Borough of Solihull,GB-SOL,FALSE
gb|borough of south tyneside,GB,Borough of South Tyneside,GB-STY,FALSE
gb|city of southampton,GB,City of Southampton,GB-STH,FALSE
gb|southampton city,GB,Southampton City,GB-STH,FALSE
gb|southend,GB,Southend,GB-SOS,FALSE
gb|borough of southend-on-sea,GB,Borough of Southend-on-Sea,GB-SOS,FALSE
gb|southend-on-sea borough,GB,Southend-on-Sea Borough,GB-SOS,FALSE
gb|london borough of southwark,GB,London Borough of Southwark,GB-SWK,FALSE
gb|borough of stockport,GB,Borough of Stockport,GB-SKP,FALSE
gb|stockton,GB,Stockton,GB-STT,FALSE
gb|borough of stockton-on-tees,GB,Borough of Stockton-on-Tees,GB-STT,FALSE
gb|stockton-on-tees borough,GB,Stockton-on-Tees Borough,GB-STT,FALSE
gb|city of stoke-on-trent,GB,City of Stoke-on-Trent,GB-STE,FALSE
gb|stoke-on-trent city,GB,Stoke-on-Trent City,GB-STE,FALSE
gb|strabane district,GB,Strabane District,GB-STB,FALSE
gb|city and borough of sunderland,GB,City and Borough of Sunderland,GB-SND,FALSE
gb|london borough of sutton,GB,London Borough of Sutton,GB-STN,FALSE
gb|city and county of swansea,GB,City and County of Swansea,GB-SWA,FALSE
gb|swansea city and county,GB,Swansea City and County,GB-SWA,FALSE
gb|thamesdown,GB,Thamesdown,GB-SWD,FALSE
gb|borough of swindon,GB,Borough of Swindon,GB-SWD,FALSE
gb|swindon borough,GB,Swindon Borough,GB-SWD,FALSE
gb|borough of tameside,GB,Borough of Tameside,GB-TAM,FALSE
"gb|the wrekin, wrekin",GB,"The Wrekin, Wrekin",GB-TFW,FALSE
gb|district of telford and wrekin,GB,District of Telford and Wrekin,GB-TFW,FALSE
gb|telford and wrekin borough,GB,Telford and Wrekin Borough,GB-TFW,FALSE
gb|borough of thurrock,GB,Borough of Thurrock,GB-THR,FALSE
gb|borough of torbay,GB,Borough of Torbay,GB-TOB,FALSE
gb|torbay borough,GB,Torbay Borough,GB-TOB,FALSE
gb|county borough of torfaen,GB,County Borough of Torfaen,GB-TOF,FALSE
gb|torfaen county borough,GB,Torfaen County Borough,GB-TOF,FALSE
gb|london borough of tower hamlets,GB,London Borough of Tower Hamlets,GB-TWH,FALSE
gb|borough of trafford,GB,Borough of Trafford,GB-TRF,FALSE
gb|city and borough of wakefield,GB,City and Borough of Wakefield,GB-WKF,FALSE
gb|borough of walsall,GB,Borough of Walsall,GB-WLL,FALSE
gb|london borough of waltham forest,GB,London Borough of Waltham Forest,GB-WFT,FALSE
gb|london borough of wandsworth,GB,London Borough of Wandsworth,GB-WND,FALSE
gb|borough of warrington,GB,Borough of Warrington,GB-WRT,FALSE
gb|dumbarton and clydebank,GB,Dumbarton and Clydebank,GB-WDU,FALSE
gb|dumbarton & clydebank,GB,Dumbarton & Clydebank,GB-WDU,FALSE
gb|linlithgow,GB,Linlithgow,GB-WLN,FALSE
gb|city of westminster,GB,City of Westminster,GB-WSM,FALSE
gb|borough of wigan,GB,Borough of Wigan,GB-WGN,FALSE
gb|district of wokingham,GB,District of Wokingham,GB-WOK,FALSE
gb|borough of wolverhampton,GB,Borough of Wolverhampton,GB-WLV,FALSE
gb|wrexham county borough,GB,Wrexham County Borough,GB-WRX,FALSE
gb|city of york,GB,City of York,GB-YOR,FALSE
gb|york city,GB,York City,GB-YOR,FALSE
gd|southern grenadine islands,GD,Southern Grenadine Islands,GD-10,FALSE
ge|sokhumi,GE,Sokhumi,GE-AB,FALSE
ge|adjara,GE,Adjara,GE-AJ,FALSE
ge|batumi,GE,Batumi,GE-AJ,FALSE
ge|ozurgeti,GE,Ozurgeti,GE-GU,FALSE
ge|kutaisi,GE,Kutaisi,GE-IM,FALSE
ge|telavi,GE,Telavi,GE-KA,FALSE
ge|rustavi,GE,Rustavi,GE-KK,FALSE
ge|mtskheta,GE,Mtskheta,GE-MM,FALSE
ge|racha-lechkhumi and kvemo svaneti,GE,Racha-Lechkhumi and Kvemo Svaneti,GE-RL,FALSE
ge|ambrolauri,GE,Ambrolauri,GE-RL,FALSE
ge|zugdidi,GE,Zugdidi,GE-SZ,FALSE
ge|samegrelo-zemo svanetis mkhare,GE,Samegrelo-Zemo Svanetis Mkhare,GE-SZ,FALSE
ge|samtskhe–javakheti,GE,Samtskhe–Javakheti,GE-SJ,FALSE
ge|akhaltsikhe,GE,Akhaltsikhe,GE-SJ,FALSE
ge|gori,GE,Gori,GE-SK,FALSE
ge|k'alak'i t'bilisi,GE,K'alak'i T'bilisi,GE-TB,FALSE
ge|kalaki tbilisi,GE,Kalaki Tbilisi,GE-TB,FALSE
gh|ashanti region,GH,Ashanti Region,GH-AH,FALSE
gh|brong-ahafo,GH,Brong-Ahafo,GH-BA,FALSE
gh|brong-ahafo region,GH,Brong-Ahafo Region,GH-BA,FALSE
gh|central region,GH,Central Region,GH-CP,FALSE
gh|eastern region,GH,Eastern Region,GH-EP,FALSE
gh|greater accra region,GH,Greater Accra Region,GH-AA,FALSE
gh|northern region,GH,Northern Region,GH-NP,FALSE
gh|upper east region,GH,Upper East Region,GH-UE,FALSE
gh|upper west region,GH,Upper West Region,GH-UW,FALSE
gh|volta region,GH,Volta Region,GH-TV,FALSE
gh|western region,GH,Western Region,GH-WP,FALSE
gl|kujalleq,GL,Kujalleq,GL-KU,FALSE
gl|sermersooq,GL,Sermersooq,GL-SM,FALSE
gl|pituffik,GL,Pituffik,GL-UO,FALSE
gl|northeast greenland national park,GL,Northeast Greenland National Park,GL-UO,FALSE
gl|national park,GL,National Park,GL-UO,FALSE
gl|thule air base,GL,Thule Air Base,GL-UO,FALSE
gl|qaasuitsup,GL,Qaasuitsup,GL-QA,FALSE
gl|qeqqata,GL,Qeqqata,GL-QE,FALSE
gm|city of banjul,GM,City of Banjul,GM-B,FALSE
gm|central river division,GM,Central River Division,GM-M,FALSE
gm|maccarthy island,GM,Maccarthy Island,GM-M,FALSE
gm|south bank,GM,South Bank,GM-L,FALSE
gm|lower river division,GM,Lower River Division,GM-L,FALSE
gm|north bank division,GM,North Bank Division,GM-N,FALSE
gm|upper river division,GM,Upper River Division,GM-U,FALSE
gm|western division,GM,Western Division,GM-W,FALSE
gn|beyla prefecture,GN,Beyla Prefecture,GN-BE,FALSE
gn|nzerekore,GN,Nzerekore,GN-BE,FALSE
gn|boffa prefecture,GN,Boffa Prefecture,GN-BF,FALSE
gn|prefecture de boffa,GN,Prefecture de Boffa,GN-BF,FALSE
gn|boké,GN,Boké,GN-BK,FALSE
gn|boke prefecture,GN,Boke Prefecture,GN-BK,FALSE
gn|conakry region,GN,Conakry Region,GN-C,FALSE
gn|coyah prefecture,GN,Coyah Prefecture,GN-CO,FALSE
gn|prefecture de coyah,GN,Prefecture de Coyah,GN-CO,FALSE
gn|dabola prefecture,GN,Dabola Prefecture,GN-DB,FALSE
gn|prefecture de dabola,GN,Prefecture de Dabola,GN-DB,FALSE
gn|dalaba prefecture,GN,Dalaba Prefecture,GN-DL,FALSE
gn|prefecture de dalaba,GN,Prefecture de Dalaba,GN-DL,FALSE
gn|dinguiraye prefecture,GN,Dinguiraye Prefecture,GN-DI,FALSE
gn|dubreka,GN,Dubreka,GN-DU,FALSE
gn|dubréka prefecture,GN,Dubréka Prefecture,GN-DU,FALSE
gn|dubreka prefecture,GN,Dubreka Prefecture,GN-DU,FALSE
gn|prefecture de dubreka,GN,Prefecture de Dubreka,GN-DU,FALSE
gn|faranah prefecture,GN,Faranah Prefecture,GN-FA,FALSE
gn|forecariah,GN,Forecariah,GN-FO,FALSE
gn|forécariah prefecture,GN,Forécariah Prefecture,GN-FO,FALSE
gn|forecariah prefecture,GN,Forecariah Prefecture,GN-FO,FALSE
gn|prefecture de forecariah,GN,Prefecture de Forecariah,GN-FO,FALSE
gn|fria prefecture,GN,Fria Prefecture,GN-FR,FALSE
gn|prefecture de fria,GN,Prefecture de Fria,GN-FR,FALSE
gn|gaoual prefecture,GN,Gaoual Prefecture,GN-GA,FALSE
gn|gueckedou,GN,Gueckedou,GN-GU,FALSE
gn|guéckédou prefecture,GN,Guéckédou Prefecture,GN-GU,FALSE
gn|gueckedou prefecture,GN,Gueckedou Prefecture,GN-GU,FALSE
gn|prefecture de guekedou,GN,Prefecture de Guekedou,GN-GU,FALSE
gn|kankan prefecture,GN,Kankan Prefecture,GN-K,FALSE
gn|kerouane,GN,Kerouane,GN-KE,FALSE
gn|kérouané prefecture,GN,Kérouané Prefecture,GN-KE,FALSE
gn|kerouane prefecture,GN,Kerouane Prefecture,GN-KE,FALSE
gn|prefecture de kindia,GN,Prefecture de Kindia,GN-KD,FALSE
gn|kissidougou prefecture,GN,Kissidougou Prefecture,GN-KS,FALSE
gn|prefecture de kissidougou,GN,Prefecture de Kissidougou,GN-KS,FALSE
gn|koubia prefecture,GN,Koubia Prefecture,GN-KB,FALSE
gn|prefecture de koubia,GN,Prefecture de Koubia,GN-KB,FALSE
gn|labe,GN,Labe,GN-KB,FALSE
gn|koundara prefecture,GN,Koundara Prefecture,GN-KN,FALSE
gn|kouroussa prefecture,GN,Kouroussa Prefecture,GN-KO,FALSE
gn|prefecture de kouroussa,GN,Prefecture de Kouroussa,GN-KO,FALSE
gn|labé prefecture,GN,Labé Prefecture,GN-LA,FALSE
gn|labe prefecture,GN,Labe Prefecture,GN-LA,FALSE
gn|lelouma,GN,Lelouma,GN-LE,FALSE
gn|lélouma prefecture,GN,Lélouma Prefecture,GN-LE,FALSE
gn|lelouma prefecture,GN,Lelouma Prefecture,GN-LE,FALSE
gn|lola prefecture,GN,Lola Prefecture,GN-LO,FALSE
gn|prefecture de lola,GN,Prefecture de Lola,GN-LO,FALSE
gn|macenta prefecture,GN,Macenta Prefecture,GN-MC,FALSE
gn|prefecture de macenta,GN,Prefecture de Macenta,GN-MC,FALSE
gn|mali prefecture,GN,Mali Prefecture,GN-ML,FALSE
gn|mamou prefecture,GN,Mamou Prefecture,GN-MM,FALSE
gn|mandiana prefecture,GN,Mandiana Prefecture,GN-MD,FALSE
gn|nzérékoré prefecture,GN,Nzérékoré Prefecture,GN-NZ,FALSE
gn|nzerekore prefecture,GN,Nzerekore Prefecture,GN-NZ,FALSE
gn|pita prefecture,GN,Pita Prefecture,GN-PI,FALSE
gn|prefecture de pita,GN,Prefecture de Pita,GN-PI,FALSE
gn|siguiri prefecture,GN,Siguiri Prefecture,GN-SI,FALSE
gn|telimele,GN,Telimele,GN-TE,FALSE
gn|télimélé prefecture,GN,Télimélé Prefecture,GN-TE,FALSE
gn|telimele prefecture,GN,Telimele Prefecture,GN-TE,FALSE
gn|tougue,GN,Tougue,GN-TO,FALSE
gn|tougué prefecture,GN,Tougué Prefecture,GN-TO,FALSE
gn|tougue prefecture,GN,Tougue Prefecture,GN-TO,FALSE
gn|yomou prefecture,GN,Yomou Prefecture,GN-YO,FALSE
gn|prefecture de yomou,GN,Prefecture de Yomou,GN-YO,FALSE
gq|annobon,GQ,Annobon,GQ-AN,FALSE
gq|provincia de annobon,GQ,Provincia de Annobon,GQ-AN,FALSE
gq|provincia de bioko norte,GQ,Provincia de Bioko Norte,GQ-BN,FALSE
gq|provincia de bioko sur,GQ,Provincia de Bioko Sur,GQ-BS,FALSE
gq|provincia de centro sur,GQ,Provincia de Centro Sur,GQ-CS,FALSE
gq|kie-ntem,GQ,Kie-Ntem,GQ-KN,FALSE
gq|provincia de kie-ntem,GQ,Provincia de Kie-Ntem,GQ-KN,FALSE
gq|provincia de litoral,GQ,Provincia de Litoral,GQ-LI,FALSE
gq|wele-nzas,GQ,Wele-Nzas,GQ-WN,FALSE
gq|provincia de wele-nzas,GQ,Provincia de Wele-Nzas,GQ-WN,FALSE
gr|east macedonia and thrace,GR,East Macedonia and Thrace,GR-A,FALSE
gr|macedonia east and thrace,GR,Macedonia East and Thrace,GR-A,FALSE
gr|attica,GR,Attica,GR-A1,FALSE
gr|mount athos,GR,Mount Athos,GR-69,FALSE
gr|holy mountain,GR,Holy Mountain,GR-69,FALSE
gr|west greece,GR,West Greece,GR-G,FALSE
gr|greece west,GR,Greece West,GR-G,FALSE
gr|west macedonia,GR,West Macedonia,GR-C,FALSE
gr|macedonia west,GR,Macedonia West,GR-C,FALSE
gr|ionian islands,GR,Ionian Islands,GR-F,FALSE
gr|epirus,GR,Epirus,GR-D,FALSE
gr|centre macedonia,GR,Centre Macedonia,GR-B,FALSE
gr|macedonia central,GR,Macedonia Central,GR-B,FALSE
gr|central macedonia,GR,Central Macedonia,GR-B,FALSE
gr|crete,GR,Crete,GR-M,FALSE
gr|south aegean,GR,South Aegean,GR-L,FALSE
gr|aegean south,GR,Aegean South,GR-L,FALSE
gr|peloponnese,GR,Peloponnese,GR-J,FALSE
gr|sterea ellada,GR,Sterea Ellada,GR-H,FALSE
gr|central greece,GR,Central Greece,GR-H,FALSE
gr|greece central,GR,Greece Central,GR-H,FALSE
gr|thessaly,GR,Thessaly,GR-E,FALSE
gr|north aegean,GR,North Aegean,GR-K,FALSE
gr|aegean north,GR,Aegean North,GR-K,FALSE
gt|departamento de alta verapaz,GT,Departamento de Alta Verapaz,GT-AV,FALSE
gt|departamento de baja verapaz,GT,Departamento de Baja Verapaz,GT-BV,FALSE
gt|departamento de chimaltenango,GT,Departamento de Chimaltenango,GT-CM,FALSE
gt|departamento de chiquimula,GT,Departamento de Chiquimula,GT-CQ,FALSE
gt|guastatoya,GT,Guastatoya,GT-PR,FALSE
gt|departamento de el progreso,GT,Departamento de El Progreso,GT-PR,FALSE
gt|departamento de escuintla,GT,Departamento de Escuintla,GT-ES,FALSE
gt|departamento de guatemala,GT,Departamento de Guatemala,GT-GU,FALSE
gt|departamento de huehuetenango,GT,Departamento de Huehuetenango,GT-HU,FALSE
gt|departamento de izabal,GT,Departamento de Izabal,GT-IZ,FALSE
gt|departamento de jalapa,GT,Departamento de Jalapa,GT-JA,FALSE
gt|departamento de jutiapa,GT,Departamento de Jutiapa,GT-JU,FALSE
gt|peten,GT,Peten,GT-PE,FALSE
gt|departamento del peten,GT,Departamento del Peten,GT-PE,FALSE
gt|quetzaltenango,GT,Quetzaltenango,GT-QZ,FALSE
gt|departamento de quetzaltenango,GT,Departamento de Quetzaltenango,GT-QZ,FALSE
gt|quiche,GT,Quiche,GT-QC,FALSE
gt|departamento del quiche,GT,Departamento del Quiche,GT-QC,FALSE
gt|departamento de retalhuleu,GT,Departamento de Retalhuleu,GT-RE,FALSE
gt|sacatepequez,GT,Sacatepequez,GT-SA,FALSE
gt|departamento de sacatepequez,GT,Departamento de Sacatepequez,GT-SA,FALSE
gt|departamento de san marcos,GT,Departamento de San Marcos,GT-SM,FALSE
gt|departamento de santa rosa,GT,Departamento de Santa Rosa,GT-SR,FALSE
gt|solola,GT,Solola,GT-SO,FALSE
gt|departamento de solola,GT,Departamento de Solola,GT-SO,FALSE
gt|suchitepequez,GT,Suchitepequez,GT-SU,FALSE
gt|departamento de suchitepequez,GT,Departamento de Suchitepequez,GT-SU,FALSE
gt|totonicapan,GT,Totonicapan,GT-TO,FALSE
gt|departamento de totonicapan,GT,Departamento de Totonicapan,GT-TO,FALSE
gt|departamento de zacapa,GT,Departamento de Zacapa,GT-ZA,FALSE
gw|bafata,GW,Bafata,GW-BA,FALSE
gw|bissau region,GW,Bissau Region,GW-BS,FALSE
gw|cacheu region,GW,Cacheu Region,GW-CA,FALSE
gw|gabu,GW,Gabu,GW-GA,FALSE
gw|oio region,GW,Oio Region,GW-OI,FALSE
gy|barima-waini region,GY,Barima-Waini Region,GY-BA,FALSE
gy|pomeroon-supenaam region,GY,Pomeroon-Supenaam Region,GY-CU,FALSE
gy|essequibo islands-west demerara region,GY,Essequibo Islands-West Demerara Region,GY-DE,FALSE
gy|demerara-mahaica region,GY,Demerara-Mahaica Region,GY-EB,FALSE
gy|mahaica-berbice region,GY,Mahaica-Berbice Region,GY-ES,FALSE
gy|east berbice-corentyne region,GY,East Berbice-Corentyne Region,GY-MA,FALSE
gy|cuyuni-mazaruni region,GY,Cuyuni-Mazaruni Region,GY-PM,FALSE
gy|potaro-siparuni region,GY,Potaro-Siparuni Region,GY-PT,FALSE
gy|upper takutu-upper essequibo region,GY,Upper Takutu-Upper Essequibo Region,GY-UD,FALSE
gy|upper demerara-berbice region,GY,Upper Demerara-Berbice Region,GY-UT,FALSE
hk|central and western district,HK,Central and Western District,HK-~5153,FALSE
hk|siu ma shan,HK,Siu Ma Shan,HK-~5155,FALSE
hk|lantau island,HK,Lantau Island,HK-~5170,FALSE
hk|islands district,HK,Islands District,HK-~5170,FALSE
hk|kwon tong,HK,Kwon Tong,HK-~5161,FALSE
hk|north district,HK,North District,HK-~5168,FALSE
hk|sai kung district,HK,Sai Kung District,HK-~5162,FALSE
hk|southern district,HK,Southern District,HK-~5156,FALSE
hk|tai po district,HK,Tai Po District,HK-~5169,FALSE
hk|tsuen wan district,HK,Tsuen Wan District,HK-~5165,FALSE
hk|wong tai sin district,HK,Wong Tai Sin District,HK-~5160,FALSE
hk|yuen long district,HK,Yuen Long District,HK-~5167,FALSE
hn|atlantida,HN,Atlantida,HN-AT,FALSE
hn|departamento de atlantida,HN,Departamento de Atlantida,HN-AT,FALSE
hn|departamento de choluteca,HN,Departamento de Choluteca,HN-CH,FALSE
hn|colon,HN,Colon,HN-CL,FALSE
hn|departamento de colon,HN,Departamento de Colon,HN-CL,FALSE
hn|departamento de comayagua,HN,Departamento de Comayagua,HN-CM,FALSE
hn|copan,HN,Copan,HN-CP,FALSE
hn|departamento de copan,HN,Departamento de Copan,HN-CP,FALSE
hn|cortes,HN,Cortes,HN-CR,FALSE
hn|cortez,HN,Cortez,HN-CR,FALSE
hn|departamento de cortes,HN,Departamento de Cortes,HN-CR,FALSE
hn|el paraiso,HN,El Paraiso,HN-EP,FALSE
hn|paraiso,HN,Paraiso,HN-EP,FALSE
hn|departamento de el paraiso,HN,Departamento de El Paraiso,HN-EP,FALSE
hn|francisco morazan,HN,Francisco Morazan,HN-FM,FALSE
hn|tegucigalpa,HN,Tegucigalpa,HN-FM,FALSE
hn|departamento de francisco morazan,HN,Departamento de Francisco Morazan,HN-FM,FALSE
hn|departamento de gracias a dios,HN,Departamento de Gracias a Dios,HN-GD,FALSE
hn|intibuca,HN,Intibuca,HN-IN,FALSE
hn|departamento de intibuca,HN,Departamento de Intibuca,HN-IN,FALSE
hn|islas de la bahia,HN,Islas de la Bahia,HN-IB,FALSE
hn|bay islands,HN,Bay Islands,HN-IB,FALSE
hn|islas de bahia,HN,Islas de Bahia,HN-IB,FALSE
hn|departamento de islas de la bahia,HN,Departamento de Islas de la Bahia,HN-IB,FALSE
hn|departamento de la paz,HN,Departamento de La Paz,HN-LP,FALSE
hn|gracias,HN,Gracias,HN-LE,FALSE
hn|departamento de lempira,HN,Departamento de Lempira,HN-LE,FALSE
hn|departamento de ocotepeque,HN,Departamento de Ocotepeque,HN-OC,FALSE
hn|departamento de olancho,HN,Departamento de Olancho,HN-OL,FALSE
hn|santa barbara,HN,Santa Barbara,HN-SB,FALSE
hn|departamento de santa barbara,HN,Departamento de Santa Barbara,HN-SB,FALSE
hn|departamento de valle,HN,Departamento de Valle,HN-VA,FALSE
hn|departamento de yoro,HN,Departamento de Yoro,HN-YO,FALSE
hr|bjelovar-bilogora,HR,Bjelovar-Bilogora,HR-07,FALSE
hr|bjelovarsko-bilogorska zupanija,HR,Bjelovarsko-Bilogorska Zupanija,HR-07,FALSE
hr|bjelovarska-bilogorska,HR,Bjelovarska-Bilogorska,HR-07,FALSE
hr|požega-slavonia,HR,Požega-Slavonia,HR-12,FALSE
hr|pozega-slavonia,HR,Pozega-Slavonia,HR-12,FALSE
hr|brod-posavina,HR,Brod-Posavina,HR-12,FALSE
hr|slavonski brod-posavina,HR,Slavonski Brod-Posavina,HR-12,FALSE
hr|brodsko-posavska zupanija,HR,Brodsko-Posavska Zupanija,HR-12,FALSE
hr|dubrovnik-neretva,HR,Dubrovnik-Neretva,HR-19,FALSE
hr|dubrovacko-neretvanska zupanija,HR,Dubrovacko-Neretvanska Zupanija,HR-19,FALSE
hr|dubrovačko-neretvanska,HR,Dubrovačko-neretvanska,HR-19,FALSE
hr|zagreb,HR,Zagreb,HR-21,FALSE
hr|istria,HR,Istria,HR-18,FALSE
hr|istra,HR,Istra,HR-18,FALSE
hr|istarska zupanija,HR,Istarska Zupanija,HR-18,FALSE
hr|karlovac,HR,Karlovac,HR-04,FALSE
hr|karlovacka zupanija,HR,Karlovacka Zupanija,HR-04,FALSE
hr|koprivnicko-krizevacka,HR,Koprivnicko-Krizevacka,HR-06,FALSE
hr|koprivnica-križevci,HR,Koprivnica-Križevci,HR-06,FALSE
hr|koprivnica-krizevci,HR,Koprivnica-Krizevci,HR-06,FALSE
hr|koprivnicko-krizevacka zupanija,HR,Koprivnicko-Krizevacka Zupanija,HR-06,FALSE
hr|krapina-zagorje,HR,Krapina-Zagorje,HR-02,FALSE
hr|krapinsko-zagorska zupanija,HR,Krapinsko-Zagorska Zupanija,HR-02,FALSE
hr|lika-senj,HR,Lika-Senj,HR-09,FALSE
hr|licko-senjska zupanija,HR,Licko-Senjska Zupanija,HR-09,FALSE
hr|međimurje,HR,Međimurje,HR-20,FALSE
hr|medimurje,HR,Medimurje,HR-20,FALSE
hr|medimurska zupanija,HR,Medimurska Zupanija,HR-20,FALSE
hr|osijek-baranja,HR,Osijek-Baranja,HR-14,FALSE
hr|osjecko-baranjska zupanija,HR,Osjecko-Baranjska Zupanija,HR-14,FALSE
hr|primorje-gorski,HR,Primorje-Gorski,HR-08,FALSE
hr|primorje-gorski kotar,HR,Primorje-Gorski Kotar,HR-08,FALSE
hr|primorsko-goranska zupanija,HR,Primorsko-Goranska Zupanija,HR-08,FALSE
hr|sibensko-kninska,HR,Sibensko-Kninska,HR-15,FALSE
hr|šibenik-knin,HR,Šibenik-Knin,HR-15,FALSE
hr|sibenik-knin,HR,Sibenik-Knin,HR-15,FALSE
hr|šibenik,HR,Šibenik,HR-15,FALSE
hr|sibenik,HR,Sibenik,HR-15,FALSE
hr|sibensko-kninska zupanija,HR,Sibensko-Kninska Zupanija,HR-15,FALSE
hr|sisak-moslavina,HR,Sisak-Moslavina,HR-03,FALSE
hr|sisacko-moslavacka zupanija,HR,Sisacko-Moslavacka Zupanija,HR-03,FALSE
hr|split-dalmatia,HR,Split-Dalmatia,HR-17,FALSE
hr|split-dalmacia,HR,Split-Dalmacia,HR-17,FALSE
hr|splitsko-dalmatinska zupanija,HR,Splitsko-Dalmatinska Zupanija,HR-17,FALSE
hr|varazdinska,HR,Varazdinska,HR-05,FALSE
hr|varaždin,HR,Varaždin,HR-05,FALSE
hr|varazdin,HR,Varazdin,HR-05,FALSE
hr|varasd,HR,Varasd,HR-05,FALSE
hr|varazdinska zupanija,HR,Varazdinska Zupanija,HR-05,FALSE
hr|virovitica-podravina,HR,Virovitica-Podravina,HR-10,FALSE
hr|viroviticko-podravska zupanija,HR,Viroviticko-Podravska Zupanija,HR-10,FALSE
hr|vukovar-syrmia,HR,Vukovar-Syrmia,HR-16,FALSE
hr|vukovar-srijem,HR,Vukovar-Srijem,HR-16,FALSE
hr|vukovarsko-srijemska zupanija,HR,Vukovarsko-Srijemska Zupanija,HR-16,FALSE
hr|zadar,HR,Zadar,HR-13,FALSE
hr|zadar-knin,HR,Zadar-Knin,HR-13,FALSE
hr|zadarska zupanija,HR,Zadarska Zupanija,HR-13,FALSE
hr|zagrebacka zupanija,HR,Zagrebacka Zupanija,HR-01,FALSE
ht|plateau central,HT,Plateau Central,HT-CE,FALSE
ht|grandanse,HT,GrandAnse,HT-GA,FALSE
ht|grande-asne,HT,Grande-Asne,HT-GA,FALSE
ht|grande anse,HT,Grande Anse,HT-GA,FALSE
ht|departement de la grand'anse,HT,Departement de la Grand'Anse,HT-GA,FALSE
ht|departement de la grandanse,HT,Departement de la GrandAnse,HT-GA,FALSE
ht|lartibonite,HT,LArtibonite,HT-AR,FALSE
ht|artibonite,HT,Artibonite,HT-AR,FALSE
ht|departement de l'artibonite,HT,Departement de l'Artibonite,HT-AR,FALSE
ht|departement de lartibonite,HT,Departement de lArtibonite,HT-AR,FALSE
ht|departement de nippes,HT,Departement de Nippes,HT-NI,FALSE
ht|departement du nord-est,HT,Departement du Nord-Est,HT-NE,FALSE
ht|departement de l'ouest,HT,Departement de l'Ouest,HT-OU,FALSE
ht|departement de louest,HT,Departement de lOuest,HT-OU,FALSE
hu|bacs-kiskun,HU,Bacs-Kiskun,HU-BK,FALSE
hu|bacs-bodrog-kiskun,HU,Bacs-Bodrog-Kiskun,HU-BK,FALSE
hu|bacs-kiskun megye,HU,Bacs-Kiskun megye,HU-BK,FALSE
hu|baranya megye,HU,Baranya megye,HU-BA,FALSE
hu|bekes,HU,Bekes,HU-BE,FALSE
hu|bekes megye,HU,Bekes megye,HU-BE,FALSE
hu|bekescsaba,HU,Bekescsaba,HU-BC,FALSE
hu|borsod-abauj-zemplen,HU,Borsod-Abauj-Zemplen,HU-BZ,FALSE
hu|borsod-abauj-zemplen megye,HU,Borsod-Abauj-Zemplen megye,HU-BZ,FALSE
hu|budapeste,HU,Budapeste,HU-BU,FALSE
hu|budapest fovaros,HU,Budapest fovaros,HU-BU,FALSE
hu|csongrad,HU,Csongrad,HU-CS,FALSE
hu|csongrád-csanád,HU,Csongrád-Csanád,HU-CS,FALSE
hu|csongrad-csanad,HU,Csongrad-Csanad,HU-CS,FALSE
hu|csongrad megye,HU,Csongrad megye,HU-CS,FALSE
hu|hajdu-bihar megye,HU,Hajdu-Bihar megye,HU-DE,FALSE
hu|dunaujvaros,HU,Dunaujvaros,HU-DU,FALSE
hu|fejer megye,HU,Fejer megye,HU-DU,FALSE
hu|heves megye,HU,Heves megye,HU-EG,FALSE
hu|erd,HU,Erd,HU-ED,FALSE
hu|pest megye,HU,Pest megye,HU-ED,FALSE
hu|fejer,HU,Fejer,HU-FE,FALSE
hu|gyor,HU,Gyor,HU-GY,FALSE
hu|győr,HU,Győr,HU-GY,FALSE
hu|gyor-moson-sopron megye,HU,Gyor-Moson-Sopron megye,HU-GY,FALSE
hu|győr-moson-sopron,HU,Győr-Moson-Sopron,HU-GS,FALSE
hu|gyor-sopron,HU,Gyor-Sopron,HU-GS,FALSE
hu|hajdu-bihar,HU,Hajdu-Bihar,HU-HB,FALSE
hu|hodmezovasarhely,HU,Hodmezovasarhely,HU-HV,FALSE
hu|hódmezővásárhely,HU,Hódmezővásárhely,HU-HV,FALSE
hu|jasz-nagykun-szolnok,HU,Jasz-Nagykun-Szolnok,HU-JN,FALSE
hu|jasz-nagykun-szolnok megye,HU,Jasz-Nagykun-Szolnok megye,HU-JN,FALSE
hu|kaposvar,HU,Kaposvar,HU-KV,FALSE
hu|somogy megye,HU,Somogy megye,HU-KV,FALSE
hu|kecskemet,HU,Kecskemet,HU-KM,FALSE
hu|komarom-esztergom,HU,Komarom-Esztergom,HU-KE,FALSE
hu|komarom,HU,Komarom,HU-KE,FALSE
hu|komarom-esztergom megye,HU,Komarom-Esztergom megye,HU-KE,FALSE
hu|zala megye,HU,Zala megye,HU-NK,FALSE
hu|nograd,HU,Nograd,HU-NO,FALSE
hu|nograd megye,HU,Nograd megye,HU-NO,FALSE
hu|nyiregyhaza,HU,Nyiregyhaza,HU-NY,FALSE
hu|szabolcs-szatmar-bereg megye,HU,Szabolcs-Szatmar-Bereg megye,HU-NY,FALSE
hu|pecs,HU,Pecs,HU-PS,FALSE
hu|salgotarjan,HU,Salgotarjan,HU-ST,FALSE
hu|szabolcs-szatmar-bereg,HU,Szabolcs-Szatmar-Bereg,HU-SZ,FALSE
hu|szabolcs-szatmár,HU,Szabolcs-Szatmár,HU-SZ,FALSE
hu|szabolcs-szatmar,HU,Szabolcs-Szatmar,HU-SZ,FALSE
hu|szekesfehervar,HU,Szekesfehervar,HU-SF,FALSE
hu|szekszard,HU,Szekszard,HU-SS,FALSE
hu|tolna megye,HU,Tolna megye,HU-SS,FALSE
hu|vas megye,HU,Vas megye,HU-SH,FALSE
hu|tatabanya,HU,Tatabanya,HU-TB,FALSE
hu|veszprem,HU,Veszprem,HU-VE,FALSE
hu|veszprem megye,HU,Veszprem megye,HU-VE,FALSE
hu|veszprem (2),HU,Veszprem (2),HU-VM,FALSE
id|achin,ID,Achin,ID-AC,FALSE
id|atjeh,ID,Atjeh,ID-AC,FALSE
id|nanggroe aceh darussalam,ID,Nanggroe Aceh Darussalam,ID-AC,FALSE
id|nanggroe aceh darussalam province,ID,Nanggroe Aceh Darussalam Province,ID-AC,FALSE
id|penida,ID,Penida,ID-BA,FALSE
id|lembongan,ID,Lembongan,ID-BA,FALSE
id|ceningan,ID,Ceningan,ID-BA,FALSE
id|menjangan,ID,Menjangan,ID-BA,FALSE
id|provinsi bali,ID,Provinsi Bali,ID-BA,FALSE
id|bangka belitung islands,ID,Bangka Belitung Islands,ID-BB,FALSE
id|babel,ID,Babel,ID-BB,FALSE
id|kepulauan bangka belitung,ID,Kepulauan Bangka Belitung,ID-BB,FALSE
id|provinsi kepulauan bangka belitung,ID,Provinsi Kepulauan Bangka Belitung,ID-BB,FALSE
id|provinsi banten,ID,Provinsi Banten,ID-BT,FALSE
id|bencoolen,ID,Bencoolen,ID-BE,FALSE
id|benkoelen,ID,Benkoelen,ID-BE,FALSE
id|benkulen,ID,Benkulen,ID-BE,FALSE
id|propinsi bengkulu,ID,Propinsi Bengkulu,ID-BE,FALSE
id|propinsi gorontalo,ID,Propinsi Gorontalo,ID-GO,FALSE
id|jakarta,ID,Jakarta,ID-JK,FALSE
id|jawa,ID,Jawa,ID-JK,FALSE
id|djakarta,ID,Djakarta,ID-JK,FALSE
id|daerah khusus ibukota jakarta,ID,Daerah Khusus Ibukota Jakarta,ID-JK,FALSE
id|djambi,ID,Djambi,ID-JA,FALSE
id|provinsi jambi,ID,Provinsi Jambi,ID-JA,FALSE
id|west java,ID,West Java,ID-JB,FALSE
id|jabar,ID,Jabar,ID-JB,FALSE
id|provinsi jawa barat,ID,Provinsi Jawa Barat,ID-JB,FALSE
id|central java,ID,Central Java,ID-JT,FALSE
id|jateng,ID,Jateng,ID-JT,FALSE
id|provinsi jawa tengah,ID,Provinsi Jawa Tengah,ID-JT,FALSE
id|east java,ID,East Java,ID-JI,FALSE
id|jatim,ID,Jatim,ID-JI,FALSE
id|provinsi jawa timur,ID,Provinsi Jawa Timur,ID-JI,FALSE
id|west kalimantan,ID,West Kalimantan,ID-KB,FALSE
id|kalbar,ID,Kalbar,ID-KB,FALSE
id|provinsi kalimantan barat,ID,Provinsi Kalimantan Barat,ID-KB,FALSE
id|south kalimantan,ID,South Kalimantan,ID-KS,FALSE
id|kalsel,ID,Kalsel,ID-KS,FALSE
id|provinsi kalimantan selatan,ID,Provinsi Kalimantan Selatan,ID-KS,FALSE
id|central kalimantan,ID,Central Kalimantan,ID-KT,FALSE
id|kalteng,ID,Kalteng,ID-KT,FALSE
id|provinsi kalimantan tengah,ID,Provinsi Kalimantan Tengah,ID-KT,FALSE
id|east kalimantan,ID,East Kalimantan,ID-KI,FALSE
id|kaltim,ID,Kaltim,ID-KI,FALSE
id|provinsi kalimantan timur,ID,Provinsi Kalimantan Timur,ID-KI,FALSE
id|riau islands,ID,Riau Islands,ID-KR,FALSE
id|rhio,ID,Rhio,ID-KR,FALSE
id|riou,ID,Riou,ID-KR,FALSE
id|riouw,ID,Riouw,ID-KR,FALSE
id|provinsi kepulauan riau,ID,Provinsi Kepulauan Riau,ID-KR,FALSE
id|provinsi lampung,ID,Provinsi Lampung,ID-LA,FALSE
id|molucas,ID,Molucas,ID-MA,FALSE
id|moluccas,ID,Moluccas,ID-MA,FALSE
id|molucche,ID,Molucche,ID-MA,FALSE
id|moluckerna,ID,Moluckerna,ID-MA,FALSE
id|moluqu,ID,Moluqu,ID-MA,FALSE
id|provinsi maluku,ID,Provinsi Maluku,ID-MA,FALSE
id|north maluku,ID,North Maluku,ID-MU,FALSE
id|malut,ID,Malut,ID-MU,FALSE
id|provinsi maluku utara,ID,Provinsi Maluku Utara,ID-MU,FALSE
id|west nusa tenggara,ID,West Nusa Tenggara,ID-NB,FALSE
id|ntb,ID,NTB,ID-NB,FALSE
id|propinsi nusa tenggara barat,ID,Propinsi Nusa Tenggara Barat,ID-NB,FALSE
id|east nusa tenggara,ID,East Nusa Tenggara,ID-NT,FALSE
id|ntt,ID,NTT,ID-NT,FALSE
id|provinsi nusa tenggara timur,ID,Provinsi Nusa Tenggara Timur,ID-NT,FALSE
id|new guinea,ID,New Guinea,ID-PA,FALSE
id|yos sudarso or frederick hendrik,ID,Yos Sudarso or Frederick Hendrik,ID-PA,FALSE
id|waigeo,ID,Waigeo,ID-PA,FALSE
id|supiori biak,ID,Supiori Biak,ID-PA,FALSE
id|yapen,ID,Yapen,ID-PA,FALSE
id|misool,ID,Misool,ID-PA,FALSE
id|salawati,ID,Salawati,ID-PA,FALSE
id|batanta,ID,Batanta,ID-PA,FALSE
id|provinsi papua,ID,Provinsi Papua,ID-PA,FALSE
id|west papua,ID,West Papua,ID-PB,FALSE
id|irian jaya barat,ID,Irian Jaya Barat,ID-PB,FALSE
id|provinsi papua barat,ID,Provinsi Papua Barat,ID-PB,FALSE
id|provinsi riau,ID,Provinsi Riau,ID-RI,FALSE
id|west sulawesi,ID,West Sulawesi,ID-SR,FALSE
id|sulsel,ID,Sulsel,ID-SR,FALSE
id|provinsi sulawesi barat,ID,Provinsi Sulawesi Barat,ID-SR,FALSE
id|south sulawesi,ID,South Sulawesi,ID-SN,FALSE
id|provinsi sulawesi selatan,ID,Provinsi Sulawesi Selatan,ID-SN,FALSE
id|central sulawesi,ID,Central Sulawesi,ID-ST,FALSE
id|sulteng,ID,Sulteng,ID-ST,FALSE
id|provinsi sulawesi tengah,ID,Provinsi Sulawesi Tengah,ID-ST,FALSE
id|southeast sulawesi,ID,Southeast Sulawesi,ID-SG,FALSE
id|sultra,ID,Sultra,ID-SG,FALSE
id|provinsi sulawesi tenggara,ID,Provinsi Sulawesi Tenggara,ID-SG,FALSE
id|north sulawesi,ID,North Sulawesi,ID-SA,FALSE
id|sulut,ID,Sulut,ID-SA,FALSE
id|provinsi sulawesi utara,ID,Provinsi Sulawesi Utara,ID-SA,FALSE
id|west sumatra,ID,West Sumatra,ID-SB,FALSE
id|sumbar,ID,Sumbar,ID-SB,FALSE
id|provinsi sumatera barat,ID,Provinsi Sumatera Barat,ID-SB,FALSE
id|south sumatra,ID,South Sumatra,ID-SS,FALSE
id|sumsel,ID,Sumsel,ID-SS,FALSE
id|provinsi sumatera selatan,ID,Provinsi Sumatera Selatan,ID-SS,FALSE
id|north sumatra,ID,North Sumatra,ID-SU,FALSE
id|sumut,ID,Sumut,ID-SU,FALSE
id|provinsi sumatera utara,ID,Provinsi Sumatera Utara,ID-SU,FALSE
id|daerah istimewa yogyakarta,ID,Daerah Istimewa Yogyakarta,ID-YO,FALSE
ie|ceatharlach,IE,Ceatharlach,IE-CW,FALSE
ie|county carlow,IE,County Carlow,IE-CW,FALSE
ie|an cabhán,IE,An Cabhán,IE-CN,FALSE
ie|an cabhan,IE,An Cabhan,IE-CN,FALSE
ie|an clár,IE,An Clár,IE-CE,FALSE
ie|an clar,IE,An Clar,IE-CE,FALSE
ie|corcaigh,IE,Corcaigh,IE-CO,FALSE
ie|corcaigh city,IE,Corcaigh city,IE-CO,FALSE
ie|county cork,IE,County Cork,IE-CO,FALSE
ie|cork city,IE,Cork City,IE-CO,FALSE
ie|dún na ngall,IE,Dún na nGall,IE-DL,FALSE
ie|dun na ngall,IE,Dun na nGall,IE-DL,FALSE
ie|tyrconnel,IE,Tyrconnel,IE-DL,FALSE
ie|county donegal,IE,County Donegal,IE-DL,FALSE
ie|fingal,IE,Fingal,IE-D,FALSE
ie|south dublin,IE,South Dublin,IE-D,FALSE
ie|dún laoghaire–rathdown,IE,Dún Laoghaire–Rathdown,IE-D,FALSE
ie|dun laoghaire-rathdown,IE,Dun Laoghaire-Rathdown,IE-D,FALSE
ie|baile átha cliath,IE,Baile Átha Cliath,IE-D,FALSE
ie|baile atha cliath,IE,Baile Atha Cliath,IE-D,FALSE
ie|fingal county,IE,Fingal County,IE-D,FALSE
ie|dublin city,IE,Dublin City,IE-D,FALSE
ie|gaillimh,IE,Gaillimh,IE-G,FALSE
ie|gaillimh city,IE,Gaillimh city,IE-G,FALSE
ie|county galway,IE,County Galway,IE-G,FALSE
ie|galway city,IE,Galway City,IE-G,FALSE
ie|ciarraí,IE,Ciarraí,IE-KY,FALSE
ie|ciarrai,IE,Ciarrai,IE-KY,FALSE
ie|cill dara,IE,Cill Dara,IE-KE,FALSE
ie|cill chainnigh,IE,Cill Chainnigh,IE-KK,FALSE
ie|laois,IE,Laois,IE-LS,FALSE
ie|leix,IE,Leix,IE-LS,FALSE
ie|queens,IE,Queens,IE-LS,FALSE
ie|liatroim,IE,Liatroim,IE-LM,FALSE
ie|county leitrim,IE,County Leitrim,IE-LM,FALSE
ie|luimneach,IE,Luimneach,IE-LK,FALSE
ie|luimneach city,IE,Luimneach city,IE-LK,FALSE
ie|county limerick,IE,County Limerick,IE-LK,FALSE
ie|limerick city,IE,Limerick City,IE-LK,FALSE
ie|an longfort,IE,An Longfort,IE-LD,FALSE
ie|lú,IE,Lú,IE-LH,FALSE
ie|lu,IE,Lu,IE-LH,FALSE
ie|maigh eo,IE,Maigh Eo,IE-MO,FALSE
ie|an mhí,IE,An Mhí,IE-MH,FALSE
ie|an mhi,IE,An Mhi,IE-MH,FALSE
ie|county monaghan,IE,County Monaghan,IE-MN,FALSE
ie|uíbh fhailí,IE,Uíbh Fhailí,IE-OY,FALSE
ie|uibh fhaili,IE,Uibh Fhaili,IE-OY,FALSE
ie|kings,IE,Kings,IE-OY,FALSE
ie|ros comáin,IE,Ros Comáin,IE-RN,FALSE
ie|ros comain,IE,Ros Comain,IE-RN,FALSE
ie|sligeach,IE,Sligeach,IE-SO,FALSE
ie|north tipperary,IE,North Tipperary,IE-TA,FALSE
ie|south tipperary,IE,South Tipperary,IE-TA,FALSE
ie|tiobraid árann,IE,Tiobraid Árann,IE-TA,FALSE
ie|tiobraid arann,IE,Tiobraid Arann,IE-TA,FALSE
ie|tipperary north riding,IE,Tipperary North Riding,IE-TA,FALSE
ie|tipperary south riding,IE,Tipperary South Riding,IE-TA,FALSE
ie|port láirge,IE,Port Láirge,IE-WD,FALSE
ie|port lairge,IE,Port Lairge,IE-WD,FALSE
ie|port láirge city,IE,Port Láirge city,IE-WD,FALSE
ie|port lairge city,IE,Port Lairge city,IE-WD,FALSE
ie|waterford city,IE,Waterford City,IE-WD,FALSE
ie|an iarmhí,IE,An Iarmhí,IE-WH,FALSE
ie|an iarmhi,IE,An Iarmhi,IE-WH,FALSE
ie|loch garman,IE,Loch Garman,IE-WX,FALSE
ie|cill mhantáin,IE,Cill Mhantáin,IE-WW,FALSE
ie|cill mhantain,IE,Cill Mhantain,IE-WW,FALSE
il|southern,IL,Southern,IL-D,FALSE
il|southern district,IL,Southern District,IL-D,FALSE
il|hefa,IL,Hefa,IL-HA,FALSE
il|haifa district,IL,Haifa District,IL-HA,FALSE
il|central,IL,Central,IL-M,FALSE
il|central district,IL,Central District,IL-M,FALSE
il|northern,IL,Northern,IL-Z,FALSE
il|northern district,IL,Northern District,IL-Z,FALSE
il|al-quds,IL,Al-Quds,IL-JM,FALSE
il|yerushalayim,IL,Yerushalayim,IL-JM,FALSE
il|jerusalem district,IL,Jerusalem District,IL-JM,FALSE
il|tel aviv district,IL,Tel Aviv District,IL-TA,FALSE
in|andaman and nicobar islands,IN,Andaman and Nicobar Islands,IN-AN,FALSE
in|andaman & nicobar islands,IN,Andaman & Nicobar Islands,IN-AN,FALSE
in|andaman et nicobar,IN,Andaman et Nicobar,IN-AN,FALSE
in|iihas de andama e nicobar,IN,Iihas de Andama e Nicobar,IN-AN,FALSE
in|inseln andamanen und nikobare,IN,Inseln Andamanen und Nikobare,IN-AN,FALSE
in|union territory of andaman and nicobar islands,IN,Union Territory of Andaman and Nicobar Islands,IN-AN,FALSE
in|state of andhra pradesh,IN,State of Andhra Pradesh,IN-AP,FALSE
in|agence de la frontisre du nord-est(french-obsolete),IN,Agence de la Frontisre du Nord-Est(French-obsolete),IN-AR,FALSE
in|north east frontier agency,IN,North East Frontier Agency,IN-AR,FALSE
in|state of arunachal pradesh,IN,State of Arunachal Pradesh,IN-AR,FALSE
in|state of assam,IN,State of Assam,IN-AS,FALSE
in|state of bihar,IN,State of Bihar,IN-BR,FALSE
in|union territory of chandigarh,IN,Union Territory of Chandigarh,IN-CH,FALSE
in|state of chhattisgarh,IN,State of Chhattisgarh,IN-CT,FALSE
in|dadra et nagar haveli,IN,DAdra et Nagar Haveli,IN-DH,FALSE
in|dadra e nagar haveli,IN,Dadra e Nagar Haveli,IN-DH,FALSE
in|dadra and nagar haveli,IN,Dadra and Nagar Haveli,IN-DH,FALSE
in|union territory of dadra and nagar haveli,IN,Union Territory of Dadra and Nagar Haveli,IN-DH,FALSE
in|national capital territory of delhi,IN,National Capital Territory of Delhi,IN-DL,FALSE
in|gôa,IN,Gôa,IN-GA,FALSE
in|state of goa,IN,State of Goa,IN-GA,FALSE
in|state of gujarat,IN,State of Gujarat,IN-GJ,FALSE
in|state of haryana,IN,State of Haryana,IN-HR,FALSE
in|state of himachal pradesh,IN,State of Himachal Pradesh,IN-HP,FALSE
in|state of jammu and kashmir,IN,State of Jammu and Kashmir,IN-JK,FALSE
in|vananchal,IN,Vananchal,IN-JH,FALSE
in|state of jharkhand,IN,State of Jharkhand,IN-JH,FALSE
in|maisur,IN,Maisur,IN-KA,FALSE
in|mysore,IN,Mysore,IN-KA,FALSE
in|state of karnataka,IN,State of Karnataka,IN-KA,FALSE
in|state of kerala,IN,State of Kerala,IN-KL,FALSE
in|íles laquedives,IN,Íles Laquedives,IN-LD,FALSE
in|iles laquedives,IN,Iles Laquedives,IN-LD,FALSE
in|laccadive,IN,Laccadive,IN-LD,FALSE
in|minicoy and amindivi islands,IN,Minicoy and Amindivi Islands,IN-LD,FALSE
in|laccadives,IN,Laccadives,IN-LD,FALSE
in|lackadiverna,IN,Lackadiverna,IN-LD,FALSE
in|lakkadiven,IN,Lakkadiven,IN-LD,FALSE
in|lakkadi,IN,Lakkadi,IN-LD,FALSE
in|union territory of lakshadweep,IN,Union Territory of Lakshadweep,IN-LD,FALSE
in|state of madhya pradesh,IN,State of Madhya Pradesh,IN-MP,FALSE
in|state of maharashtra,IN,State of Maharashtra,IN-MH,FALSE
in|state of manipur,IN,State of Manipur,IN-MN,FALSE
in|state of meghalaya,IN,State of Meghalaya,IN-ML,FALSE
in|state of mizoram,IN,State of Mizoram,IN-MZ,FALSE
in|state of nagaland,IN,State of Nagaland,IN-NL,FALSE
in|orissa,IN,Orissa,IN-OR,FALSE
in|state of odisha,IN,State of Odisha,IN-OR,FALSE
in|pondicherry,IN,Pondicherry,IN-PY,FALSE
in|puduchcheri,IN,Puduchcheri,IN-PY,FALSE
in|pondichéry,IN,Pondichéry,IN-PY,FALSE
in|pondichery,IN,Pondichery,IN-PY,FALSE
in|union territory of puducherry,IN,Union Territory of Puducherry,IN-PY,FALSE
in|state of punjab,IN,State of Punjab,IN-PB,FALSE
in|greater rajasthan,IN,Greater Rajasthan,IN-RJ,FALSE
in|rajputana,IN,Rajputana,IN-RJ,FALSE
in|state of rajasthan,IN,State of Rajasthan,IN-RJ,FALSE
in|state of sikkim,IN,State of Sikkim,IN-SK,FALSE
in|state of tamil nadu,IN,State of Tamil Nadu,IN-TN,FALSE
in|state of tripura,IN,State of Tripura,IN-TR,FALSE
in|united provinces,IN,United Provinces,IN-UP,FALSE
in|state of uttar pradesh,IN,State of Uttar Pradesh,IN-UP,FALSE
in|uttaranchal,IN,Uttaranchal,IN-UT,FALSE
in|state of uttarakhand,IN,State of Uttarakhand,IN-UT,FALSE
in|bangla,IN,Bangla,IN-WB,FALSE
in|bengala occidentale,IN,Bengala Occidentale,IN-WB,FALSE
in|bengala ocidental,IN,Bengala Ocidental,IN-WB,FALSE
in|bengale occidental,IN,Bengale occidental,IN-WB,FALSE
in|state of west bengal,IN,State of West Bengal,IN-WB,FALSE
iq|al anbar,IQ,Al Anbar,IQ-AN,FALSE
iq|dulaim,IQ,Dulaim,IQ-AN,FALSE
iq|ramadi,IQ,Ramadi,IQ-AN,FALSE
iq|muhafazat al anbar,IQ,Muhafazat al Anbar,IQ-AN,FALSE
iq|basra,IQ,Basra,IQ-BA,FALSE
iq|bassora,IQ,Bassora,IQ-BA,FALSE
iq|muhafazat al basrah,IQ,Muhafazat al Basrah,IQ-BA,FALSE
iq|al muthanna,IQ,Al Muthanna,IQ-MU,FALSE
iq|al-muthanna,IQ,Al-Muthanna,IQ-MU,FALSE
iq|muhafazat al muthanna,IQ,Muhafazat al Muthanna,IQ-MU,FALSE
iq|al-qadisiyyah,IQ,Al-Qadisiyyah,IQ-QA,FALSE
iq|diwaniyah,IQ,Diwaniyah,IQ-QA,FALSE
iq|muhafazat al qadisiyah,IQ,Muhafazat al Qadisiyah,IQ-QA,FALSE
iq|al-qadisiyah,IQ,Al-Qadisiyah,IQ-QA,FALSE
iq|najaf,IQ,Najaf,IQ-NA,FALSE
iq|an najaf,IQ,An Najaf,IQ-NA,FALSE
iq|erbil,IQ,Erbil,IQ-AR,FALSE
iq|arbela,IQ,Arbela,IQ-AR,FALSE
iq|irbil,IQ,Irbil,IQ-AR,FALSE
iq|muhafazat arbil,IQ,Muhafazat Arbil,IQ-AR,FALSE
iq|sulaymaniyah,IQ,Sulaymaniyah,IQ-SU,FALSE
iq|muhafazat as sulaymaniyah,IQ,Muhafazat as Sulaymaniyah,IQ-SU,FALSE
iq|at-tamim,IQ,At-Tamim,IQ-TS,FALSE
iq|kirkuk,IQ,Kirkuk,IQ-TS,FALSE
iq|tamin,IQ,Tamin,IQ-TS,FALSE
iq|muhafazat kirkuk,IQ,Muhafazat Kirkuk,IQ-TS,FALSE
iq|babylon,IQ,Babylon,IQ-BB,FALSE
iq|hilla,IQ,Hilla,IQ-BB,FALSE
iq|muhafazat babil,IQ,Muhafazat Babil,IQ-BB,FALSE
iq|bagd,IQ,Bagd,IQ-BG,FALSE
iq|bagdad,IQ,Bagdad,IQ-BG,FALSE
iq|muhafazat baghdad,IQ,Muhafazat Baghdad,IQ-BG,FALSE
iq|dhi qar,IQ,Dhi Qar,IQ-DQ,FALSE
iq|muntafiq,IQ,Muntafiq,IQ-DQ,FALSE
iq|nasiriyah,IQ,Nasiriyah,IQ-DQ,FALSE
iq|thi-qar,IQ,Thi-Qar,IQ-DQ,FALSE
iq|muhafazat dhi qar,IQ,Muhafazat Dhi Qar,IQ-DQ,FALSE
iq|duhok,IQ,Duhok,IQ-DA,FALSE
iq|dahuk,IQ,Dahuk,IQ-DA,FALSE
iq|d'hok,IQ,D'hok,IQ-DA,FALSE
iq|dhok,IQ,Dhok,IQ-DA,FALSE
iq|muhafazat diyala,IQ,Muhafazat Diyala,IQ-DI,FALSE
iq|karbala,IQ,Karbala,IQ-KA,FALSE
iq|kerbela,IQ,Kerbela,IQ-KA,FALSE
iq|muhafazat karbala',IQ,Muhafazat Karbala',IQ-KA,FALSE
iq|muhafazat karbala,IQ,Muhafazat Karbala,IQ-KA,FALSE
iq|`amara,IQ,`Amara,IQ-MA,FALSE
iq|'amara,IQ,'Amara,IQ-MA,FALSE
iq|amara,IQ,Amara,IQ-MA,FALSE
iq|muhafazat maysan,IQ,Muhafazat Maysan,IQ-MA,FALSE
iq|nineveh,IQ,Nineveh,IQ-NI,FALSE
iq|al-mawsil,IQ,Al-Mawsil,IQ-NI,FALSE
iq|mosul,IQ,Mosul,IQ-NI,FALSE
iq|ninive,IQ,Ninive,IQ-NI,FALSE
iq|n¡nive,IQ,N¡nive,IQ-NI,FALSE
iq|niniveh,IQ,Niniveh,IQ-NI,FALSE
iq|muhafazat ninawa,IQ,Muhafazat Ninawa,IQ-NI,FALSE
iq|saladin,IQ,Saladin,IQ-SD,FALSE
iq|salah ad-din,IQ,Salah ad-Din,IQ-SD,FALSE
iq|salaheddin,IQ,Salaheddin,IQ-SD,FALSE
iq|muhafazat salah ad din,IQ,Muhafazat Salah ad Din,IQ-SD,FALSE
iq|kut,IQ,Kut,IQ-WA,FALSE
iq|kut-al-imara,IQ,Kut-al-Imara,IQ-WA,FALSE
iq|muhafazat wasit,IQ,Muhafazat Wasit,IQ-WA,FALSE
ir|ardabil,IR,Ardabil,IR-03,FALSE
ir|ostan-e ardabil,IR,Ostan-e Ardabil,IR-03,FALSE
ir|banader va jazayer-e khalij-e fars,IR,Banader va Jazayer-e Khalij-e Fars,IR-06,FALSE
ir|bushire,IR,Bushire,IR-06,FALSE
ir|persian gulf,IR,Persian Gulf,IR-06,FALSE
ir|ports and islands of the persian gulf,IR,Ports and Islands of the Persian Gulf,IR-06,FALSE
ir|ostan-e bushehr,IR,Ostan-e Bushehr,IR-06,FALSE
ir|chaharmahal and bakhtiari,IR,Chaharmahal and Bakhtiari,IR-08,FALSE
ir|bakhtiari,IR,Bakhtiari,IR-08,FALSE
ir|chaharmahal va bakhtiyari,IR,Chaharmahal va Bakhtiyari,IR-08,FALSE
ir|charmahal-bakhtiyari,IR,Charmahal-Bakhtiyari,IR-08,FALSE
ir|ostan-e chahar mahal va bakhtiari,IR,Ostan-e Chahar Mahal va Bakhtiari,IR-08,FALSE
ir|east azerbaijan,IR,East Azerbaijan,IR-01,FALSE
ir|azarbayjan-e khavari,IR,Azarbayjan-e Khavari,IR-01,FALSE
ir|azarbaijan-e sharghi,IR,Azarbaijan-e Sharghi,IR-01,FALSE
ir|azarbaijan-sharqi,IR,Azarbaijan-Sharqi,IR-01,FALSE
ir|east azarbayejan,IR,East Azarbayejan,IR-01,FALSE
ir|azerba‹djan e sharqi,IR,Azerba‹djan e Sharqi,IR-01,FALSE
ir|ostan-e azarbayjan-e sharqi,IR,Ostan-e Azarbayjan-e Sharqi,IR-01,FALSE
ir|isfahan,IR,Isfahan,IR-04,FALSE
ir|ispahan,IR,Ispahan,IR-04,FALSE
ir|ostan-e esfahan,IR,Ostan-e Esfahan,IR-04,FALSE
ir|ostan-e fars,IR,Ostan-e Fars,IR-14,FALSE
ir|ostan-e gilan,IR,Ostan-e Gilan,IR-19,FALSE
ir|ostan-e golestan,IR,Ostan-e Golestan,IR-27,FALSE
ir|hamedan,IR,Hamedan,IR-24,FALSE
ir|ostan-e hamadan,IR,Ostan-e Hamadan,IR-24,FALSE
ir|banader va jazayer-e bahr-e oman,IR,Banader va Jazayer-e Bahr-e Oman,IR-23,FALSE
ir|ports and islands of the sea of oman,IR,Ports and Islands of the Sea of Oman,IR-23,FALSE
ir|saheli,IR,Saheli,IR-23,FALSE
ir|ostan-e hormozgan,IR,Ostan-e Hormozgan,IR-23,FALSE
ir|ilam and poshtkuh,IR,Ilam and Poshtkuh,IR-05,FALSE
ir|ostan-e ilam,IR,Ostan-e Ilam,IR-05,FALSE
ir|ostan-e kerman,IR,Ostan-e Kerman,IR-15,FALSE
ir|bakhtaran,IR,Bakhtaran,IR-17,FALSE
ir|kermanshahan,IR,Kermanshahan,IR-17,FALSE
ir|ostan-e kermanshah,IR,Ostan-e Kermanshah,IR-17,FALSE
ir|khuzistan,IR,Khuzistan,IR-10,FALSE
ir|kouzistan,IR,Kouzistan,IR-10,FALSE
ir|ostan-e khuzestan,IR,Ostan-e Khuzestan,IR-10,FALSE
ir|kohgiluyeh and boyer-ahmad,IR,Kohgiluyeh and Boyer-Ahmad,IR-18,FALSE
ir|bovir ahmadi and kohkiluyeh,IR,Bovir Ahmadi and Kohkiluyeh,IR-18,FALSE
ir|boyer-ahmad and koh-giluye,IR,Boyer-Ahmad and Koh-Giluye,IR-18,FALSE
ir|boyer ahmad e kohkiluyeh,IR,Boyer Ahmad e Kohkiluyeh,IR-18,FALSE
ir|boyer ahmadi-ye sardir va kohkiluyeh,IR,Boyer Ahmadi-ye Sardir va Kohkiluyeh,IR-18,FALSE
ir|kohgil,IR,Kohgil,IR-18,FALSE
ir|ostan-e kohgiluyeh va bowyer ahmad,IR,Ostan-e Kohgiluyeh va Bowyer Ahmad,IR-18,FALSE
ir|kurdistan,IR,Kurdistan,IR-16,FALSE
ir|ostan-e kordestan,IR,Ostan-e Kordestan,IR-16,FALSE
ir|ostan-e lorestan,IR,Ostan-e Lorestan,IR-20,FALSE
ir|ostan-e markazi,IR,Ostan-e Markazi,IR-22,FALSE
ir|ostan-e mazandaran,IR,Ostan-e Mazandaran,IR-21,FALSE
ir|khorasan-e shemali,IR,Khorasan-e Shemali,IR-31,FALSE
ir|ostan-e khorasan-e shomali,IR,Ostan-e Khorasan-e Shomali,IR-31,FALSE
ir|ostan-e qazvin,IR,Ostan-e Qazvin,IR-28,FALSE
ir|khorasan-e razavi,IR,Khorasan-e Razavi,IR-30,FALSE
ir|ostan-e khorasan-e razavi,IR,Ostan-e Khorasan-e Razavi,IR-30,FALSE
ir|ostan-e semnan,IR,Ostan-e Semnan,IR-12,FALSE
ir|baluchestan va sistan,IR,Baluchestan va Sistan,IR-13,FALSE
ir|seistan and baluchistan,IR,Seistan and Baluchistan,IR-13,FALSE
ir|sistan e baloutchistan,IR,Sistan e Baloutchistan,IR-13,FALSE
ir|ostan-e sistan va baluchestan,IR,Ostan-e Sistan va Baluchestan,IR-13,FALSE
ir|khorasan-e janubi,IR,Khorasan-e Janubi,IR-29,FALSE
ir|ostan-e khorasan-e jonubi,IR,Ostan-e Khorasan-e Jonubi,IR-29,FALSE
ir|alborz,IR,Alborz,IR-07,FALSE
ir|teheran,IR,Teheran,IR-07,FALSE
ir|t‚h‚ran,IR,T‚h‚ran,IR-07,FALSE
ir|ostan-e tehran,IR,Ostan-e Tehran,IR-07,FALSE
ir|west azerbaijan,IR,West Azerbaijan,IR-02,FALSE
ir|azarbayjan-e bakhtari,IR,Azarbayjan-e Bakhtari,IR-02,FALSE
ir|azarbaijan-e gharbi,IR,Azarbaijan-e Gharbi,IR-02,FALSE
ir|west azarbayejan,IR,West Azarbayejan,IR-02,FALSE
ir|azerba‹djan e gharbi,IR,Azerba‹djan e Gharbi,IR-02,FALSE
ir|ostan-e azarbayjan-e gharbi,IR,Ostan-e Azarbayjan-e Gharbi,IR-02,FALSE
ir|ostan-e zanjan,IR,Ostan-e Zanjan,IR-11,FALSE
is|east,IS,East,IS-7,FALSE
is|hofudborgarsvaedi,IS,Hofudborgarsvaedi,IS-1,FALSE
is|capital,IS,Capital,IS-1,FALSE
is|capital region,IS,Capital Region,IS-1,FALSE
is|hofudborgarsvadi,IS,Hofudborgarsvadi,IS-1,FALSE
is|nordurland eystra,IS,Nordurland eystra,IS-6,FALSE
is|northeastern,IS,Northeastern,IS-6,FALSE
is|northeast,IS,Northeast,IS-6,FALSE
is|nordurland vestra,IS,Nordurland vestra,IS-5,FALSE
is|northwestern,IS,Northwestern,IS-5,FALSE
is|northwest,IS,Northwest,IS-5,FALSE
is|reykjavik,IS,Reykjavik,IS-0,FALSE
is|sudurland,IS,Sudurland,IS-8,FALSE
is|southern,IS,Southern,IS-8,FALSE
is|south,IS,South,IS-8,FALSE
is|sudurnes,IS,Sudurnes,IS-2,FALSE
is|southern peninsula,IS,Southern Peninsula,IS-2,FALSE
is|vestfirdir,IS,Vestfirdir,IS-4,FALSE
is|westfjords,IS,Westfjords,IS-4,FALSE
is|western,IS,Western,IS-3,FALSE
is|west,IS,West,IS-3,FALSE
it|sicilia,IT,Sicilia,IT-AG,FALSE
it|provincia di agrigento,IT,Provincia di Agrigento,IT-AG,FALSE
it|piemont,IT,Piemont,IT-AL,FALSE
it|piémont,IT,Piémont,IT-AL,FALSE
it|piemonte,IT,Piemonte,IT-AL,FALSE
it|piedmont,IT,Piedmont,IT-AL,FALSE
it|provincia di alessandria,IT,Provincia di Alessandria,IT-AL,FALSE
it|marches,IT,Marches,IT-AN,FALSE
it|marca,IT,Marca,IT-AN,FALSE
it|provincia di ancona,IT,Provincia di Ancona,IT-AN,FALSE
it|aosta,IT,Aosta,IT-AO,FALSE
it|aosta valley,IT,Aosta Valley,IT-AO,FALSE
it|val d'aoste,IT,Val d'Aoste,IT-AO,FALSE
it|val daoste,IT,Val dAoste,IT-AO,FALSE
it|vallée d'aoste,IT,Vallée d'Aoste,IT-AO,FALSE
it|vallee d'aoste,IT,Vallee d'Aoste,IT-AO,FALSE
it|vallée daoste,IT,Vallée dAoste,IT-AO,FALSE
it|vallee daoste,IT,Vallee dAoste,IT-AO,FALSE
it|provincia di aosta,IT,Provincia di Aosta,IT-AO,FALSE
it|tuscany,IT,Tuscany,IT-AR,FALSE
it|toscane,IT,Toscane,IT-AR,FALSE
it|toskana,IT,Toskana,IT-AR,FALSE
it|province of arezzo,IT,Province of Arezzo,IT-AR,FALSE
it|province of ascoli piceno,IT,Province of Ascoli Piceno,IT-AP,FALSE
it|provincia di asti,IT,Provincia di Asti,IT-AT,FALSE
it|campanha,IT,Campanha,IT-AV,FALSE
it|campanie,IT,Campanie,IT-AV,FALSE
it|kampanien,IT,Kampanien,IT-AV,FALSE
it|provincia di avellino,IT,Provincia di Avellino,IT-AV,FALSE
it|apulien,IT,Apulien,IT-BA,FALSE
it|pouilles,IT,Pouilles,IT-BA,FALSE
it|pouille,IT,Pouille,IT-BA,FALSE
it|puglia,IT,Puglia,IT-BA,FALSE
it|puglie,IT,Puglie,IT-BA,FALSE
it|provincia di bari,IT,Provincia di Bari,IT-BA,FALSE
it|barletta-andria-trani,IT,Barletta-Andria-Trani,IT-BT,FALSE
it|provincia di barletta - andria - trani,IT,Provincia di Barletta - Andria - Trani,IT-BT,FALSE
it|venecia,IT,Venecia,IT-BL,FALSE
it|venetia,IT,Venetia,IT-BL,FALSE
it|venezia euganea,IT,Venezia Euganea,IT-BL,FALSE
it|provincia di belluno,IT,Provincia di Belluno,IT-BL,FALSE
it|provincia di benevento,IT,Provincia di Benevento,IT-BN,FALSE
it|lombardy,IT,Lombardy,IT-BG,FALSE
it|lombardei,IT,Lombardei,IT-BG,FALSE
it|lombardie,IT,Lombardie,IT-BG,FALSE
it|provincia di bergamo,IT,Provincia di Bergamo,IT-BG,FALSE
it|provincia di biella,IT,Provincia di Biella,IT-BI,FALSE
it|emilia romagna,IT,Emilia Romagna,IT-BO,FALSE
it|emilia,IT,Emilia,IT-BO,FALSE
it|emilia-romaña,IT,Emilia-Romaña,IT-BO,FALSE
it|emilia-romana,IT,Emilia-Romana,IT-BO,FALSE
it|émilie-romagne,IT,Émilie-Romagne,IT-BO,FALSE
it|emilie-romagne,IT,Emilie-Romagne,IT-BO,FALSE
it|provincia di bologna,IT,Provincia di Bologna,IT-BO,FALSE
it|trentino-south tyrol,IT,Trentino-South Tyrol,IT-BZ,FALSE
it|bolzano,IT,Bolzano,IT-BZ,FALSE
it|trentino - alto adige,IT,Trentino - Alto Adige,IT-BZ,FALSE
it|trentino-alto adigio,IT,Trentino-Alto Adigio,IT-BZ,FALSE
it|trentino-south tirol,IT,Trentino-South Tirol,IT-BZ,FALSE
it|venezia tridentina,IT,Venezia Tridentina,IT-BZ,FALSE
it|provincia di bolzano,IT,Provincia di Bolzano,IT-BZ,FALSE
it|provincia di brescia,IT,Provincia di Brescia,IT-BS,FALSE
it|province of brindisi,IT,Province of Brindisi,IT-BR,FALSE
it|cerdeña,IT,Cerdeña,IT-CA,FALSE
it|cerdena,IT,Cerdena,IT-CA,FALSE
it|sardenha,IT,Sardenha,IT-CA,FALSE
it|provincia di cagliari,IT,Provincia di Cagliari,IT-CA,FALSE
it|provincia di caltanissetta,IT,Provincia di Caltanissetta,IT-CL,FALSE
it|molisa,IT,Molisa,IT-CB,FALSE
it|provincia di campobasso,IT,Provincia di Campobasso,IT-CB,FALSE
it|provincia di carbonia-iglesias,IT,Provincia di Carbonia-Iglesias,IT-CI,FALSE
it|provincia di caserta,IT,Provincia di Caserta,IT-CE,FALSE
it|provincia di catania,IT,Provincia di Catania,IT-CT,FALSE
it|calabre,IT,Calabre,IT-CZ,FALSE
it|calabrie,IT,Calabrie,IT-CZ,FALSE
it|kalabrien,IT,Kalabrien,IT-CZ,FALSE
it|provincia di catanzaro,IT,Provincia di Catanzaro,IT-CZ,FALSE
it|abruzos,IT,Abruzos,IT-CH,FALSE
it|abruzzen,IT,Abruzzen,IT-CH,FALSE
it|abruzzes,IT,Abruzzes,IT-CH,FALSE
it|abruzzi,IT,Abruzzi,IT-CH,FALSE
it|provincia di chieti,IT,Provincia di Chieti,IT-CH,FALSE
it|provincia di como,IT,Provincia di Como,IT-CO,FALSE
it|provincia di cosenza,IT,Provincia di Cosenza,IT-CS,FALSE
it|provincia di cremona,IT,Provincia di Cremona,IT-CR,FALSE
it|crotone,IT,Crotone,IT-KR,FALSE
it|provincia di crotone,IT,Provincia di Crotone,IT-KR,FALSE
it|provincia di cuneo,IT,Provincia di Cuneo,IT-CN,FALSE
it|provincia di enna,IT,Provincia di Enna,IT-EN,FALSE
it|province of fermo,IT,Province of Fermo,IT-FM,FALSE
it|provincia di ferrara,IT,Provincia di Ferrara,IT-FE,FALSE
it|florence,IT,Florence,IT-FI,FALSE
it|provincia di firenze,IT,Provincia di Firenze,IT-FI,FALSE
it|provincia di foggia,IT,Provincia di Foggia,IT-FG,FALSE
it|forli-cesena,IT,Forli-Cesena,IT-FC,FALSE
it|provincia di forli,IT,Provincia di Forli,IT-FC,FALSE
it|lacio,IT,Lacio,IT-FR,FALSE
it|latium,IT,Latium,IT-FR,FALSE
it|provincia di frosinone,IT,Provincia di Frosinone,IT-FR,FALSE
it|liguria,IT,Liguria,IT-GE,FALSE
it|provincia di genova,IT,Provincia di Genova,IT-GE,FALSE
it|friuli venezia giulia,IT,Friuli Venezia Giulia,IT-GO,FALSE
it|friuli-venecia julia,IT,Friuli-Venecia Julia,IT-GO,FALSE
it|provincia di gorizia,IT,Provincia di Gorizia,IT-GO,FALSE
it|provincia di grosseto,IT,Provincia di Grosseto,IT-GR,FALSE
it|provincia di imperia,IT,Provincia di Imperia,IT-IM,FALSE
it|provincia di isernia,IT,Provincia di Isernia,IT-IS,FALSE
it|laquila,IT,LAquila,IT-AQ,FALSE
it|provincia di l'aquila,IT,Provincia di L'Aquila,IT-AQ,FALSE
it|provincia di laquila,IT,Provincia di LAquila,IT-AQ,FALSE
it|provincia di la spezia,IT,Provincia di La Spezia,IT-SP,FALSE
it|provincia di latina,IT,Provincia di Latina,IT-LT,FALSE
it|provincia di lecce,IT,Provincia di Lecce,IT-LE,FALSE
it|provincia di lecco,IT,Provincia di Lecco,IT-LC,FALSE
it|provincia di livorno,IT,Provincia di Livorno,IT-LI,FALSE
it|provincia di lodi,IT,Provincia di Lodi,IT-LO,FALSE
it|provincia di lucca,IT,Provincia di Lucca,IT-LU,FALSE
it|provincia di macerata,IT,Provincia di Macerata,IT-MC,FALSE
it|mantua,IT,Mantua,IT-MN,FALSE
it|provincia di mantova,IT,Provincia di Mantova,IT-MN,FALSE
it|provincia di massa-carrara,IT,Provincia di Massa-Carrara,IT-MS,FALSE
it|basilicate,IT,Basilicate,IT-MT,FALSE
it|lucania,IT,Lucania,IT-MT,FALSE
it|provincia di matera,IT,Provincia di Matera,IT-MT,FALSE
it|provincia di medio campidano,IT,Provincia di Medio Campidano,IT-VS,FALSE
it|provincia di messina,IT,Provincia di Messina,IT-ME,FALSE
it|milan,IT,Milan,IT-MI,FALSE
it|provincia di milano,IT,Provincia di Milano,IT-MI,FALSE
it|provincia di modena,IT,Provincia di Modena,IT-MO,FALSE
it|monza and brianza,IT,Monza and Brianza,IT-MB,FALSE
it|provincia di monza e brianza,IT,Provincia di Monza e Brianza,IT-MB,FALSE
it|province of monza and brianza,IT,Province of Monza and Brianza,IT-MB,FALSE
it|naples,IT,Naples,IT-NA,FALSE
it|provincia di napoli,IT,Provincia di Napoli,IT-NA,FALSE
it|provincia di novara,IT,Provincia di Novara,IT-NO,FALSE
it|provincia di nuoro,IT,Provincia di Nuoro,IT-NU,FALSE
it|provincia di ogliastra,IT,Provincia di Ogliastra,IT-OG,FALSE
it|provincia di olbia-tempio,IT,Provincia di Olbia-Tempio,IT-OT,FALSE
it|oristano,IT,Oristano,IT-OR,FALSE
it|provincia di oristano,IT,Provincia di Oristano,IT-OR,FALSE
it|padua,IT,Padua,IT-PD,FALSE
it|provincia di padova,IT,Provincia di Padova,IT-PD,FALSE
it|provincia di palermo,IT,Provincia di Palermo,IT-PA,FALSE
it|provincia di parma,IT,Provincia di Parma,IT-PR,FALSE
it|provincia di pavia,IT,Provincia di Pavia,IT-PV,FALSE
it|ombrie,IT,Ombrie,IT-PG,FALSE
it|umbrien,IT,Umbrien,IT-PG,FALSE
it|provincia di perugia,IT,Provincia di Perugia,IT-PG,FALSE
it|pesaro and urbino,IT,Pesaro and Urbino,IT-PU,FALSE
it|provincia di pesaro e urbino,IT,Provincia di Pesaro e Urbino,IT-PU,FALSE
it|provincia di pescara,IT,Provincia di Pescara,IT-PE,FALSE
it|provincia di piacenza,IT,Provincia di Piacenza,IT-PC,FALSE
it|provincia di pisa,IT,Provincia di Pisa,IT-PI,FALSE
it|provincia di pistoia,IT,Provincia di Pistoia,IT-PT,FALSE
it|provincia di pordenone,IT,Provincia di Pordenone,IT-PN,FALSE
it|provincia di potenza,IT,Provincia di Potenza,IT-PZ,FALSE
it|provincia di prato,IT,Provincia di Prato,IT-PO,FALSE
it|provincia di ragusa,IT,Provincia di Ragusa,IT-RG,FALSE
it|provincia di ravenna,IT,Provincia di Ravenna,IT-RA,FALSE
it|provincia di reggio calabria,IT,Provincia di Reggio Calabria,IT-RC,FALSE
it|provincia di reggio emilia,IT,Provincia di Reggio Emilia,IT-RE,FALSE
it|provincia di rieti,IT,Provincia di Rieti,IT-RI,FALSE
it|provincia di rimini,IT,Provincia di Rimini,IT-RN,FALSE
it|rome,IT,Rome,IT-RM,FALSE
it|provincia di roma,IT,Provincia di Roma,IT-RM,FALSE
it|provincia di rovigo,IT,Provincia di Rovigo,IT-RO,FALSE
it|provincia di salerno,IT,Provincia di Salerno,IT-SA,FALSE
it|provincia di sassari,IT,Provincia di Sassari,IT-SS,FALSE
it|provincia di savona,IT,Provincia di Savona,IT-SV,FALSE
it|provincia di siena,IT,Provincia di Siena,IT-SI,FALSE
it|syracuse,IT,Syracuse,IT-SR,FALSE
it|provincia di siracusa,IT,Provincia di Siracusa,IT-SR,FALSE
it|provincia di sondrio,IT,Provincia di Sondrio,IT-SO,FALSE
it|provincia di taranto,IT,Provincia di Taranto,IT-TA,FALSE
it|provincia di teramo,IT,Provincia di Teramo,IT-TE,FALSE
it|provincia di terni,IT,Provincia di Terni,IT-TR,FALSE
it|provincia di trapani,IT,Provincia di Trapani,IT-TP,FALSE
it|trentino,IT,Trentino,IT-TN,FALSE
it|provincia di trento,IT,Provincia di Trento,IT-TN,FALSE
it|provincia di treviso,IT,Provincia di Treviso,IT-TV,FALSE
it|provincia di trieste,IT,Provincia di Trieste,IT-TS,FALSE
it|torino,IT,Torino,IT-TO,FALSE
it|provincia di torino,IT,Provincia di Torino,IT-TO,FALSE
it|provincia di udine,IT,Provincia di Udine,IT-UD,FALSE
it|provincia di varese,IT,Provincia di Varese,IT-VA,FALSE
it|venice,IT,Venice,IT-VE,FALSE
it|provincia di venezia,IT,Provincia di Venezia,IT-VE,FALSE
it|provincia verbano-cusio-ossola,IT,Provincia Verbano-Cusio-Ossola,IT-VB,FALSE
it|provincia di vercelli,IT,Provincia di Vercelli,IT-VC,FALSE
it|provincia di verona,IT,Provincia di Verona,IT-VR,FALSE
it|provincia di vibo-valentia,IT,Provincia di Vibo-Valentia,IT-VV,FALSE
it|provincia di vicenza,IT,Provincia di Vicenza,IT-VI,FALSE
it|provincia di viterbo,IT,Provincia di Viterbo,IT-VT,FALSE
jm|parish of clarendon,JM,Parish of Clarendon,JM-13,FALSE
jm|parish of hanover,JM,Parish of Hanover,JM-09,FALSE
jm|kingston and port royal,JM,Kingston and Port Royal,JM-01,FALSE
jm|parish of kingston,JM,Parish of Kingston,JM-01,FALSE
jm|parish of manchester,JM,Parish of Manchester,JM-12,FALSE
jm|parish of portland,JM,Parish of Portland,JM-04,FALSE
jm|parish of saint andrew,JM,Parish of Saint Andrew,JM-02,FALSE
jm|parish of saint ann,JM,Parish of Saint Ann,JM-06,FALSE
jm|parish of saint catherine,JM,Parish of Saint Catherine,JM-14,FALSE
jm|parish of saint elizabeth,JM,Parish of Saint Elizabeth,JM-11,FALSE
jm|parish of saint james,JM,Parish of Saint James,JM-08,FALSE
jm|parish of saint mary,JM,Parish of Saint Mary,JM-05,FALSE
jm|parish of saint thomas,JM,Parish of Saint Thomas,JM-03,FALSE
jm|parish of trelawny,JM,Parish of Trelawny,JM-07,FALSE
jm|parish of westmoreland,JM,Parish of Westmoreland,JM-10,FALSE
jo|ajloun,JO,Ajloun,JO-AJ,FALSE
jo|ajloan,JO,Ajloan,JO-AJ,FALSE
jo|`ajlun,JO,`Ajlun,JO-AJ,FALSE
jo|'ajlun,JO,'Ajlun,JO-AJ,FALSE
jo|muhafazat `ajlun,JO,Muhafazat `Ajlun,JO-AJ,FALSE
jo|muhafazat 'ajlun,JO,Muhafazat 'Ajlun,JO-AJ,FALSE
jo|muhafazat ajlun,JO,Muhafazat Ajlun,JO-AJ,FALSE
jo|ama,JO,Ama,JO-AM,FALSE
jo|muhafazat `amman,JO,Muhafazat `Amman,JO-AM,FALSE
jo|muhafazat 'amman,JO,Muhafazat 'Amman,JO-AM,FALSE
jo|muhafazat amman,JO,Muhafazat Amman,JO-AM,FALSE
jo|al `aqabah,JO,Al `Aqabah,JO-AQ,FALSE
jo|al 'aqabah,JO,Al 'Aqabah,JO-AQ,FALSE
jo|al aqabah,JO,Al Aqabah,JO-AQ,FALSE
jo|muhafazat al `aqabah,JO,Muhafazat al `Aqabah,JO-AQ,FALSE
jo|muhafazat al 'aqabah,JO,Muhafazat al 'Aqabah,JO-AQ,FALSE
jo|muhafazat al aqabah,JO,Muhafazat al Aqabah,JO-AQ,FALSE
jo|al balqa',JO,Al Balqa',JO-BA,FALSE
jo|al balqa,JO,Al Balqa,JO-BA,FALSE
jo|balka,JO,Balka,JO-BA,FALSE
jo|belga,JO,Belga,JO-BA,FALSE
jo|muhafazat al balqa',JO,Muhafazat al Balqa',JO-BA,FALSE
jo|muhafazat al balqa,JO,Muhafazat al Balqa,JO-BA,FALSE
jo|jerash,JO,Jerash,JO-JA,FALSE
jo|al karak,JO,Al Karak,JO-KA,FALSE
jo|kerak,JO,Kerak,JO-KA,FALSE
jo|ma'an,JO,Ma'an,JO-MN,FALSE
jo|maan,JO,Maan,JO-MN,FALSE
jo|muhafazat ma`an,JO,Muhafazat Ma`an,JO-MN,FALSE
jo|muhafazat ma'an,JO,Muhafazat Ma'an,JO-MN,FALSE
jo|muhafazat maan,JO,Muhafazat Maan,JO-MN,FALSE
jo|muhafazat madaba,JO,Muhafazat Madaba,JO-MD,FALSE
jo|al mafraq,JO,Al Mafraq,JO-MA,FALSE
jo|at tafilah,JO,At Tafilah,JO-AT,FALSE
jo|tafela,JO,Tafela,JO-AT,FALSE
jo|tafileh,JO,Tafileh,JO-AT,FALSE
jo|muhafazat at tafilah,JO,Muhafazat at Tafilah,JO-AT,FALSE
jo|az zarqa',JO,Az Zarqa',JO-AZ,FALSE
jo|az zarqa,JO,Az Zarqa,JO-AZ,FALSE
jo|muhafazat az zarqa',JO,Muhafazat az Zarqa',JO-AZ,FALSE
jo|muhafazat az zarqa,JO,Muhafazat az Zarqa,JO-AZ,FALSE
jp|aichi prefecture,JP,Aichi Prefecture,JP-23,FALSE
jp|aiti,JP,Aiti,JP-23,FALSE
jp|aichi-ken,JP,Aichi-ken,JP-23,FALSE
jp|akita prefecture,JP,Akita Prefecture,JP-05,FALSE
jp|akita-ken,JP,Akita-ken,JP-05,FALSE
jp|aomori prefecture,JP,Aomori Prefecture,JP-02,FALSE
jp|aomori-ken,JP,Aomori-ken,JP-02,FALSE
jp|chiba prefecture,JP,Chiba Prefecture,JP-12,FALSE
jp|tiba,JP,Tiba,JP-12,FALSE
jp|tsiba,JP,Tsiba,JP-12,FALSE
jp|chiba-ken,JP,Chiba-ken,JP-12,FALSE
jp|ehime prefecture,JP,Ehime Prefecture,JP-38,FALSE
jp|ehime-ken,JP,Ehime-ken,JP-38,FALSE
jp|fukui prefecture,JP,Fukui Prefecture,JP-18,FALSE
jp|hukui,JP,Hukui,JP-18,FALSE
jp|fukui-ken,JP,Fukui-ken,JP-18,FALSE
jp|fukuoka prefecture,JP,Fukuoka Prefecture,JP-40,FALSE
jp|hukuoka,JP,Hukuoka,JP-40,FALSE
jp|fukuoka-ken,JP,Fukuoka-ken,JP-40,FALSE
jp|fukushima prefecture,JP,Fukushima Prefecture,JP-07,FALSE
jp|hukusima,JP,Hukusima,JP-07,FALSE
jp|fukushima-ken,JP,Fukushima-ken,JP-07,FALSE
jp|gifu prefecture,JP,Gifu Prefecture,JP-21,FALSE
jp|gihu,JP,Gihu,JP-21,FALSE
jp|gifu-ken,JP,Gifu-ken,JP-21,FALSE
jp|gunma prefecture,JP,Gunma Prefecture,JP-10,FALSE
jp|gunma-ken,JP,Gunma-ken,JP-10,FALSE
jp|hiroshima prefecture,JP,Hiroshima Prefecture,JP-34,FALSE
jp|hirosima,JP,Hirosima,JP-34,FALSE
jp|hiroshima-ken,JP,Hiroshima-ken,JP-34,FALSE
jp|hokkaido,JP,Hokkaido,JP-01,FALSE
jp|ezo,JP,Ezo,JP-01,FALSE
jp|yeso,JP,Yeso,JP-01,FALSE
jp|yezo,JP,Yezo,JP-01,FALSE
jp|hyogo,JP,Hyogo,JP-28,FALSE
jp|hyōgo prefecture,JP,Hyōgo Prefecture,JP-28,FALSE
jp|hyogo prefecture,JP,Hyogo Prefecture,JP-28,FALSE
jp|hiogo,JP,Hiogo,JP-28,FALSE
jp|hyogo-ken,JP,Hyogo-ken,JP-28,FALSE
jp|ibaraki prefecture,JP,Ibaraki Prefecture,JP-08,FALSE
jp|ibaraki-ken,JP,Ibaraki-ken,JP-08,FALSE
jp|ishikawa prefecture,JP,Ishikawa Prefecture,JP-17,FALSE
jp|isikawa,JP,Isikawa,JP-17,FALSE
jp|ishikawa-ken,JP,Ishikawa-ken,JP-17,FALSE
jp|iwate prefecture,JP,Iwate Prefecture,JP-03,FALSE
jp|iwate-ken,JP,Iwate-ken,JP-03,FALSE
jp|kagawa prefecture,JP,Kagawa Prefecture,JP-37,FALSE
jp|kagawa-ken,JP,Kagawa-ken,JP-37,FALSE
jp|kagoshima prefecture,JP,Kagoshima Prefecture,JP-46,FALSE
jp|kagoshima-ken,JP,Kagoshima-ken,JP-46,FALSE
jp|kanagawa prefecture,JP,Kanagawa Prefecture,JP-14,FALSE
jp|kanagawa-ken,JP,Kanagawa-ken,JP-14,FALSE
jp|kochi,JP,Kochi,JP-39,FALSE
jp|kōchi prefecture,JP,Kōchi Prefecture,JP-39,FALSE
jp|kochi prefecture,JP,Kochi Prefecture,JP-39,FALSE
jp|koti,JP,Koti,JP-39,FALSE
jp|kochi-ken,JP,Kochi-ken,JP-39,FALSE
jp|kumamoto prefecture,JP,Kumamoto Prefecture,JP-43,FALSE
jp|kumamoto-ken,JP,Kumamoto-ken,JP-43,FALSE
jp|kyoto,JP,Kyoto,JP-26,FALSE
jp|kyōto prefecture,JP,Kyōto Prefecture,JP-26,FALSE
jp|kyoto prefecture,JP,Kyoto Prefecture,JP-26,FALSE
jp|kioto,JP,Kioto,JP-26,FALSE
jp|kyoto-fu,JP,Kyoto-fu,JP-26,FALSE
jp|mie prefecture,JP,Mie Prefecture,JP-24,FALSE
jp|miye,JP,Miye,JP-24,FALSE
jp|mie-ken,JP,Mie-ken,JP-24,FALSE
jp|miyagi prefecture,JP,Miyagi Prefecture,JP-04,FALSE
jp|miyagi ken,JP,Miyagi Ken,JP-04,FALSE
jp|miyazaki prefecture,JP,Miyazaki Prefecture,JP-45,FALSE
jp|miyazaki-ken,JP,Miyazaki-ken,JP-45,FALSE
jp|nagano prefecture,JP,Nagano Prefecture,JP-20,FALSE
jp|nagano-ken,JP,Nagano-ken,JP-20,FALSE
jp|nagasaki prefecture,JP,Nagasaki Prefecture,JP-42,FALSE
jp|nagasaki-ken,JP,Nagasaki-ken,JP-42,FALSE
jp|nara prefecture,JP,Nara Prefecture,JP-29,FALSE
jp|nara-ken,JP,Nara-ken,JP-29,FALSE
jp|niigata prefecture,JP,Niigata Prefecture,JP-15,FALSE
jp|niigata-ken,JP,Niigata-ken,JP-15,FALSE
jp|oita,JP,Oita,JP-44,FALSE
jp|ōita prefecture,JP,Ōita Prefecture,JP-44,FALSE
jp|oita prefecture,JP,Oita Prefecture,JP-44,FALSE
jp|oita-ken,JP,Oita-ken,JP-44,FALSE
jp|okayama prefecture,JP,Okayama Prefecture,JP-33,FALSE
jp|okayama-ken,JP,Okayama-ken,JP-33,FALSE
jp|okinawa prefecture,JP,Okinawa Prefecture,JP-47,FALSE
jp|okinawa-ken,JP,Okinawa-ken,JP-47,FALSE
jp|osaka,JP,Osaka,JP-27,FALSE
jp|ōsaka prefecture,JP,Ōsaka Prefecture,JP-27,FALSE
jp|osaka prefecture,JP,Osaka Prefecture,JP-27,FALSE
jp|osaka-fu,JP,Osaka-fu,JP-27,FALSE
jp|saga prefecture,JP,Saga Prefecture,JP-41,FALSE
jp|saga-ken,JP,Saga-ken,JP-41,FALSE
jp|saitama prefecture,JP,Saitama Prefecture,JP-11,FALSE
jp|saitama-ken,JP,Saitama-ken,JP-11,FALSE
jp|shiga prefecture,JP,Shiga Prefecture,JP-25,FALSE
jp|siga,JP,Siga,JP-25,FALSE
jp|shiga-ken,JP,Shiga-ken,JP-25,FALSE
jp|shimane prefecture,JP,Shimane Prefecture,JP-32,FALSE
jp|simane,JP,Simane,JP-32,FALSE
jp|shimane-ken,JP,Shimane-ken,JP-32,FALSE
jp|shizuoka prefecture,JP,Shizuoka Prefecture,JP-22,FALSE
jp|sizuoka,JP,Sizuoka,JP-22,FALSE
jp|shizuoka-ken,JP,Shizuoka-ken,JP-22,FALSE
jp|tochigi prefecture,JP,Tochigi Prefecture,JP-09,FALSE
jp|totigi,JP,Totigi,JP-09,FALSE
jp|tochigi-ken,JP,Tochigi-ken,JP-09,FALSE
jp|tokushima prefecture,JP,Tokushima Prefecture,JP-36,FALSE
jp|tokusima,JP,Tokusima,JP-36,FALSE
jp|tokushima-ken,JP,Tokushima-ken,JP-36,FALSE
jp|edo,JP,Edo,JP-13,FALSE
jp|yedo,JP,Yedo,JP-13,FALSE
jp|tokio,JP,Tokio,JP-13,FALSE
jp|t¢quio,JP,T¢quio,JP-13,FALSE
jp|tokyo-to,JP,Tokyo-to,JP-13,FALSE
jp|tottori prefecture,JP,Tottori Prefecture,JP-31,FALSE
jp|tottori-ken,JP,Tottori-ken,JP-31,FALSE
jp|toyama prefecture,JP,Toyama Prefecture,JP-16,FALSE
jp|toyama-ken,JP,Toyama-ken,JP-16,FALSE
jp|wakayama prefecture,JP,Wakayama Prefecture,JP-30,FALSE
jp|wakayama-ken,JP,Wakayama-ken,JP-30,FALSE
jp|yamagata prefecture,JP,Yamagata Prefecture,JP-06,FALSE
jp|yamagata-ken,JP,Yamagata-ken,JP-06,FALSE
jp|yamaguchi prefecture,JP,Yamaguchi Prefecture,JP-35,FALSE
jp|yamaguti,JP,Yamaguti,JP-35,FALSE
jp|yamaguchi-ken,JP,Yamaguchi-ken,JP-35,FALSE
jp|yamanashi prefecture,JP,Yamanashi Prefecture,JP-19,FALSE
jp|yamanasi,JP,Yamanasi,JP-19,FALSE
jp|yamanashi-ken,JP,Yamanashi-ken,JP-19,FALSE
ke|central province,KE,Central Province,KE-200,FALSE
ke|coast province,KE,Coast Province,KE-300,FALSE
ke|federal area,KE,Federal Area,KE-400,FALSE
ke|nairobi district,KE,Nairobi District,KE-400,FALSE
ke|masai district,KE,Masai District,KE-400,FALSE
ke|eastern province,KE,Eastern Province,KE-400,FALSE
ke|nairobi province,KE,Nairobi Province,KE-110,FALSE
ke|north eastern,KE,North Eastern,KE-500,FALSE
ke|north eastern province,KE,North Eastern Province,KE-500,FALSE
ke|nyanza province,KE,Nyanza Province,KE-600,FALSE
ke|rift valley province,KE,Rift Valley Province,KE-700,FALSE
ke|western province,KE,Western Province,KE-800,FALSE
kg|batken oblasty,KG,Batken Oblasty,KG-B,FALSE
kg|gorod bishkek,KG,Gorod Bishkek,KG-GB,FALSE
kg|chuy oblasty,KG,Chuy Oblasty,KG-C,FALSE
"kg|djalal-abad, dzhalal-abadskaya oblast'",KG,"Djalal-Abad, Dzhalal-Abadskaya Oblast'",KG-J,FALSE
"kg|djalal-abad, dzhalal-abadskaya oblast",KG,"Djalal-Abad, Dzhalal-Abadskaya Oblast",KG-J,FALSE
kg|žalal-abad,KG,Žalal-Abad,KG-J,FALSE
kg|zalal-abad,KG,Zalal-Abad,KG-J,FALSE
kg|jalal-abad oblasty,KG,Jalal-Abad Oblasty,KG-J,FALSE
"kg|tien-shanskaya oblast', tyan'-shan'",KG,"Tien-Shanskaya Oblast', Tyan'-Shan'",KG-N,FALSE
"kg|tien-shanskaya oblast, tyan-shan",KG,"Tien-Shanskaya Oblast, Tyan-Shan",KG-N,FALSE
kg|naryn oblasty,KG,Naryn Oblasty,KG-N,FALSE
kg|osh oblasty,KG,Osh Oblasty,KG-O,FALSE
kg|talas oblasty,KG,Talas Oblasty,KG-T,FALSE
kg|ysyk-kol,KG,Ysyk-Kol,KG-Y,FALSE
kg|issyk-kul,KG,Issyk-Kul,KG-Y,FALSE
"kg|issyk-kul, issyk-kul'skaya oblast'",KG,"Issyk-Kul, Issyk-Kul'skaya Oblast'",KG-Y,FALSE
"kg|issyk-kul, issyk-kulskaya oblast",KG,"Issyk-Kul, Issyk-Kulskaya Oblast",KG-Y,FALSE
kg|issyk-kul'skaya oblast',KG,Issyk-Kul'skaya Oblast',KG-Y,FALSE
kg|issyk-kulskaya oblast,KG,Issyk-Kulskaya Oblast,KG-Y,FALSE
kh|banteay meanchey,KH,Banteay Meanchey,KH-1,FALSE
kh|banteay mean cheay,KH,Banteay Mean Cheay,KH-1,FALSE
kh|khett banteay mean choay,KH,Khett Banteay Mean Choay,KH-1,FALSE
kh|batdambang,KH,Batdambang,KH-2,FALSE
kh|battambang,KH,Battambang,KH-2,FALSE
kh|baat dambang,KH,Baat Dambang,KH-2,FALSE
kh|bat dâm bâng,KH,Bat Dâm Bâng,KH-2,FALSE
kh|bat dam bang,KH,Bat Dam Bang,KH-2,FALSE
kh|khett batdambang,KH,Khett Batdambang,KH-2,FALSE
kh|kampong cham,KH,Kampong Cham,KH-3,FALSE
kh|kampong chaam,KH,Kampong Chaam,KH-3,FALSE
kh|kompong cham,KH,Kompong Cham,KH-3,FALSE
kh|khett kampong cham,KH,Khett Kampong Cham,KH-3,FALSE
kh|kampong chhnang,KH,Kampong Chhnang,KH-4,FALSE
kh|kompong chnang,KH,Kompong Chnang,KH-4,FALSE
kh|khett kampong chhnang,KH,Khett Kampong Chhnang,KH-4,FALSE
kh|kampong spoe,KH,Kampong Spoe,KH-5,FALSE
kh|kam,KH,Kam,KH-5,FALSE
kh|kampong speu,KH,Kampong Speu,KH-5,FALSE
kh|kompong speu,KH,Kompong Speu,KH-5,FALSE
kh|kompong spueu,KH,Kompong Spueu,KH-5,FALSE
kh|khett kampong spoe,KH,Khett Kampong Spoe,KH-5,FALSE
kh|kampong thum,KH,Kampong Thum,KH-6,FALSE
kh|kampong thom,KH,Kampong Thom,KH-6,FALSE
kh|kompong thom,KH,Kompong Thom,KH-6,FALSE
kh|khett kampong thum,KH,Khett Kampong Thum,KH-6,FALSE
kh|kampot,KH,Kampot,KH-7,FALSE
kh|khett kampot,KH,Khett Kampot,KH-7,FALSE
kh|kandal,KH,Kandal,KH-8,FALSE
kh|kandaal,KH,Kandaal,KH-8,FALSE
kh|khett kandal,KH,Khett Kandal,KH-8,FALSE
kh|kaoh kong,KH,Kaoh Kong,KH-9,FALSE
kh|koh kong,KH,Koh Kong,KH-9,FALSE
kh|khett kaoh kong,KH,Khett Kaoh Kong,KH-9,FALSE
kh|keb,KH,Keb,KH-23,FALSE
kh|kracheh,KH,Kracheh,KH-10,FALSE
kh|kratié,KH,Kratié,KH-10,FALSE
kh|kratie,KH,Kratie,KH-10,FALSE
kh|kratiê,KH,Kratiê,KH-10,FALSE
kh|krâ chéh,KH,Krâ Chéh,KH-10,FALSE
kh|kra cheh,KH,Kra Cheh,KH-10,FALSE
kh|krachen,KH,Krachen,KH-10,FALSE
kh|khett kracheh,KH,Khett Kracheh,KH-10,FALSE
kh|pailin,KH,Pailin,KH-24,FALSE
kh|sihanoukville,KH,Sihanoukville,KH-18,FALSE
kh|kampong som,KH,Kampong Som,KH-18,FALSE
kh|kampong saom,KH,Kampong Saom,KH-18,FALSE
kh|khett preah seihanu,KH,Khett Preah Seihanu,KH-18,FALSE
kh|mondol kiri,KH,Mondol Kiri,KH-11,FALSE
kh|mondulkiri,KH,Mondulkiri,KH-11,FALSE
kh|mondul kiri,KH,Mondul Kiri,KH-11,FALSE
kh|mondolkiri,KH,Mondolkiri,KH-11,FALSE
kh|môndul kiri,KH,Môndul Kiri,KH-11,FALSE
kh|khett mondol kiri,KH,Khett Mondol Kiri,KH-11,FALSE
kh|oddar meanchey,KH,Oddar Meanchey,KH-22,FALSE
kh|oddâr méanchey,KH,Oddâr Méanchey,KH-22,FALSE
kh|otar meanchey,KH,Otar Meanchey,KH-22,FALSE
kh|phnum pénh,KH,Phnum Pénh,KH-12,FALSE
kh|phnum penh,KH,Phnum Penh,KH-12,FALSE
kh|pursat,KH,Pursat,KH-15,FALSE
kh|khett pouthisat,KH,Khett Pouthisat,KH-15,FALSE
kh|preah vihear,KH,Preah Vihear,KH-13,FALSE
kh|khett preah vihear,KH,Khett Preah Vihear,KH-13,FALSE
kh|prey veng,KH,Prey Veng,KH-14,FALSE
kh|prey veaeng,KH,Prey Veaeng,KH-14,FALSE
kh|khett prey veng,KH,Khett Prey Veng,KH-14,FALSE
kh|rotanokiri,KH,Rotanokiri,KH-16,FALSE
kh|ratanakiri,KH,Ratanakiri,KH-16,FALSE
kh|ratana kiri,KH,Ratana Kiri,KH-16,FALSE
kh|râtanakiri,KH,Râtanakiri,KH-16,FALSE
kh|rotanah kiri,KH,Rotanah Kiri,KH-16,FALSE
kh|rotanak kiri,KH,Rotanak Kiri,KH-16,FALSE
kh|khett rotanokiri,KH,Khett Rotanokiri,KH-16,FALSE
kh|siemreab,KH,Siemreab,KH-17,FALSE
kh|siem reap,KH,Siem Reap,KH-17,FALSE
kh|siem reab,KH,Siem Reab,KH-17,FALSE
kh|siem réab,KH,Siem Réab,KH-17,FALSE
kh|siemreap,KH,Siemreap,KH-17,FALSE
kh|khett siem reab,KH,Khett Siem Reab,KH-17,FALSE
kh|stoeng treng,KH,Stoeng Treng,KH-19,FALSE
kh|stung treng,KH,Stung Treng,KH-19,FALSE
kh|stueng traeng,KH,Stueng Traeng,KH-19,FALSE
kh|khett stoeng treng,KH,Khett Stoeng Treng,KH-19,FALSE
kh|soairieng,KH,Soairieng,KH-20,FALSE
kh|svaay rieng,KH,Svaay Rieng,KH-20,FALSE
kh|khett svay rieng,KH,Khett Svay Rieng,KH-20,FALSE
kh|takev,KH,Takev,KH-21,FALSE
kh|takéo,KH,Takéo,KH-21,FALSE
kh|takeo,KH,Takeo,KH-21,FALSE
kh|taakaev,KH,Taakaev,KH-21,FALSE
kh|takaev,KH,Takaev,KH-21,FALSE
kh|khett takev,KH,Khett Takev,KH-21,FALSE
km|andjazidja,KM,Andjazidja,KM-G,FALSE
km|anjazījah,KM,Anjazījah,KM-G,FALSE
km|anjazijah,KM,Anjazijah,KM-G,FALSE
km|grande comore,KM,Grande Comore,KM-G,FALSE
km|ngazidja,KM,Ngazidja,KM-G,FALSE
km|andjouan,KM,Andjouan,KM-A,FALSE
km|anjouan,KM,Anjouan,KM-A,FALSE
km|anjwān,KM,Anjwān,KM-A,FALSE
km|anjwan,KM,Anjwan,KM-A,FALSE
km|ndzuwani,KM,Ndzuwani,KM-A,FALSE
km|mouhili,KM,Mouhili,KM-M,FALSE
km|mohéli,KM,Mohéli,KM-M,FALSE
km|moheli,KM,Moheli,KM-M,FALSE
km|mūhīlī,KM,Mūhīlī,KM-M,FALSE
km|muhili,KM,Muhili,KM-M,FALSE
km|mwali,KM,Mwali,KM-M,FALSE
kn|saint john capisterre,KN,Saint John Capisterre,KN-06,FALSE
kn|saint paul capisterre,KN,Saint Paul Capisterre,KN-09,FALSE
kp|chagang,KP,Chagang,KP-04,FALSE
kp|changang,KP,Changang,KP-04,FALSE
kp|jagang,KP,Jagang,KP-04,FALSE
kp|hamgyong-bukto,KP,Hamgyong-bukto,KP-09,FALSE
kp|north hamgyong,KP,North Hamgyong,KP-09,FALSE
kp|kankyo hoku-do,KP,Kankyo Hoku-do,KP-09,FALSE
kp|hambuk,KP,Hambuk,KP-09,FALSE
kp|hamgyong-namdo,KP,Hamgyong-namdo,KP-08,FALSE
kp|south hamgyong,KP,South Hamgyong,KP-08,FALSE
kp|kankyo nan-do,KP,Kankyo Nan-do,KP-08,FALSE
kp|hamnam,KP,Hamnam,KP-08,FALSE
kp|north hwanghae,KP,North Hwanghae,KP-06,FALSE
kp|north hwanghai,KP,North Hwanghai,KP-06,FALSE
kp|south hwanghae,KP,South Hwanghae,KP-05,FALSE
kp|south hwanghai,KP,South Hwanghai,KP-05,FALSE
kp|kangwon-do,KP,Kangwon-do,KP-07,FALSE
kp|kangwon,KP,Kangwon,KP-07,FALSE
kp|kogen-do,KP,Kogen-do,KP-07,FALSE
kp|north kangwon,KP,North Kangwon,KP-07,FALSE
kp|p'yongan-bukto,KP,P'yongan-bukto,KP-03,FALSE
kp|pyŏngan-bukto,KP,Pyŏngan-bukto,KP-03,FALSE
kp|pyongan-bukto,KP,Pyongan-bukto,KP-03,FALSE
kp|north pyongan,KP,North Pyongan,KP-03,FALSE
kp|heian hoku-do,KP,Heian Hoku-do,KP-03,FALSE
kp|p'yongan-namdo,KP,P'yongan-namdo,KP-02,FALSE
kp|pyŏngan-namdo,KP,Pyŏngan-namdo,KP-02,FALSE
kp|pyongan-namdo,KP,Pyongan-namdo,KP-02,FALSE
kp|south pyongan,KP,South Pyongan,KP-02,FALSE
kp|heian nan-do,KP,Heian Nan-do,KP-02,FALSE
kp|p'yongyang,KP,P'yongyang,KP-01,FALSE
kp|pyŏngyang,KP,Pyŏngyang,KP-01,FALSE
kp|pyongyang,KP,Pyongyang,KP-01,FALSE
kp|pjöngjang,KP,Pjöngjang,KP-01,FALSE
kp|pjongjang,KP,Pjongjang,KP-01,FALSE
kp|p'yŏngyang-tŭkpyŏlsi,KP,P'yŏngyang-tŭkpyŏlsi,KP-01,FALSE
kp|p'yongyang-tukpyolsi,KP,P'yongyang-tukpyolsi,KP-01,FALSE
kp|pyŏngyang-tŭkpyŏlsi,KP,Pyŏngyang-tŭkpyŏlsi,KP-01,FALSE
kp|pyongyang-tukpyolsi,KP,Pyongyang-tukpyolsi,KP-01,FALSE
kp|p'yongyang-si,KP,P'yongyang-si,KP-01,FALSE
kp|pyongyang-si,KP,Pyongyang-si,KP-01,FALSE
kp|rason,KP,Rason,KP-13,FALSE
kp|najin sŏnbong-si,KP,Najin Sŏnbong-si,KP-13,FALSE
kp|najin sonbong-si,KP,Najin Sonbong-si,KP-13,FALSE
kp|nason-si,KP,Nason-si,KP-13,FALSE
kp|yanggang,KP,Yanggang,KP-10,FALSE
kp|ryanggang-do,KP,Ryanggang-do,KP-10,FALSE
kp|yanggang-do,KP,Yanggang-do,KP-10,FALSE
kr|pusan,KR,Pusan,KR-26,FALSE
kr|busan gwang'yeogsi,KR,Busan Gwang'yeogsi,KR-26,FALSE
kr|busan gwangyeogsi,KR,Busan Gwangyeogsi,KR-26,FALSE
kr|pusan-gwangyoksi,KR,Pusan-gwangyoksi,KR-26,FALSE
kr|fusan,KR,Fusan,KR-26,FALSE
kr|taegu,KR,Taegu,KR-27,FALSE
kr|daegu gwang'yeogsi,KR,Daegu Gwang'yeogsi,KR-27,FALSE
kr|daegu gwangyeogsi,KR,Daegu Gwangyeogsi,KR-27,FALSE
kr|taegu-gwangyoksi,KR,Taegu-gwangyoksi,KR-27,FALSE
kr|taikyu,KR,Taikyu,KR-27,FALSE
kr|daejeon gwang'yeogsi,KR,Daejeon Gwang'yeogsi,KR-30,FALSE
kr|daejeon gwangyeogsi,KR,Daejeon Gwangyeogsi,KR-30,FALSE
kr|taejŏn-gwangyŏksi,KR,Taejŏn-gwangyŏksi,KR-30,FALSE
kr|taejon-gwangyoksi,KR,Taejon-gwangyoksi,KR-30,FALSE
kr|taiden,KR,Taiden,KR-30,FALSE
kr|kang-won-do,KR,Kang-Won-Do,KR-42,FALSE
kr|gang'weondo,KR,Gang'weondo,KR-42,FALSE
kr|gangweondo,KR,Gangweondo,KR-42,FALSE
kr|kangwon-do,KR,Kangwon-do,KR-42,FALSE
kr|kogen-do,KR,Kogen-do,KR-42,FALSE
kr|south kangwon,KR,South Kangwon,KR-42,FALSE
kr|gangwon-do,KR,Gangwon-do,KR-42,FALSE
kr|kwangju,KR,Kwangju,KR-29,FALSE
kr|kwangju-gwangyoksi,KR,Kwangju-gwangyoksi,KR-29,FALSE
kr|kyonggi-do,KR,Kyonggi-do,KR-41,FALSE
kr|keiki-do,KR,Keiki-do,KR-41,FALSE
kr|kyunggi,KR,Kyunggi,KR-41,FALSE
kr|gyeonggi-do,KR,Gyeonggi-do,KR-41,FALSE
kr|inchon,KR,Inchon,KR-28,FALSE
kr|iinch'on-gwangyoksi,KR,IInch'on-gwangyoksi,KR-28,FALSE
kr|iinchon-gwangyoksi,KR,IInchon-gwangyoksi,KR-28,FALSE
kr|jinsen,KR,Jinsen,KR-28,FALSE
kr|inch'on-gwangyoksi,KR,Inch'on-gwangyoksi,KR-28,FALSE
kr|inchon-gwangyoksi,KR,Inchon-gwangyoksi,KR-28,FALSE
kr|jeju-doquelpart,KR,Jeju-doQuelpart,KR-49,FALSE
kr|saishu-to,KR,Saishu-to,KR-49,FALSE
kr|cheju-do,KR,Cheju-do,KR-49,FALSE
kr|jeju-teukbyeoljachido,KR,Jeju-teukbyeoljachido,KR-49,FALSE
kr|chungchongbuk-do,KR,Chungchongbuk-Do,KR-43,FALSE
kr|chungcheongbugdo,KR,Chungcheongbugdo,KR-43,FALSE
kr|ch'ungch'ong-bukto,KR,Ch'ungch'ong-bukto,KR-43,FALSE
kr|chungchong-bukto,KR,Chungchong-bukto,KR-43,FALSE
kr|chusei hoku-do,KR,Chusei Hoku-do,KR-43,FALSE
kr|north chungchong,KR,North Chungchong,KR-43,FALSE
kr|chungcheongbuk-do,KR,Chungcheongbuk-do,KR-43,FALSE
kr|gyeongsangbuk-do,KR,Gyeongsangbuk-do,KR-47,FALSE
kr|chollabuk-do,KR,Chollabuk-Do,KR-45,FALSE
kr|cholla-bukto,KR,Cholla-bukto,KR-45,FALSE
kr|jeonrabugdo,KR,Jeonrabugdo,KR-45,FALSE
kr|north cholla,KR,North Cholla,KR-45,FALSE
kr|zenra hoku-do,KR,Zenra Hoku-do,KR-45,FALSE
kr|jeollabuk-do,KR,Jeollabuk-do,KR-45,FALSE
kr|keijo,KR,Keijo,KR-11,FALSE
kr|séoul,KR,Séoul,KR-11,FALSE
kr|seul,KR,Seul,KR-11,FALSE
kr|seúl,KR,Seúl,KR-11,FALSE
kr|söul,KR,Söul,KR-11,FALSE
kr|soul,KR,Soul,KR-11,FALSE
kr|soul-t'ukpyolsi,KR,Soul-t'ukpyolsi,KR-11,FALSE
kr|soul-tukpyolsi,KR,Soul-tukpyolsi,KR-11,FALSE
kr|seoul-teukbyeolsi,KR,Seoul-teukbyeolsi,KR-11,FALSE
kr|chungchongnam-do,KR,Chungchongnam-Do,KR-44,FALSE
kr|ch'ungch'ong-namdo,KR,Ch'ungch'ong-namdo,KR-44,FALSE
kr|chungchong-namdo,KR,Chungchong-namdo,KR-44,FALSE
kr|chusei nan-do,KR,Chusei Nan-do,KR-44,FALSE
kr|south chungchong,KR,South Chungchong,KR-44,FALSE
kr|chungcheongnam-do,KR,Chungcheongnam-do,KR-44,FALSE
kr|kyongsangnam-do,KR,Kyongsangnam-Do,KR-48,FALSE
kr|kyongsang-namdo,KR,Kyongsang-namdo,KR-48,FALSE
kr|keisho nan-do,KR,Keisho Nan-do,KR-48,FALSE
kr|south kyongsang,KR,South Kyongsang,KR-48,FALSE
kr|gyeongsangnam-do,KR,Gyeongsangnam-do,KR-48,FALSE
kr|jeollanam-do,KR,Jeollanam-do,KR-46,FALSE
kr|ulsan-gwangyoksi,KR,Ulsan-gwangyoksi,KR-31,FALSE
kw|muhafazat al ahmadi,KW,Muhafazat al Ahmadi,KW-AH,FALSE
kw|capital,KW,Capital,KW-KU,FALSE
"kw|capital, kuwait",KW,"Capital, Kuwait",KW-KU,FALSE
kw|muhafazat al `asimah,KW,Muhafazat al `Asimah,KW-KU,FALSE
kw|muhafazat al 'asimah,KW,Muhafazat al 'Asimah,KW-KU,FALSE
kw|muhafazat al asimah,KW,Muhafazat al Asimah,KW-KU,FALSE
kw|farwaniya,KW,Farwaniya,KW-FA,FALSE
kw|muhafazat al farwaniyah,KW,Muhafazat al Farwaniyah,KW-FA,FALSE
kw|al jahra,KW,Al Jahra,KW-JA,FALSE
kw|jahra,KW,Jahra,KW-JA,FALSE
kw|muhafazat al jahra',KW,Muhafazat al Jahra',KW-JA,FALSE
kw|muhafazat al jahra,KW,Muhafazat al Jahra,KW-JA,FALSE
kw|hawally,KW,Hawally,KW-HA,FALSE
"kw|hawali, howali",KW,"Hawali, Howali",KW-HA,FALSE
kw|muhafazat hawalli,KW,Muhafazat Hawalli,KW-HA,FALSE
kw|muhafazat mubarak al kabir,KW,Muhafazat Mubarak al Kabir,KW-MU,FALSE
kz|almaty city,KZ,Almaty City,KZ-ALA,FALSE
kz|alma-ata,KZ,Alma-Ata,KZ-ALA,FALSE
kz|alma-atinskaya oblast',KZ,Alma-Atinskaya Oblast',KZ-ALA,FALSE
kz|alma-atinskaya oblast,KZ,Alma-Atinskaya Oblast,KZ-ALA,FALSE
kz|almatinskaya oblast',KZ,Almatinskaya Oblast',KZ-ALA,FALSE
kz|almatinskaya oblast,KZ,Almatinskaya Oblast,KZ-ALA,FALSE
kz|almaty oblysy,KZ,Almaty Oblysy,KZ-ALA,FALSE
kz|almaty qalasy,KZ,Almaty Qalasy,KZ-ALA,FALSE
kz|akmola,KZ,Akmola,KZ-AKM,FALSE
kz|akmolin,KZ,Akmolin,KZ-AKM,FALSE
kz|akmolinsk,KZ,Akmolinsk,KZ-AKM,FALSE
kz|tselinograd,KZ,Tselinograd,KZ-AKM,FALSE
kz|aqmola oblysy,KZ,Aqmola Oblysy,KZ-AKM,FALSE
kz|aqtobe,KZ,Aqtobe,KZ-AKT,FALSE
kz|aktobe,KZ,Aktobe,KZ-AKT,FALSE
kz|aktyubinsk,KZ,Aktyubinsk,KZ-AKT,FALSE
kz|aktyubinskaya oblast',KZ,Aktyubinskaya Oblast',KZ-AKT,FALSE
kz|aktyubinskaya oblast,KZ,Aktyubinskaya Oblast,KZ-AKT,FALSE
kz|nur-sultan,KZ,Nur-Sultan,KZ-AST,FALSE
kz|astana qalasy,KZ,Astana Qalasy,KZ-AST,FALSE
kz|ateransk,KZ,Ateransk,KZ-ATY,FALSE
kz|gur'yev,KZ,Gur'yev,KZ-ATY,FALSE
kz|guryev,KZ,Guryev,KZ-ATY,FALSE
kz|atyrau oblysy,KZ,Atyrau Oblysy,KZ-ATY,FALSE
kz|shyghys qazaqstan,KZ,Shyghys Qazaqstan,KZ-VOS,FALSE
kz|vostochno-kazakhstan,KZ,Vostochno-Kazakhstan,KZ-VOS,FALSE
kz|shyghys qazaqstan oblysy,KZ,Shyghys Qazaqstan Oblysy,KZ-VOS,FALSE
kz|mangystau,KZ,Mangystau,KZ-MAN,FALSE
kz|mangistau,KZ,Mangistau,KZ-MAN,FALSE
kz|mangyshlak,KZ,Mangyshlak,KZ-MAN,FALSE
kz|mangistauskaya oblast',KZ,Mangistauskaya Oblast',KZ-MAN,FALSE
kz|mangistauskaya oblast,KZ,Mangistauskaya Oblast,KZ-MAN,FALSE
kz|severo-kazakhstan,KZ,Severo-Kazakhstan,KZ-SEV,FALSE
kz|soltustik qazaqstan,KZ,Soltustik Qazaqstan,KZ-SEV,FALSE
kz|severo-kazakhstanskaya oblast',KZ,Severo-Kazakhstanskaya Oblast',KZ-SEV,FALSE
kz|severo-kazakhstanskaya oblast,KZ,Severo-Kazakhstanskaya Oblast,KZ-SEV,FALSE
kz|pavlodar oblysy,KZ,Pavlodar Oblysy,KZ-PAV,FALSE
kz|karaganda,KZ,Karaganda,KZ-KAR,FALSE
kz|karagandinskaya oblast',KZ,Karagandinskaya Oblast',KZ-KAR,FALSE
kz|karagandinskaya oblast,KZ,Karagandinskaya Oblast,KZ-KAR,FALSE
kz|qaraghandy oblysy,KZ,Qaraghandy Oblysy,KZ-KAR,FALSE
kz|kostanay,KZ,Kostanay,KZ-KUS,FALSE
kz|kustanai,KZ,Kustanai,KZ-KUS,FALSE
kz|kustanay,KZ,Kustanay,KZ-KUS,FALSE
kz|qostanay oblysy,KZ,Qostanay Oblysy,KZ-KUS,FALSE
kz|kyzylorda,KZ,Kyzylorda,KZ-KZY,FALSE
kz|kyzyl-orda,KZ,Kyzyl-Orda,KZ-KZY,FALSE
kz|kzyl-orda,KZ,Kzyl-Orda,KZ-KZY,FALSE
kz|kzyl-ordinskaya oblast',KZ,Kzyl-Ordinskaya Oblast',KZ-KZY,FALSE
kz|kzyl-ordinskaya oblast,KZ,Kzyl-Ordinskaya Oblast,KZ-KZY,FALSE
kz|qyzylorda oblysy,KZ,Qyzylorda Oblysy,KZ-KZY,FALSE
kz|turkistan,KZ,Turkistan,KZ-YUZ,FALSE
kz|chimkent,KZ,Chimkent,KZ-YUZ,FALSE
kz|yuzhno-kazakhstanskaya oblast',KZ,Yuzhno-Kazakhstanskaya Oblast',KZ-YUZ,FALSE
kz|yuzhno-kazakhstanskaya oblast,KZ,Yuzhno-Kazakhstanskaya Oblast,KZ-YUZ,FALSE
kz|ural'sk,KZ,Ural'sk,KZ-ZAP,FALSE
kz|uralsk,KZ,Uralsk,KZ-ZAP,FALSE
kz|batys qazaqstan oblysy,KZ,Batys Qazaqstan Oblysy,KZ-ZAP,FALSE
kz|jambyl,KZ,Jambyl,KZ-ZHA,FALSE
kz|dzhambul,KZ,Dzhambul,KZ-ZHA,FALSE
kz|zhambyl oblysy,KZ,Zhambyl Oblysy,KZ-ZHA,FALSE
la|attapeu,LA,Attapeu,LA-AT,FALSE
la|attopu,LA,Attopu,LA-AT,FALSE
la|atpu,LA,Atpu,LA-AT,FALSE
la|attopeu,LA,Attopeu,LA-AT,FALSE
la|muang mai,LA,Muang Mai,LA-AT,FALSE
la|khoueng bokeo,LA,Khoueng Bokeo,LA-BK,FALSE
la|bolikhamsai,LA,Bolikhamsai,LA-BL,FALSE
la|bolikhamxay,LA,Bolikhamxay,LA-BL,FALSE
la|borikhamzay,LA,Borikhamzay,LA-BL,FALSE
la|borikane,LA,Borikane,LA-BL,FALSE
la|borikhan,LA,Borikhan,LA-BL,FALSE
la|borikhane,LA,Borikhane,LA-BL,FALSE
la|bassac,LA,Bassac,LA-CH,FALSE
la|champassack,LA,Champassack,LA-CH,FALSE
la|champassak,LA,Champassak,LA-CH,FALSE
la|champassac,LA,Champassac,LA-CH,FALSE
la|khong,LA,Khong,LA-CH,FALSE
la|pakse,LA,Pakse,LA-CH,FALSE
la|houaphanh,LA,Houaphanh,LA-HO,FALSE
la|hua phan,LA,Hua Phan,LA-HO,FALSE
la|huaphanh,LA,Huaphanh,LA-HO,FALSE
la|sam neua,LA,Sam Neua,LA-HO,FALSE
la|xam nua,LA,Xam Nua,LA-HO,FALSE
la|khammouane,LA,Khammouane,LA-KH,FALSE
la|khammuan,LA,Khammuan,LA-KH,FALSE
la|luang namtha,LA,Luang Namtha,LA-LM,FALSE
la|haut-mekong,LA,Haut-Mekong,LA-LM,FALSE
la|luangnamtha,LA,Luangnamtha,LA-LM,FALSE
la|muong luang namtha,LA,Muong Luang Namtha,LA-LM,FALSE
la|namtha,LA,Namtha,LA-LM,FALSE
la|hiuakhong,LA,Hiuakhong,LA-LM,FALSE
la|houa kh,LA,Houa Kh,LA-LM,FALSE
la|louangnamtha,LA,Louangnamtha,LA-LM,FALSE
la|luang prabang,LA,Luang Prabang,LA-LP,FALSE
la|loang prabang,LA,Loang Prabang,LA-LP,FALSE
la|louangphabang,LA,Louangphabang,LA-LP,FALSE
la|louang prabang,LA,Louang Prabang,LA-LP,FALSE
la|luang phabang,LA,Luang Phabang,LA-LP,FALSE
la|luangphrabang,LA,Luangphrabang,LA-LP,FALSE
la|luang prabang province,LA,Luang Prabang Province,LA-LP,FALSE
la|oudomxai,LA,Oudomxai,LA-OU,FALSE
la|oudomxay,LA,Oudomxay,LA-OU,FALSE
la|oudomsai,LA,Oudomsai,LA-OU,FALSE
la|oudomsay,LA,Oudomsay,LA-OU,FALSE
la|udomxay,LA,UdomXay,LA-OU,FALSE
la|khoueng oudomxai,LA,Khoueng Oudomxai,LA-OU,FALSE
la|phongsali,LA,Phongsali,LA-PH,FALSE
la|phongsaly,LA,Phongsaly,LA-PH,FALSE
la|fong sali,LA,Fong Sali,LA-PH,FALSE
la|khoueng phongsali,LA,Khoueng Phongsali,LA-PH,FALSE
la|salavan,LA,Salavan,LA-SL,FALSE
la|salavane,LA,Salavane,LA-SL,FALSE
la|saravane,LA,Saravane,LA-SL,FALSE
la|savannakhet,LA,Savannakhet,LA-SV,FALSE
la|svannakhet,LA,Svannakhet,LA-SV,FALSE
la|khoueng savannakhet,LA,Khoueng Savannakhet,LA-SV,FALSE
la|vientiane [prefecture],LA,Vientiane [prefecture],LA-VI,FALSE
la|vientiane prefecture,LA,Vientiane Prefecture,LA-VI,FALSE
la|viangchan,LA,Viangchan,LA-VI,FALSE
la|kamphaeng nakhon viang chan,LA,Kamphaeng Nakhon Viang Chan,LA-VI,FALSE
la|sainyabuli,LA,Sainyabuli,LA-XA,FALSE
la|sayabouri,LA,Sayabouri,LA-XA,FALSE
la|sayaboury,LA,Sayaboury,LA-XA,FALSE
la|xaignabouli,LA,Xaignabouli,LA-XA,FALSE
la|xayabouri,LA,Xayabouri,LA-XA,FALSE
la|xayabury,LA,Xayabury,LA-XA,FALSE
la|xekong,LA,Xekong,LA-XE,FALSE
la|sekong,LA,Sekong,LA-XE,FALSE
la|khoueng xekong,LA,Khoueng Xekong,LA-XE,FALSE
la|xiangkhouang,LA,Xiangkhouang,LA-XI,FALSE
la|xiang khouang,LA,Xiang Khouang,LA-XI,FALSE
la|xieng khouang,LA,Xieng Khouang,LA-XI,FALSE
la|xiengkhuang,LA,Xiengkhuang,LA-XI,FALSE
la|xieng khwang,LA,Xieng Khwang,LA-XI,FALSE
lb|nabatieh,LB,Nabatieh,LB-NA,FALSE
lb|nabatîyé,LB,Nabatîyé,LB-NA,FALSE
lb|nabatiye,LB,Nabatiye,LB-NA,FALSE
lb|mohafazat nabatiye,LB,Mohafazat Nabatiye,LB-NA,FALSE
lb|bayrut,LB,Bayrut,LB-BA,FALSE
lb|beirute,LB,Beirute,LB-BA,FALSE
lb|beyrouth,LB,Beyrouth,LB-BA,FALSE
lb|bekaa,LB,Bekaa,LB-BI,FALSE
lb|el begaa,LB,El Begaa,LB-BI,FALSE
lb|béqaa,LB,Béqaa,LB-BI,FALSE
lb|la bekaa,LB,La Bekaa,LB-BI,FALSE
lb|mohafazat beqaa,LB,Mohafazat Beqaa,LB-BI,FALSE
lb|jabal lubnan,LB,Jabal Lubnan,LB-JL,FALSE
lb|mont-liban,LB,Mont-Liban,LB-JL,FALSE
lb|mohafazat mont-liban,LB,Mohafazat Mont-Liban,LB-JL,FALSE
lb|north,LB,North,LB-AS,FALSE
lb|ash shamal,LB,Ash Shamal,LB-AS,FALSE
lb|liban-nord,LB,Liban-Nord,LB-AS,FALSE
lb|mohafazat liban-nord,LB,Mohafazat Liban-Nord,LB-AS,FALSE
lb|south,LB,South,LB-JA,FALSE
lb|al janub,LB,Al Janub,LB-JA,FALSE
lb|liban-sud,LB,Liban-Sud,LB-JA,FALSE
lb|sayda,LB,Sayda,LB-JA,FALSE
lb|mohafazat liban-sud,LB,Mohafazat Liban-Sud,LB-JA,FALSE
lc|anse la raye quarter,LC,Anse la Raye Quarter,LC-01,FALSE
lc|quarter of anse-la-raye,LC,Quarter of Anse-la-Raye,LC-01,FALSE
lc|ansela-raye,LC,Ansela-Raye,LC-01,FALSE
lc|castries quarter,LC,Castries Quarter,LC-02,FALSE
lc|quarter of castries,LC,Quarter of Castries,LC-02,FALSE
lc|choiseul quarter,LC,Choiseul Quarter,LC-03,FALSE
lc|quarter of choiseul,LC,Quarter of Choiseul,LC-03,FALSE
lc|dauphin quarter,LC,Dauphin Quarter,LC-04,FALSE
lc|quarter of dauphin,LC,Quarter of Dauphin,LC-04,FALSE
lc|dennery quarter,LC,Dennery Quarter,LC-05,FALSE
lc|quarter of dennery,LC,Quarter of Dennery,LC-05,FALSE
lc|gros islet quarter,LC,Gros Islet Quarter,LC-06,FALSE
lc|quarter of gros-islet,LC,Quarter of Gros-Islet,LC-06,FALSE
lc|laborie quarter,LC,Laborie Quarter,LC-07,FALSE
lc|quarter of laborie,LC,Quarter of Laborie,LC-07,FALSE
lc|micoud quarter,LC,Micoud Quarter,LC-08,FALSE
lc|quarter of micoud,LC,Quarter of Micoud,LC-08,FALSE
lc|praslin quarter,LC,Praslin Quarter,LC-09,FALSE
lc|quarter of praslin,LC,Quarter of Praslin,LC-09,FALSE
lc|soufriere,LC,Soufriere,LC-10,FALSE
lc|soufrière quarter,LC,Soufrière Quarter,LC-10,FALSE
lc|soufriere quarter,LC,Soufriere Quarter,LC-10,FALSE
lc|quarter of soufriere,LC,Quarter of Soufriere,LC-10,FALSE
lc|vieux fort quarter,LC,Vieux Fort Quarter,LC-11,FALSE
lc|quarter of vieux-fort,LC,Quarter of Vieux-Fort,LC-11,FALSE
li|gemeinde gamprin,LI,Gemeinde Gamprin,LI-03,FALSE
lk|ampara,LK,Ampara,LK-52,FALSE
lk|amparai,LK,Amparai,LK-52,FALSE
lk|ampara district,LK,Ampara District,LK-52,FALSE
lk|anuradhapura,LK,Anuradhapura,LK-71,FALSE
lk|anuradhapura district,LK,Anuradhapura District,LK-71,FALSE
lk|badulla district,LK,Badulla District,LK-81,FALSE
lk|galla,LK,Galla,LK-31,FALSE
lk|galle,LK,Galle,LK-31,FALSE
lk|kāli,LK,Kāli,LK-31,FALSE
lk|kali,LK,Kali,LK-31,FALSE
lk|galle district,LK,Galle District,LK-31,FALSE
lk|gampaha district,LK,Gampaha District,LK-12,FALSE
lk|hambantota,LK,Hambantota,LK-33,FALSE
lk|hambantota district,LK,Hambantota District,LK-33,FALSE
lk|kaegalla,LK,Kaegalla,LK-92,FALSE
lk|kegalle,LK,Kegalle,LK-92,FALSE
lk|kegalla,LK,Kegalla,LK-92,FALSE
lk|kekālai,LK,Kekālai,LK-92,FALSE
lk|kekalai,LK,Kekalai,LK-92,FALSE
lk|kegalla district,LK,Kegalla District,LK-92,FALSE
lk|kalutara,LK,Kalutara,LK-13,FALSE
lk|kalutara district,LK,Kalutara District,LK-13,FALSE
lk|kilinochchi,LK,Kilinochchi,LK-42,FALSE
lk|kilinochchi district,LK,Kilinochchi District,LK-42,FALSE
lk|kolamba,LK,Kolamba,LK-11,FALSE
lk|colombo,LK,Colombo,LK-11,FALSE
lk|colombo district,LK,Colombo District,LK-11,FALSE
lk|kurunaegala,LK,Kurunaegala,LK-61,FALSE
lk|kurunegala,LK,Kurunegala,LK-61,FALSE
lk|kurunegala district,LK,Kurunegala District,LK-61,FALSE
lk|madakalapuva,LK,Madakalapuva,LK-51,FALSE
lk|batticaloa,LK,Batticaloa,LK-51,FALSE
lk|batticaloa district,LK,Batticaloa District,LK-51,FALSE
lk|kandy,LK,Kandy,LK-21,FALSE
lk|maha nuwara,LK,Maha Nuwara,LK-21,FALSE
lk|kandi,LK,Kandi,LK-21,FALSE
lk|kandy district,LK,Kandy District,LK-21,FALSE
lk|mannarama,LK,Mannarama,LK-43,FALSE
lk|mannar,LK,Mannar,LK-43,FALSE
lk|mannar district,LK,Mannar District,LK-43,FALSE
lk|matale,LK,Matale,LK-22,FALSE
lk|matale district,LK,Matale District,LK-22,FALSE
lk|matara,LK,Matara,LK-32,FALSE
lk|matara district,LK,Matara District,LK-32,FALSE
lk|monaragala,LK,Monaragala,LK-82,FALSE
lk|moneragala,LK,Moneragala,LK-82,FALSE
lk|monaragala district,LK,Monaragala District,LK-82,FALSE
lk|mullaitivu,LK,Mullaitivu,LK-45,FALSE
lk|mulativu,LK,Mulativu,LK-45,FALSE
lk|mullaittivu district,LK,Mullaittivu District,LK-45,FALSE
lk|nuvara eliya,LK,Nuvara Eliya,LK-23,FALSE
lk|nuwara eliya,LK,Nuwara Eliya,LK-23,FALSE
lk|nuvarĕliyā,LK,Nuvarĕliyā,LK-23,FALSE
lk|nuvareliya,LK,Nuvareliya,LK-23,FALSE
lk|nuwara eliya district,LK,Nuwara Eliya District,LK-23,FALSE
lk|polonnaruva,LK,Polonnaruva,LK-72,FALSE
lk|polonnaruwa,LK,Polonnaruwa,LK-72,FALSE
lk|polonnaruwa district,LK,Polonnaruwa District,LK-72,FALSE
lk|puttalam,LK,Puttalam,LK-62,FALSE
lk|puttalam district,LK,Puttalam District,LK-62,FALSE
lk|irattiṉapuri,LK,Irattiṉapuri,LK-91,FALSE
lk|irattinapuri,LK,Irattinapuri,LK-91,FALSE
lk|ratnapura district,LK,Ratnapura District,LK-91,FALSE
lk|trikunamalaya,LK,Trikunamalaya,LK-53,FALSE
lk|trincomalee,LK,Trincomalee,LK-53,FALSE
lk|trincomalee district,LK,Trincomalee District,LK-53,FALSE
lk|vavuniyava,LK,Vavuniyava,LK-44,FALSE
lk|vavuniya,LK,Vavuniya,LK-44,FALSE
lk|vavuniya district,LK,Vavuniya District,LK-44,FALSE
lk|yapanaya,LK,Yapanaya,LK-41,FALSE
lk|jaffna,LK,Jaffna,LK-41,FALSE
lk|jaffna district,LK,Jaffna District,LK-41,FALSE
lr|bomi county,LR,Bomi County,LR-BM,FALSE
lr|bong county,LR,Bong County,LR-BG,FALSE
lr|gbarpolu,LR,Gbarpolu,LR-~1459,FALSE
lr|gbarpolu county,LR,Gbarpolu County,LR-~1459,FALSE
lr|grand bassa county,LR,Grand Bassa County,LR-GB,FALSE
lr|grand cape mount county,LR,Grand Cape Mount County,LR-CM,FALSE
lr|grand gedeh county,LR,Grand Gedeh County,LR-GG,FALSE
lr|grand kru county,LR,Grand Kru County,LR-GK,FALSE
lr|lofa county,LR,Lofa County,LR-LO,FALSE
lr|margibi county,LR,Margibi County,LR-MG,FALSE
lr|maryland county,LR,Maryland County,LR-MY,FALSE
lr|montserrado county,LR,Montserrado County,LR-MO,FALSE
lr|nimba county,LR,Nimba County,LR-NI,FALSE
lr|rivercess,LR,Rivercess,LR-RI,FALSE
lr|river cess county,LR,River Cess County,LR-RI,FALSE
lr|river gee county,LR,River Gee County,LR-~1458,FALSE
lr|sinoe county,LR,Sinoe County,LR-SI,FALSE
ls|teyateyaneng,LS,Teyateyaneng,LS-D,FALSE
ls|butha buthe,LS,Butha Buthe,LS-B,FALSE
ls|leribe district,LS,Leribe District,LS-C,FALSE
ls|mafeteng district,LS,Mafeteng District,LS-E,FALSE
ls|mohales hoek,LS,Mohales Hoek,LS-F,FALSE
ls|mohale's hoek district,LS,Mohale's Hoek District,LS-F,FALSE
ls|mohales hoek district,LS,Mohales Hoek District,LS-F,FALSE
ls|qachas nek,LS,Qachas Nek,LS-H,FALSE
ls|quacha's nek,LS,Quacha's Nek,LS-H,FALSE
ls|quachas nek,LS,Quachas Nek,LS-H,FALSE
ls|thaba tseka,LS,Thaba Tseka,LS-K,FALSE
lt|alytus,LT,Alytus,LT-AL,FALSE
lt|olita,LT,Olita,LT-AL,FALSE
lt|alitus,LT,Alitus,LT-AL,FALSE
lt|alytaus apskritis,LT,Alytaus Apskritis,LT-AL,FALSE
lt|kaunas,LT,Kaunas,LT-KU,FALSE
lt|kowno,LT,Kowno,LT-KU,FALSE
lt|kovno,LT,Kovno,LT-KU,FALSE
lt|kauno apskritis,LT,Kauno Apskritis,LT-KU,FALSE
lt|klaipėda,LT,Klaipėda,LT-KL,FALSE
lt|klaipeda,LT,Klaipeda,LT-KL,FALSE
lt|memel,LT,Memel,LT-KL,FALSE
lt|klaipedos apskritis,LT,Klaipedos Apskritis,LT-KL,FALSE
lt|marijampolė,LT,Marijampolė,LT-MR,FALSE
lt|marijampole,LT,Marijampole,LT-MR,FALSE
lt|mariampol,LT,Mariampol,LT-MR,FALSE
lt|marijampoles apskritis,LT,Marijampoles Apskritis,LT-MR,FALSE
lt|panevėžys,LT,Panevėžys,LT-PN,FALSE
lt|panevezys,LT,Panevezys,LT-PN,FALSE
lt|ponewiesch,LT,Ponewiesch,LT-PN,FALSE
lt|ponewjesh,LT,Ponewjesh,LT-PN,FALSE
lt|poneviezli,LT,Poneviezli,LT-PN,FALSE
lt|panevezio apskritis,LT,Panevezio Apskritis,LT-PN,FALSE
lt|siauliai,LT,Siauliai,LT-SA,FALSE
lt|schaulen,LT,Schaulen,LT-SA,FALSE
lt|shavli,LT,Shavli,LT-SA,FALSE
lt|siauliu apskritis,LT,Siauliu Apskritis,LT-SA,FALSE
lt|tauragė,LT,Tauragė,LT-TA,FALSE
lt|taurage,LT,Taurage,LT-TA,FALSE
lt|tauroggen,LT,Tauroggen,LT-TA,FALSE
lt|taurages apskritis,LT,Taurages Apskritis,LT-TA,FALSE
lt|telsiai,LT,Telsiai,LT-TE,FALSE
lt|telsche,LT,Telsche,LT-TE,FALSE
lt|telschi,LT,Telschi,LT-TE,FALSE
lt|telshe,LT,Telshe,LT-TE,FALSE
lt|telsiu apskritis,LT,Telsiu Apskritis,LT-TE,FALSE
lt|utena,LT,Utena,LT-UT,FALSE
lt|utenos apskritis,LT,Utenos Apskritis,LT-UT,FALSE
lt|vilnius,LT,Vilnius,LT-VL,FALSE
lt|wilna,LT,Wilna,LT-VL,FALSE
lt|vilna,LT,Vilna,LT-VL,FALSE
lt|vilnious,LT,Vilnious,LT-VL,FALSE
lt|vilniaus apskritis,LT,Vilniaus Apskritis,LT-VL,FALSE
lu|dikrech,LU,Dikrech,LU-D,FALSE
lu|dikkrich,LU,Dikkrich,LU-D,FALSE
lu|district de diekirch,LU,District de Diekirch,LU-D,FALSE
lu|gréivemaacher,LU,Gréivemaacher,LU-G,FALSE
lu|greivemaacher,LU,Greivemaacher,LU-G,FALSE
lu|district de grevenmacher,LU,District de Grevenmacher,LU-G,FALSE
lu|lëtzebuerg,LU,Lëtzebuerg,LU-L,FALSE
lu|letzebuerg,LU,Letzebuerg,LU-L,FALSE
lu|luxemburg,LU,Luxemburg,LU-L,FALSE
lu|district de luxembourg,LU,District de Luxembourg,LU-L,FALSE
lv|adazi,LV,Adazi,LV-011,FALSE
lv|adazu novads,LV,Adazu Novads,LV-011,FALSE
lv|aglona,LV,Aglona,LV-001,FALSE
lv|aglonas novads,LV,Aglonas Novads,LV-001,FALSE
lv|balvi,LV,Balvi,LV-001,FALSE
lv|aizkraukle,LV,Aizkraukle,LV-002,FALSE
lv|aizkraukles rajons,LV,Aizkraukles Rajons,LV-002,FALSE
lv|aizpute,LV,Aizpute,LV-003,FALSE
lv|aizputes novads,LV,Aizputes Novads,LV-003,FALSE
lv|kurzeme,LV,Kurzeme,LV-003,FALSE
lv|aknīste,LV,Aknīste,LV-004,FALSE
lv|akniste,LV,Akniste,LV-004,FALSE
lv|aknistes novads,LV,Aknistes Novads,LV-004,FALSE
lv|aloja,LV,Aloja,LV-005,FALSE
lv|alojas novads,LV,Alojas Novads,LV-005,FALSE
lv|alsunga,LV,Alsunga,LV-006,FALSE
lv|alsungas novads,LV,Alsungas Novads,LV-006,FALSE
lv|alūksne,LV,Alūksne,LV-007,FALSE
lv|aluksnes rajons,LV,Aluksnes Rajons,LV-007,FALSE
lv|wolmar,LV,Wolmar,LV-008,FALSE
lv|amatas novads,LV,Amatas Novads,LV-008,FALSE
lv|apes novads,LV,Apes Novads,LV-009,FALSE
lv|auce,LV,Auce,LV-010,FALSE
lv|auces novads,LV,Auces Novads,LV-010,FALSE
lv|babīte,LV,Babīte,LV-012,FALSE
lv|babite,LV,Babite,LV-012,FALSE
lv|babites novads,LV,Babites Novads,LV-012,FALSE
lv|baldone,LV,Baldone,LV-013,FALSE
lv|baldones novads,LV,Baldones Novads,LV-013,FALSE
lv|baltinava,LV,Baltinava,LV-014,FALSE
lv|baltinavas novads,LV,Baltinavas Novads,LV-014,FALSE
lv|balvu rajons,LV,Balvu Rajons,LV-015,FALSE
lv|bauskas rajons,LV,Bauskas Rajons,LV-016,FALSE
lv|beverinas novads,LV,Beverinas Novads,LV-017,FALSE
lv|brocēni,LV,Brocēni,LV-018,FALSE
lv|broceni,LV,Broceni,LV-018,FALSE
lv|brocenu novads,LV,Brocenu Novads,LV-018,FALSE
lv|burtnieku novads,LV,Burtnieku Novads,LV-019,FALSE
lv|carnikava,LV,Carnikava,LV-020,FALSE
lv|carnikavas novads,LV,Carnikavas Novads,LV-020,FALSE
lv|cēsis,LV,Cēsis,LV-022,FALSE
lv|cesis,LV,Cesis,LV-022,FALSE
lv|wenden,LV,Wenden,LV-022,FALSE
lv|cesu rajons,LV,Cesu Rajons,LV-022,FALSE
lv|vidzeme,LV,Vidzeme,LV-022,FALSE
lv|cesvaines novads,LV,Cesvaines Novads,LV-021,FALSE
lv|cibla,LV,Cibla,LV-023,FALSE
lv|ciblas novads,LV,Ciblas Novads,LV-023,FALSE
lv|dagda,LV,Dagda,LV-024,FALSE
lv|dagdas novads,LV,Dagdas Novads,LV-024,FALSE
lv|dünaburg,LV,Dünaburg,LV-DGV,FALSE
lv|dunaburg,LV,Dunaburg,LV-DGV,FALSE
lv|dvinsk,LV,Dvinsk,LV-DGV,FALSE
lv|daugavpils municipality,LV,Daugavpils municipality,LV-DGV,FALSE
lv|dobeles rajons,LV,Dobeles Rajons,LV-026,FALSE
lv|dundaga,LV,Dundaga,LV-027,FALSE
lv|dundagas novads,LV,Dundagas Novads,LV-027,FALSE
lv|durbe,LV,Durbe,LV-028,FALSE
lv|durbes novads,LV,Durbes Novads,LV-028,FALSE
lv|liepaja,LV,Liepaja,LV-028,FALSE
lv|engure,LV,Engure,LV-029,FALSE
lv|engures novads,LV,Engures Novads,LV-029,FALSE
lv|erglu novads,LV,Erglu Novads,LV-030,FALSE
lv|garkalne,LV,Garkalne,LV-031,FALSE
lv|garkalnes novads,LV,Garkalnes Novads,LV-031,FALSE
lv|grobiņa,LV,Grobiņa,LV-032,FALSE
lv|grobina,LV,Grobina,LV-032,FALSE
lv|grobinas novads,LV,Grobinas Novads,LV-032,FALSE
lv|gulbenes rajons,LV,Gulbenes Rajons,LV-033,FALSE
lv|iecava,LV,Iecava,LV-034,FALSE
lv|iecavas novads,LV,Iecavas Novads,LV-034,FALSE
lv|ikskile,LV,Ikskile,LV-035,FALSE
lv|ikskiles novads,LV,Ikskiles Novads,LV-035,FALSE
lv|ilūkste,LV,Ilūkste,LV-036,FALSE
lv|ilukste,LV,Ilukste,LV-036,FALSE
lv|ilukstes novads,LV,Ilukstes Novads,LV-036,FALSE
lv|inčukalns,LV,Inčukalns,LV-037,FALSE
lv|incukalns,LV,Incukalns,LV-037,FALSE
lv|incukalna novads,LV,Incukalna Novads,LV-037,FALSE
lv|jaunjelgava,LV,Jaunjelgava,LV-038,FALSE
lv|jaunjelgavas novads,LV,Jaunjelgavas Novads,LV-038,FALSE
lv|jaunpiebalgas novads,LV,Jaunpiebalgas Novads,LV-039,FALSE
lv|jaunpils novads,LV,Jaunpils Novads,LV-040,FALSE
lv|jēkabpils,LV,Jēkabpils,LV-JKB,FALSE
lv|jakobstadt,LV,Jakobstadt,LV-JKB,FALSE
lv|jekabpils rajons,LV,Jekabpils Rajons,LV-JKB,FALSE
lv|jelgavas rajons,LV,Jelgavas Rajons,LV-JEL,FALSE
lv|jūrmala,LV,Jūrmala,LV-JUR,FALSE
lv|kandava,LV,Kandava,LV-043,FALSE
lv|kandavas novads,LV,Kandavas Novads,LV-043,FALSE
lv|kārsava,LV,Kārsava,LV-044,FALSE
lv|karsava,LV,Karsava,LV-044,FALSE
lv|karsavas novads,LV,Karsavas Novads,LV-044,FALSE
lv|ķegums,LV,Ķegums,LV-051,FALSE
lv|kegums,LV,Kegums,LV-051,FALSE
lv|keguma novads,LV,Keguma Novads,LV-051,FALSE
lv|ķekava,LV,Ķekava,LV-052,FALSE
lv|kekava,LV,Kekava,LV-052,FALSE
lv|kekavas novads,LV,Kekavas Novads,LV-052,FALSE
lv|kocenu novads,LV,Kocenu Novads,LV-045,FALSE
lv|koknese,LV,Koknese,LV-046,FALSE
lv|kokneses novads,LV,Kokneses Novads,LV-046,FALSE
lv|krāslava,LV,Krāslava,LV-047,FALSE
lv|kraslava,LV,Kraslava,LV-047,FALSE
lv|kraslavas rajons,LV,Kraslavas Rajons,LV-047,FALSE
lv|krimulda,LV,Krimulda,LV-048,FALSE
lv|krimuldas novads,LV,Krimuldas Novads,LV-048,FALSE
lv|krustpils novads,LV,Krustpils Novads,LV-049,FALSE
lv|kuldīga,LV,Kuldīga,LV-050,FALSE
lv|kuldiga,LV,Kuldiga,LV-050,FALSE
lv|kuldigas rajons,LV,Kuldigas Rajons,LV-050,FALSE
lv|lielvārde,LV,Lielvārde,LV-053,FALSE
lv|lielvarde,LV,Lielvarde,LV-053,FALSE
lv|lielvardes novads,LV,Lielvardes Novads,LV-053,FALSE
lv|ligatnes novads,LV,Ligatnes Novads,LV-055,FALSE
lv|limbazi,LV,Limbazi,LV-054,FALSE
lv|limbazu rajons,LV,Limbazu Rajons,LV-054,FALSE
lv|līvāni,LV,Līvāni,LV-056,FALSE
lv|livani,LV,Livani,LV-056,FALSE
lv|livanu novads,LV,Livanu Novads,LV-056,FALSE
lv|lubanas novads,LV,Lubanas Novads,LV-057,FALSE
lv|ludza,LV,Ludza,LV-058,FALSE
lv|ludsen,LV,Ludsen,LV-058,FALSE
lv|ludzas rajons,LV,Ludzas Rajons,LV-058,FALSE
lv|madonas rajons,LV,Madonas Rajons,LV-059,FALSE
lv|mālpils,LV,Mālpils,LV-061,FALSE
lv|malpils novads,LV,Malpils Novads,LV-061,FALSE
lv|mārupe,LV,Mārupe,LV-062,FALSE
lv|marupe,LV,Marupe,LV-062,FALSE
lv|marupes novads,LV,Marupes Novads,LV-062,FALSE
lv|mazsalacas novads,LV,Mazsalacas Novads,LV-060,FALSE
lv|mērsrags,LV,Mērsrags,LV-063,FALSE
lv|mersrags,LV,Mersrags,LV-063,FALSE
lv|mersraga novads,LV,Mersraga Novads,LV-063,FALSE
lv|nauksenu novads,LV,Nauksenu Novads,LV-064,FALSE
lv|nereta,LV,Nereta,LV-065,FALSE
lv|neretas novads,LV,Neretas Novads,LV-065,FALSE
lv|zemgale,LV,Zemgale,LV-065,FALSE
lv|nīca,LV,Nīca,LV-066,FALSE
lv|nica,LV,Nica,LV-066,FALSE
lv|nicas novads,LV,Nicas Novads,LV-066,FALSE
lv|ogres rajons,LV,Ogres Rajons,LV-067,FALSE
lv|olaine,LV,Olaine,LV-068,FALSE
lv|olaines novads,LV,Olaines Novads,LV-068,FALSE
lv|ozolnieki,LV,Ozolnieki,LV-069,FALSE
lv|ozolnieku novads,LV,Ozolnieku Novads,LV-069,FALSE
lv|pargaujas novads,LV,Pargaujas Novads,LV-070,FALSE
lv|pāvilosta,LV,Pāvilosta,LV-071,FALSE
lv|pavilosta,LV,Pavilosta,LV-071,FALSE
lv|pavilostas novads,LV,Pavilostas Novads,LV-071,FALSE
lv|pļaviņas,LV,Pļaviņas,LV-072,FALSE
lv|plavinas,LV,Plavinas,LV-072,FALSE
lv|plavinu novads,LV,Plavinu Novads,LV-072,FALSE
lv|preiļi,LV,Preiļi,LV-073,FALSE
lv|preili,LV,Preili,LV-073,FALSE
lv|preilu rajons,LV,Preilu Rajons,LV-073,FALSE
lv|priekule,LV,Priekule,LV-074,FALSE
lv|priekules novads,LV,Priekules Novads,LV-074,FALSE
lv|priekulu novads,LV,Priekulu Novads,LV-075,FALSE
lv|raunas novads,LV,Raunas Novads,LV-076,FALSE
lv|rezekne,LV,Rezekne,LV-REZ,FALSE
lv|rēzekne,LV,Rēzekne,LV-REZ,FALSE
lv|rezeknes rajons,LV,Rezeknes Rajons,LV-REZ,FALSE
lv|latgale,LV,Latgale,LV-REZ,FALSE
lv|riebiņi,LV,Riebiņi,LV-078,FALSE
lv|riebini,LV,Riebini,LV-078,FALSE
lv|riebinu novads,LV,Riebinu Novads,LV-078,FALSE
lv|roja,LV,Roja,LV-079,FALSE
lv|rojas novads,LV,Rojas Novads,LV-079,FALSE
lv|ropaži,LV,Ropaži,LV-080,FALSE
lv|ropazi,LV,Ropazi,LV-080,FALSE
lv|ropazu novads,LV,Ropazu Novads,LV-080,FALSE
lv|rucava,LV,Rucava,LV-081,FALSE
lv|rucavas novads,LV,Rucavas Novads,LV-081,FALSE
lv|rugāji,LV,Rugāji,LV-082,FALSE
lv|rugaji,LV,Rugaji,LV-082,FALSE
lv|rugaju novads,LV,Rugaju Novads,LV-082,FALSE
lv|rujienas novads,LV,Rujienas Novads,LV-084,FALSE
lv|rundāle,LV,Rundāle,LV-083,FALSE
lv|rundale,LV,Rundale,LV-083,FALSE
lv|rundales novads,LV,Rundales Novads,LV-083,FALSE
lv|salacgrīva,LV,Salacgrīva,LV-085,FALSE
lv|salacgriva,LV,Salacgriva,LV-085,FALSE
lv|salacgrivas novads,LV,Salacgrivas Novads,LV-085,FALSE
lv|sala,LV,Sala,LV-086,FALSE
lv|salas novads,LV,Salas Novads,LV-086,FALSE
lv|salaspils novads,LV,Salaspils Novads,LV-087,FALSE
lv|saldus rajons,LV,Saldus Rajons,LV-088,FALSE
lv|saulkrasti,LV,Saulkrasti,LV-089,FALSE
lv|saulkrastu novads,LV,Saulkrastu Novads,LV-089,FALSE
lv|sēja,LV,Sēja,LV-090,FALSE
lv|seja,LV,Seja,LV-090,FALSE
lv|sejas novads,LV,Sejas Novads,LV-090,FALSE
lv|sigulda,LV,Sigulda,LV-091,FALSE
lv|siguldas novads,LV,Siguldas Novads,LV-091,FALSE
lv|skrīveri,LV,Skrīveri,LV-092,FALSE
lv|skriveri,LV,Skriveri,LV-092,FALSE
lv|skriveru novads,LV,Skriveru Novads,LV-092,FALSE
lv|skrunda,LV,Skrunda,LV-093,FALSE
lv|skrundas novads,LV,Skrundas Novads,LV-093,FALSE
lv|smiltenes novads,LV,Smiltenes Novads,LV-094,FALSE
lv|stopiņi,LV,Stopiņi,LV-095,FALSE
lv|stopini,LV,Stopini,LV-095,FALSE
lv|stopinu novads,LV,Stopinu Novads,LV-095,FALSE
lv|strencu novads,LV,Strencu Novads,LV-096,FALSE
lv|talsen,LV,Talsen,LV-097,FALSE
lv|talsu rajons,LV,Talsu Rajons,LV-097,FALSE
lv|tērvete,LV,Tērvete,LV-098,FALSE
lv|tervete,LV,Tervete,LV-098,FALSE
lv|tervetes novads,LV,Tervetes Novads,LV-098,FALSE
lv|tukkum,LV,Tukkum,LV-099,FALSE
lv|tukuma rajons,LV,Tukuma Rajons,LV-099,FALSE
lv|vaiņode,LV,Vaiņode,LV-100,FALSE
lv|vainode,LV,Vainode,LV-100,FALSE
lv|vainodes novads,LV,Vainodes Novads,LV-100,FALSE
lv|valka,LV,Valka,LV-101,FALSE
lv|valgamaa,LV,Valgamaa,LV-101,FALSE
lv|valga maakond,LV,Valga maakond,LV-101,FALSE
lv|valkas rajons,LV,Valkas Rajons,LV-101,FALSE
lv|valga,LV,Valga,LV-101,FALSE
lv|valmieras rajons,LV,Valmieras Rajons,LV-VMR,FALSE
lv|varaklanu novads,LV,Varaklanu Novads,LV-102,FALSE
lv|vārkava,LV,Vārkava,LV-103,FALSE
lv|varkava,LV,Varkava,LV-103,FALSE
lv|varkavas novads,LV,Varkavas Novads,LV-103,FALSE
lv|vecpiebalgas novads,LV,Vecpiebalgas Novads,LV-104,FALSE
lv|vecumnieki,LV,Vecumnieki,LV-105,FALSE
lv|vecumnieku novads,LV,Vecumnieku Novads,LV-105,FALSE
lv|windau,LV,Windau,LV-VEN,FALSE
lv|ventspils rajons,LV,Ventspils Rajons,LV-VEN,FALSE
lv|viesīte,LV,Viesīte,LV-107,FALSE
lv|viesite,LV,Viesite,LV-107,FALSE
lv|viesites novads,LV,Viesites Novads,LV-107,FALSE
lv|viļaka,LV,Viļaka,LV-108,FALSE
lv|vilaka,LV,Vilaka,LV-108,FALSE
lv|vilakas novads,LV,Vilakas Novads,LV-108,FALSE
lv|viļāni,LV,Viļāni,LV-109,FALSE
lv|vilani,LV,Vilani,LV-109,FALSE
lv|vilanu novads,LV,Vilanu Novads,LV-109,FALSE
lv|zilupe,LV,Zilupe,LV-110,FALSE
lv|zilupes novads,LV,Zilupes Novads,LV-110,FALSE
ly|aghdabiya,LY,Aghdabiya,LY-AJ,FALSE
ly|sha`biyat al wahat,LY,Sha`biyat al Wahat,LY-AJ,FALSE
ly|sha'biyat al wahat,LY,Sha'biyat al Wahat,LY-AJ,FALSE
ly|shabiyat al wahat,LY,Shabiyat al Wahat,LY-AJ,FALSE
ly|butnan,LY,Butnan,LY-BU,FALSE
ly|tobruk,LY,Tobruk,LY-BU,FALSE
ly|tubruq,LY,Tubruq,LY-BU,FALSE
ly|sha`biyat al butnan,LY,Sha`biyat al Butnan,LY-BU,FALSE
ly|sha'biyat al butnan,LY,Sha'biyat al Butnan,LY-BU,FALSE
ly|shabiyat al butnan,LY,Shabiyat al Butnan,LY-BU,FALSE
ly|jabal al akhdar,LY,Jabal al Akhdar,LY-JA,FALSE
ly|al bayda',LY,Al Bayda',LY-JA,FALSE
ly|al bayda,LY,Al Bayda,LY-JA,FALSE
ly|al-ghabal al-ahdar,LY,al-Ghabal al-Ahdar,LY-JA,FALSE
ly|beida,LY,Beida,LY-JA,FALSE
ly|djebel akhdar,LY,Djebel Akhdar,LY-JA,FALSE
ly|jebel el akhdar,LY,Jebel el Akhdar,LY-JA,FALSE
ly|sha`biyat al jabal al akhdar,LY,Sha`biyat al Jabal al Akhdar,LY-JA,FALSE
ly|sha'biyat al jabal al akhdar,LY,Sha'biyat al Jabal al Akhdar,LY-JA,FALSE
ly|shabiyat al jabal al akhdar,LY,Shabiyat al Jabal al Akhdar,LY-JA,FALSE
ly|jafara,LY,Jafara,LY-JI,FALSE
ly|al jfara,LY,Al Jfara,LY-JI,FALSE
ly|al `aziziyah,LY,Al `Aziziyah,LY-JI,FALSE
ly|al 'aziziyah,LY,Al 'Aziziyah,LY-JI,FALSE
ly|al aziziyah,LY,Al Aziziyah,LY-JI,FALSE
ly|al-ghifara,LY,al-Ghifara,LY-JI,FALSE
ly|sha`biyat al jafarah,LY,Sha`biyat al Jafarah,LY-JI,FALSE
ly|sha'biyat al jafarah,LY,Sha'biyat al Jafarah,LY-JI,FALSE
ly|shabiyat al jafarah,LY,Shabiyat al Jafarah,LY-JI,FALSE
ly|jufra,LY,Jufra,LY-JU,FALSE
ly|al-ghufra,LY,al-Ghufra,LY-JU,FALSE
ly|kufra,LY,Kufra,LY-KF,FALSE
ly|al-kufra,LY,al-Kufra,LY-KF,FALSE
ly|marj,LY,Marj,LY-MJ,FALSE
ly|al-hizam al-ahdar,LY,al-Hizam al-Ahdar,LY-MJ,FALSE
ly|al hizam al akhdar,LY,Al Hizam Al Akhdar,LY-MJ,FALSE
ly|murqub,LY,Murqub,LY-MB,FALSE
ly|al murgub,LY,Al Murgub,LY-MB,FALSE
ly|al khums,LY,Al Khums,LY-MB,FALSE
ly|homs,LY,Homs,LY-MB,FALSE
ly|khoms,LY,Khoms,LY-MB,FALSE
ly|al qubah,LY,Al Qubah,LY-QB,FALSE
ly|al-qubba,LY,al-Qubba,LY-QB,FALSE
ly|darnah,LY,Darnah,LY-QB,FALSE
ly|nuqat al khams,LY,Nuqat al Khams,LY-NQ,FALSE
ly|an-niqat al-hams,LY,an-Niqat al-Hams,LY-NQ,FALSE
ly|nigat al khums,LY,Nigat al Khums,LY-NQ,FALSE
ly|sha`biyat an nuqat al khams,LY,Sha`biyat an Nuqat al Khams,LY-NQ,FALSE
ly|sha'biyat an nuqat al khams,LY,Sha'biyat an Nuqat al Khams,LY-NQ,FALSE
ly|shabiyat an nuqat al khams,LY,Shabiyat an Nuqat al Khams,LY-NQ,FALSE
ly|ash shati,LY,Ash Shati,LY-WS,FALSE
ly|wadi al shatii,LY,Wadi Al Shatii,LY-WS,FALSE
ly|shati,LY,Shati,LY-WS,FALSE
ly|wadi ash-shati',LY,Wadi ash-Shati',LY-WS,FALSE
ly|wadi ash-shati,LY,Wadi ash-Shati,LY-WS,FALSE
ly|sha`biyat wadi ash shati',LY,Sha`biyat Wadi ash Shati',LY-WS,FALSE
ly|sha'biyat wadi ash shati',LY,Sha'biyat Wadi ash Shati',LY-WS,FALSE
ly|shabiyat wadi ash shati,LY,Shabiyat Wadi ash Shati,LY-WS,FALSE
ly|zawiya,LY,Zawiya,LY-ZA,FALSE
ly|az-zawiya,LY,az-Zawiya,LY-ZA,FALSE
ly|zavia,LY,Zavia,LY-ZA,FALSE
ly|zawia,LY,Zawia,LY-ZA,FALSE
ly|sha`biyat az zawiyah,LY,Sha`biyat az Zawiyah,LY-ZA,FALSE
ly|sha'biyat az zawiyah,LY,Sha'biyat az Zawiyah,LY-ZA,FALSE
ly|shabiyat az zawiyah,LY,Shabiyat az Zawiyah,LY-ZA,FALSE
ly|banghazi,LY,Banghazi,LY-BA,FALSE
ly|bengasi,LY,Bengasi,LY-BA,FALSE
ly|sha`biyat banghazi,LY,Sha`biyat Banghazi,LY-BA,FALSE
ly|sha'biyat banghazi,LY,Sha'biyat Banghazi,LY-BA,FALSE
ly|shabiyat banghazi,LY,Shabiyat Banghazi,LY-BA,FALSE
ly|ghadames,LY,Ghadames,LY-GD,FALSE
ly|gadamis,LY,Gadamis,LY-GD,FALSE
ly|sha`biyat nalut,LY,Sha`biyat Nalut,LY-GD,FALSE
ly|sha'biyat nalut,LY,Sha'biyat Nalut,LY-GD,FALSE
ly|shabiyat nalut,LY,Shabiyat Nalut,LY-GD,FALSE
ly|gat,LY,Gat,LY-GT,FALSE
ly|sha`biyat ghat,LY,Sha`biyat Ghat,LY-GT,FALSE
ly|sha'biyat ghat,LY,Sha'biyat Ghat,LY-GT,FALSE
ly|shabiyat ghat,LY,Shabiyat Ghat,LY-GT,FALSE
ly|misrata,LY,Misrata,LY-MI,FALSE
"ly|misrata, misurata",LY,"Misrata, Misurata",LY-MI,FALSE
ly|sha`biyat misratah,LY,Sha`biyat Misratah,LY-MI,FALSE
ly|sha'biyat misratah,LY,Sha'biyat Misratah,LY-MI,FALSE
ly|shabiyat misratah,LY,Shabiyat Misratah,LY-MI,FALSE
ly|mizda,LY,Mizda,LY-MZ,FALSE
ly|sha`biyat al jabal al gharbi,LY,Sha`biyat al Jabal al Gharbi,LY-MZ,FALSE
ly|sha'biyat al jabal al gharbi,LY,Sha'biyat al Jabal al Gharbi,LY-MZ,FALSE
ly|shabiyat al jabal al gharbi,LY,Shabiyat al Jabal al Gharbi,LY-MZ,FALSE
"ly|sabhah, sebha",LY,"Sabhah, Sebha",LY-SB,FALSE
ly|sha`biyat sabha,LY,Sha`biyat Sabha,LY-SB,FALSE
ly|sha'biyat sabha,LY,Sha'biyat Sabha,LY-SB,FALSE
ly|shabiyat sabha,LY,Shabiyat Sabha,LY-SB,FALSE
ly|sirte,LY,Sirte,LY-SR,FALSE
ly|tajura wa an nawahi al arba,LY,Tajura wa an Nawahi al Arba,LY-TN,FALSE
ly|tripoli district,LY,Tripoli District,LY-TN,FALSE
ly|taghura' wa-n-nawahi al-arba,LY,Taghura' wa-n-Nawahi al-Arba,LY-TN,FALSE
ly|taghura wa-n-nawahi al-arba,LY,Taghura wa-n-Nawahi al-Arba,LY-TN,FALSE
ly|sha`biyat tarabulus,LY,Sha`biyat Tarabulus,LY-TN,FALSE
ly|sha'biyat tarabulus,LY,Sha'biyat Tarabulus,LY-TN,FALSE
ly|shabiyat tarabulus,LY,Shabiyat Tarabulus,LY-TN,FALSE
ly|sha`biyat wadi al hayat,LY,Sha`biyat Wadi al Hayat,LY-WD,FALSE
ly|sha'biyat wadi al hayat,LY,Sha'biyat Wadi al Hayat,LY-WD,FALSE
ly|shabiyat wadi al hayat,LY,Shabiyat Wadi al Hayat,LY-WD,FALSE
ma|chaouia-ouardigha,MA,Chaouia-Ouardigha,MA-09,FALSE
ma|doukkala abda,MA,Doukkala Abda,MA-10,FALSE
ma|doukkala-abda,MA,Doukkala-Abda,MA-10,FALSE
ma|fes - boulemane,MA,Fes - Boulemane,MA-05,FALSE
ma|fès-méknas-boulmane,MA,Fès-méknas-boulmane,MA-05,FALSE
ma|fes-meknas-boulmane,MA,Fes-meknas-boulmane,MA-05,FALSE
ma|region de fes-boulemane,MA,Region de Fes-Boulemane,MA-05,FALSE
ma|gharb - chrarda - beni hssen,MA,Gharb - Chrarda - Beni Hssen,MA-02,FALSE
ma|gharb-chrarda-béni hssen,MA,Gharb-Chrarda-Béni Hssen,MA-02,FALSE
ma|gharb-chrarda-beni hssen,MA,Gharb-Chrarda-Beni Hssen,MA-02,FALSE
ma|region du grand casablanca,MA,Region du Grand Casablanca,MA-08,FALSE
ma|guelmim-es semara,MA,Guelmim-Es Semara,MA-14,FALSE
ma|guelmim-es smara,MA,Guelmim-Es Smara,MA-14,FALSE
ma|laayoune - boujdour - sakia el hamra,MA,Laayoune - Boujdour - Sakia El Hamra,MA-15,FALSE
ma|laâyoune-boujdour-sakia el hamra,MA,Laâyoune-Boujdour-Sakia El Hamra,MA-15,FALSE
ma|laayoune-boujdour-sakia el hamra,MA,Laayoune-Boujdour-Sakia El Hamra,MA-15,FALSE
ma|marrakesh-tensift-el haouz,MA,Marrakesh-Tensift-El Haouz,MA-11,FALSE
ma|marrakech-tensift-al haouz,MA,Marrakech-Tensift-Al Haouz,MA-11,FALSE
ma|meknes - tafilalet,MA,Meknes - Tafilalet,MA-06,FALSE
ma|meknès-tafilalet,MA,Meknès-Tafilalet,MA-06,FALSE
ma|meknes-tafilalet,MA,Meknes-Tafilalet,MA-06,FALSE
ma|region de meknes-tafilalet,MA,Region de Meknes-Tafilalet,MA-06,FALSE
ma|oriental region,MA,Oriental Region,MA-04,FALSE
ma|oued ed-dahab,MA,Oued Ed-Dahab,MA-16,FALSE
ma|ed dakhla,MA,Ed Dakhla,MA-16,FALSE
ma|oued eddahab,MA,Oued Eddahab,MA-16,FALSE
ma|oued ed dahab-lagouira,MA,Oued ed Dahab-Lagouira,MA-16,FALSE
ma|rabat - sale - zemmour - zaer,MA,Rabat - Sale - Zemmour - Zaer,MA-07,FALSE
ma|rabat-salé-zemmour-zaër,MA,Rabat-Salé-Zemmour-Zaër,MA-07,FALSE
ma|rabat-sale-zemmour-zaer,MA,Rabat-Sale-Zemmour-Zaer,MA-07,FALSE
ma|region de rabat-sale-zemmour-zaer,MA,Region de Rabat-Sale-Zemmour-Zaer,MA-07,FALSE
ma|souss - massa - draa,MA,Souss - Massa - Draa,MA-13,FALSE
ma|suss-massa-draa,MA,Suss-Massa-Draa,MA-13,FALSE
ma|region de souss-massa-draa,MA,Region de Souss-Massa-Draa,MA-13,FALSE
ma|tadla-azilal,MA,Tadla-Azilal,MA-12,FALSE
ma|tanger - tetouan,MA,Tanger - Tetouan,MA-01,FALSE
ma|tangier-tetouan,MA,Tangier-Tetouan,MA-01,FALSE
ma|region de tanger-tetouan,MA,Region de Tanger-Tetouan,MA-01,FALSE
ma|taza-al hoceïma-taounate,MA,Taza-Al Hoceïma-Taounate,MA-03,FALSE
ma|taza-al hoceima-taounate,MA,Taza-Al Hoceima-Taounate,MA-03,FALSE
md|raionul anenii noi,MD,Raionul Anenii Noi,MD-AN,FALSE
md|balti,MD,Balti,MD-BA,FALSE
md|bălți,MD,Bălți,MD-BA,FALSE
md|municipiul balti,MD,Municipiul Balti,MD-BA,FALSE
md|raionul basarabeasca,MD,Raionul Basarabeasca,MD-BS,FALSE
md|municipiul bender,MD,Municipiul Bender,MD-BD,FALSE
md|tighina,MD,Tighina,MD-BD,FALSE
md|raionul briceni,MD,Raionul Briceni,MD-BR,FALSE
md|raionul cahul,MD,Raionul Cahul,MD-CA,FALSE
md|calarasi,MD,Calarasi,MD-CL,FALSE
md|raionul calarasi,MD,Raionul Calarasi,MD-CL,FALSE
md|raionul cantemir,MD,Raionul Cantemir,MD-CT,FALSE
md|căușeni,MD,Căușeni,MD-CS,FALSE
md|raionul causeni,MD,Raionul Causeni,MD-CS,FALSE
md|chisinau,MD,Chisinau,MD-CU,FALSE
md|chișinău,MD,Chișinău,MD-CU,FALSE
md|municipiul chisinau,MD,Municipiul Chisinau,MD-CU,FALSE
md|cimislia,MD,Cimislia,MD-CM,FALSE
md|cimișlia,MD,Cimișlia,MD-CM,FALSE
md|raionul cimislia,MD,Raionul Cimislia,MD-CM,FALSE
md|unitate teritorială autonoma găgăuzia,MD,Unitate Teritorială Autonoma Găgăuzia,MD-GA,FALSE
md|unitate teritoriala autonoma gagauzia,MD,Unitate Teritoriala Autonoma Gagauzia,MD-GA,FALSE
md|utag,MD,UTAG,MD-GA,FALSE
md|găgăuzia,MD,Găgăuzia,MD-GA,FALSE
md|gagauzia,MD,Gagauzia,MD-GA,FALSE
md|raionul criuleni,MD,Raionul Criuleni,MD-CR,FALSE
md|dondușeni,MD,Dondușeni,MD-DO,FALSE
md|raionul donduseni,MD,Raionul Donduseni,MD-DO,FALSE
md|raionul drochia,MD,Raionul Drochia,MD-DR,FALSE
md|edinet,MD,Edinet,MD-ED,FALSE
md|edineț,MD,Edineț,MD-ED,FALSE
md|raionul edinet,MD,Raionul Edinet,MD-ED,FALSE
md|falesti,MD,Falesti,MD-FA,FALSE
md|fălești,MD,Fălești,MD-FA,FALSE
md|raionul falesti,MD,Raionul Falesti,MD-FA,FALSE
md|floresti,MD,Floresti,MD-FL,FALSE
md|florești,MD,Florești,MD-FL,FALSE
md|raionul floresti,MD,Raionul Floresti,MD-FL,FALSE
md|raionul glodeni,MD,Raionul Glodeni,MD-GL,FALSE
md|hincesti,MD,Hincesti,MD-HI,FALSE
md|hîncești,MD,Hîncești,MD-HI,FALSE
md|raionul hincesti,MD,Raionul Hincesti,MD-HI,FALSE
md|raionul ialoveni,MD,Raionul Ialoveni,MD-IA,FALSE
md|raionul leova,MD,Raionul Leova,MD-LE,FALSE
md|raionul nisporeni,MD,Raionul Nisporeni,MD-NI,FALSE
md|ocnita,MD,Ocnita,MD-OC,FALSE
md|ocnița,MD,Ocnița,MD-OC,FALSE
md|raionul ocnita,MD,Raionul Ocnita,MD-OC,FALSE
md|raionul orhei,MD,Raionul Orhei,MD-OR,FALSE
md|raionul rezina,MD,Raionul Rezina,MD-RE,FALSE
md|riscani,MD,Riscani,MD-RI,FALSE
md|rîșcani,MD,Rîșcani,MD-RI,FALSE
md|raionul riscani,MD,Raionul Riscani,MD-RI,FALSE
md|singerei,MD,Singerei,MD-SI,FALSE
md|raionul singerei,MD,Raionul Singerei,MD-SI,FALSE
md|soldanesti,MD,Soldanesti,MD-SD,FALSE
md|șoldănești,MD,Șoldănești,MD-SD,FALSE
md|raionul soldanesti,MD,Raionul Soldanesti,MD-SD,FALSE
md|raionul soroca,MD,Raionul Soroca,MD-SO,FALSE
md|stefan voda,MD,Stefan Voda,MD-SV,FALSE
md|raionul stefan voda,MD,Raionul Stefan Voda,MD-SV,FALSE
md|stefan-voda,MD,Stefan-voda,MD-SV,FALSE
md|stinga nistrului,MD,Stinga Nistrului,MD-SN,FALSE
md|transnistria,MD,Transnistria,MD-SN,FALSE
md|dubăsari,MD,Dubăsari,MD-SN,FALSE
md|dubasari,MD,Dubasari,MD-SN,FALSE
md|stinga nistrul,MD,Stinga Nistrul,MD-SN,FALSE
md|straseni,MD,Straseni,MD-ST,FALSE
md|strășeni,MD,Strășeni,MD-ST,FALSE
md|raionul straseni,MD,Raionul Straseni,MD-ST,FALSE
md|raionul taraclia,MD,Raionul Taraclia,MD-TA,FALSE
md|telenesti,MD,Telenesti,MD-TE,FALSE
md|telenești,MD,Telenești,MD-TE,FALSE
md|raionul telenesti,MD,Raionul Telenesti,MD-TE,FALSE
md|raionul ungheni,MD,Raionul Ungheni,MD-UN,FALSE
me|opstina andrijevica,ME,Opstina Andrijevica,ME-01,FALSE
me|opstina bar,ME,Opstina Bar,ME-02,FALSE
me|opstina berane,ME,Opstina Berane,ME-03,FALSE
me|opstina bijelo polje,ME,Opstina Bijelo Polje,ME-04,FALSE
me|opstina budva,ME,Opstina Budva,ME-05,FALSE
me|opstina cetinje,ME,Opstina Cetinje,ME-06,FALSE
me|opstina danilovgrad,ME,Opstina Danilovgrad,ME-07,FALSE
me|opstina herceg novi,ME,Opstina Herceg Novi,ME-08,FALSE
me|kolasin,ME,Kolasin,ME-09,FALSE
me|opstina kolasin,ME,Opstina Kolasin,ME-09,FALSE
me|opstina kotor,ME,Opstina Kotor,ME-10,FALSE
me|opstina mojkovac,ME,Opstina Mojkovac,ME-11,FALSE
me|niksic,ME,Niksic,ME-12,FALSE
me|nikšić,ME,Nikšić,ME-12,FALSE
me|opstina niksic,ME,Opstina Niksic,ME-12,FALSE
me|opstina plav,ME,Opstina Plav,ME-13,FALSE
me|opstina pljevlja,ME,Opstina Pljevlja,ME-14,FALSE
me|pluzine,ME,Pluzine,ME-15,FALSE
me|opstina pluzine,ME,Opstina Pluzine,ME-15,FALSE
me|opstina podgorica,ME,Opstina Podgorica,ME-16,FALSE
me|rozaje,ME,Rozaje,ME-17,FALSE
me|opstina rozaje,ME,Opstina Rozaje,ME-17,FALSE
me|savnik,ME,Savnik,ME-18,FALSE
me|opstina savnik,ME,Opstina Savnik,ME-18,FALSE
me|opstina tivat,ME,Opstina Tivat,ME-19,FALSE
me|opstina ulcinj,ME,Opstina Ulcinj,ME-20,FALSE
me|zabljak,ME,Zabljak,ME-21,FALSE
me|opstina zabljak,ME,Opstina Zabljak,ME-21,FALSE
mg|bongolava,MG,Bongolava,MG-T,FALSE
mg|vakinankaratra,MG,Vakinankaratra,MG-T,FALSE
mg|analamanga,MG,Analamanga,MG-T,FALSE
mg|itasy,MG,Itasy,MG-T,FALSE
mg|tananarive,MG,Tananarive,MG-T,FALSE
mg|bongolava region,MG,Bongolava Region,MG-T,FALSE
mg|vakinankaratra region,MG,Vakinankaratra Region,MG-T,FALSE
mg|analamanga region,MG,Analamanga Region,MG-T,FALSE
mg|itasy region,MG,Itasy Region,MG-T,FALSE
mg|sava,MG,Sava,MG-D,FALSE
mg|diana,MG,Diana,MG-D,FALSE
mg|diégo-suarez,MG,Diégo-Suarez,MG-D,FALSE
mg|diego-suarez,MG,Diego-Suarez,MG-D,FALSE
mg|antseranana,MG,Antseranana,MG-D,FALSE
mg|sava region,MG,Sava Region,MG-D,FALSE
mg|diana region,MG,Diana Region,MG-D,FALSE
mg|ihorombe,MG,Ihorombe,MG-F,FALSE
mg|haute matsiatra,MG,Haute Matsiatra,MG-F,FALSE
mg|vatovavy-fitovinany,MG,Vatovavy-Fitovinany,MG-F,FALSE
mg|amoron'i mania,MG,Amoron'i Mania,MG-F,FALSE
mg|amoroni mania,MG,Amoroni Mania,MG-F,FALSE
mg|atsimo-atsinanana,MG,Atsimo-Atsinanana,MG-F,FALSE
mg|ihorombe region,MG,Ihorombe Region,MG-F,FALSE
mg|haute matsiatra region,MG,Haute Matsiatra Region,MG-F,FALSE
mg|vatovavy fitovinany region,MG,Vatovavy Fitovinany Region,MG-F,FALSE
mg|amoron'i mania region,MG,Amoron'i Mania Region,MG-F,FALSE
mg|amoroni mania region,MG,Amoroni Mania Region,MG-F,FALSE
mg|atsimo-atsinanana region,MG,Atsimo-Atsinanana Region,MG-F,FALSE
mg|sofia,MG,Sofia,MG-M,FALSE
mg|melaky,MG,Melaky,MG-M,FALSE
mg|betsiboka,MG,Betsiboka,MG-M,FALSE
mg|boeny,MG,Boeny,MG-M,FALSE
mg|majunga,MG,Majunga,MG-M,FALSE
mg|sofia region,MG,Sofia Region,MG-M,FALSE
mg|melaky region,MG,Melaky Region,MG-M,FALSE
mg|betsiboka region,MG,Betsiboka Region,MG-M,FALSE
mg|boeny region,MG,Boeny Region,MG-M,FALSE
mg|alaotra-mangoro,MG,Alaotra-Mangoro,MG-A,FALSE
mg|atsinanana,MG,Atsinanana,MG-A,FALSE
mg|analanjirofo,MG,Analanjirofo,MG-A,FALSE
mg|tamatave,MG,Tamatave,MG-A,FALSE
mg|alaotra mangoro region,MG,Alaotra Mangoro Region,MG-A,FALSE
mg|atsinanana region,MG,Atsinanana Region,MG-A,FALSE
mg|analanjirofo region,MG,Analanjirofo Region,MG-A,FALSE
mg|atsimo-andrefana,MG,Atsimo-Andrefana,MG-U,FALSE
mg|menabe,MG,Menabe,MG-U,FALSE
mg|anosy,MG,Anosy,MG-U,FALSE
mg|androy,MG,Androy,MG-U,FALSE
mg|toleary,MG,Toleary,MG-U,FALSE
mg|toliary,MG,Toliary,MG-U,FALSE
mg|tuléar,MG,Tuléar,MG-U,FALSE
mg|tulear,MG,Tulear,MG-U,FALSE
mg|atsimo-andrefana region,MG,Atsimo-Andrefana Region,MG-U,FALSE
mg|menabe region,MG,Menabe Region,MG-U,FALSE
mg|anosy region,MG,Anosy Region,MG-U,FALSE
mg|androy region,MG,Androy Region,MG-U,FALSE
mh|ralik chain,MH,Ralik Chain,MH-L,FALSE
mh|sunset islands,MH,Sunset Islands,MH-L,FALSE
mh|sunrise islands,MH,Sunrise Islands,MH-T,FALSE
mk|opstina aerodrom,MK,Opstina Aerodrom,MK-01,FALSE
mk|aerodrom municipality,MK,Aerodrom Municipality,MK-01,FALSE
mk|aracinovo,MK,Aracinovo,MK-02,FALSE
mk|opstina aracinovo,MK,Opstina Aracinovo,MK-02,FALSE
mk|aracinovo municipality,MK,Aracinovo Municipality,MK-02,FALSE
mk|opstina berovo,MK,Opstina Berovo,MK-03,FALSE
mk|opstina bitola,MK,Opstina Bitola,MK-04,FALSE
mk|opstina bogdanci,MK,Opstina Bogdanci,MK-05,FALSE
mk|opstina bogovinje,MK,Opstina Bogovinje,MK-06,FALSE
mk|opstina bosilovo,MK,Opstina Bosilovo,MK-07,FALSE
mk|bosilovo municipality,MK,Bosilovo Municipality,MK-07,FALSE
mk|makedonski brod,MK,Makedonski Brod,MK-52,FALSE
mk|opstina makedonski brod,MK,Opstina Makedonski Brod,MK-52,FALSE
mk|opstina brvenica,MK,Opstina Brvenica,MK-08,FALSE
mk|opstina butel,MK,Opstina Butel,MK-09,FALSE
mk|butel municipality,MK,Butel Municipality,MK-09,FALSE
mk|cair,MK,Cair,MK-79,FALSE
mk|opstina cair,MK,Opstina Cair,MK-79,FALSE
mk|cair municipality,MK,Cair Municipality,MK-79,FALSE
mk|caska,MK,Caska,MK-80,FALSE
mk|caška,MK,Caška,MK-80,FALSE
mk|opstina caska,MK,Opstina Caska,MK-80,FALSE
mk|opstina centar,MK,Opstina Centar,MK-77,FALSE
mk|centar municipality,MK,Centar Municipality,MK-77,FALSE
mk|centar zupa,MK,Centar zupa,MK-78,FALSE
mk|opstina centar zupa,MK,Opstina Centar Zupa,MK-78,FALSE
mk|cesinovo-oblesevo,MK,Cesinovo-Oblesevo,MK-81,FALSE
mk|cešinovo-obleševo,MK,Cešinovo-Obleševo,MK-81,FALSE
mk|opstina cesinovo,MK,Opstina Cesinovo,MK-81,FALSE
mk|cesinovo-oblesevo municipality,MK,Cesinovo-Oblesevo Municipality,MK-81,FALSE
mk|cucer sandevo,MK,Cucer Sandevo,MK-82,FALSE
mk|čučer-sandevo,MK,Čučer-Sandevo,MK-82,FALSE
mk|cucer-sandevo,MK,Cucer-Sandevo,MK-82,FALSE
mk|opstina cucer-sandevo,MK,Opstina Cucer-Sandevo,MK-82,FALSE
mk|opstina debar,MK,Opstina Debar,MK-21,FALSE
mk|debartsa,MK,Debartsa,MK-22,FALSE
mk|opstina debarca,MK,Opstina Debarca,MK-22,FALSE
mk|delcevo,MK,Delcevo,MK-23,FALSE
mk|opstina delcevo,MK,Opstina Delcevo,MK-23,FALSE
mk|opstina demir hisar,MK,Opstina Demir Hisar,MK-25,FALSE
mk|demir hisar municipality,MK,Demir Hisar Municipality,MK-25,FALSE
mk|opstina demir kapija,MK,Opstina Demir Kapija,MK-24,FALSE
mk|opstina dojran,MK,Opstina Dojran,MK-26,FALSE
mk|opstina dolneni,MK,Opstina Dolneni,MK-27,FALSE
mk|opstina drugovo,MK,Opstina Drugovo,MK-28,FALSE
mk|drugovo municipality,MK,Drugovo Municipality,MK-28,FALSE
mk|opstina gazi baba,MK,Opstina Gazi Baba,MK-17,FALSE
mk|gazi baba municipality,MK,Gazi Baba Municipality,MK-17,FALSE
mk|southeastern,MK,Southeastern,MK-18,FALSE
mk|opstina gevgelija,MK,Opstina Gevgelija,MK-18,FALSE
mk|gjorce petrov,MK,Gjorce Petrov,MK-29,FALSE
mk|opstina gjorce petrov,MK,Opstina Gjorce Petrov,MK-29,FALSE
mk|gjorce petrov municipality,MK,Gjorce Petrov Municipality,MK-29,FALSE
mk|opstina gostivar,MK,Opstina Gostivar,MK-19,FALSE
mk|opstina gradsko,MK,Opstina Gradsko,MK-20,FALSE
mk|opstina ilinden,MK,Opstina Ilinden,MK-34,FALSE
mk|opstina jegunovce,MK,Opstina Jegunovce,MK-35,FALSE
mk|jegunovce municipality,MK,Jegunovce Municipality,MK-35,FALSE
mk|opstina karbinci,MK,Opstina Karbinci,MK-37,FALSE
mk|karbinci municipality,MK,Karbinci Municipality,MK-37,FALSE
mk|karpos,MK,Karpos,MK-38,FALSE
mk|opstina karpos,MK,Opstina Karpos,MK-38,FALSE
mk|kavadarci,MK,Kavadarci,MK-36,FALSE
mk|opstina kavadarci,MK,Opstina Kavadarci,MK-36,FALSE
mk|kicevo,MK,Kicevo,MK-40,FALSE
mk|opstina kicevo,MK,Opstina Kicevo,MK-40,FALSE
mk|opstina kisela voda,MK,Opstina Kisela Voda,MK-39,FALSE
mk|kocani,MK,Kocani,MK-42,FALSE
mk|opstina kocani,MK,Opstina Kocani,MK-42,FALSE
mk|konce,MK,Konce,MK-41,FALSE
mk|opstina konce,MK,Opstina Konce,MK-41,FALSE
mk|konce municipality,MK,Konce Municipality,MK-41,FALSE
mk|opstina kratovo,MK,Opstina Kratovo,MK-43,FALSE
mk|opstina kriva palanka,MK,Opstina Kriva Palanka,MK-44,FALSE
mk|krivogastani,MK,Krivogastani,MK-45,FALSE
mk|opstina krivogastani,MK,Opstina Krivogastani,MK-45,FALSE
mk|krivogastani municipality,MK,Krivogastani Municipality,MK-45,FALSE
mk|krusevo,MK,Krusevo,MK-46,FALSE
mk|opstina krusevo,MK,Opstina Krusevo,MK-46,FALSE
mk|opstina kumanovo,MK,Opstina Kumanovo,MK-47,FALSE
mk|opstina lipkovo,MK,Opstina Lipkovo,MK-48,FALSE
mk|opstina lozovo,MK,Opstina Lozovo,MK-49,FALSE
mk|lozovo municipality,MK,Lozovo Municipality,MK-49,FALSE
mk|opstina makedonska kamenica,MK,Opstina Makedonska Kamenica,MK-51,FALSE
mk|mavrovo and rostuša,MK,Mavrovo and Rostuša,MK-50,FALSE
mk|opstina mavrovo i rostusa,MK,Opstina Mavrovo i Rostusa,MK-50,FALSE
mk|pelagonia,MK,Pelagonia,MK-53,FALSE
mk|opstina mogila,MK,Opstina Mogila,MK-53,FALSE
mk|opstina negotino,MK,Opstina Negotino,MK-54,FALSE
mk|novatsi,MK,Novatsi,MK-55,FALSE
mk|opstina novaci,MK,Opstina Novaci,MK-55,FALSE
mk|opstina novo selo,MK,Opstina Novo Selo,MK-56,FALSE
mk|opstina ohrid,MK,Opstina Ohrid,MK-58,FALSE
mk|opstina oslomej,MK,Opstina Oslomej,MK-57,FALSE
mk|oslomej municipality,MK,Oslomej Municipality,MK-57,FALSE
mk|pehcevo,MK,Pehcevo,MK-60,FALSE
mk|phecevo,MK,Phecevo,MK-60,FALSE
mk|opstina pehcevo,MK,Opstina Pehcevo,MK-60,FALSE
mk|pehcevo municipality,MK,Pehcevo Municipality,MK-60,FALSE
mk|opstina plasnica,MK,Opstina Plasnica,MK-61,FALSE
mk|plasnica municipality,MK,Plasnica Municipality,MK-61,FALSE
mk|opstina prilep,MK,Opstina Prilep,MK-62,FALSE
mk|probistip,MK,Probistip,MK-63,FALSE
mk|opstina probistip,MK,Opstina Probistip,MK-63,FALSE
mk|radovis,MK,Radovis,MK-64,FALSE
mk|opstina radovis,MK,Opstina Radovis,MK-64,FALSE
mk|opstina rankovce,MK,Opstina Rankovce,MK-65,FALSE
mk|rankovce municipality,MK,Rankovce Municipality,MK-65,FALSE
mk|opstina resen,MK,Opstina Resen,MK-66,FALSE
mk|resen municipality,MK,Resen Municipality,MK-66,FALSE
mk|vardar,MK,Vardar,MK-67,FALSE
mk|opstina rosoman,MK,Opstina Rosoman,MK-67,FALSE
mk|opstina saraj,MK,Opstina Saraj,MK-68,FALSE
mk|opstina petrovec,MK,Opstina Petrovec,MK-85,FALSE
mk|sopiste,MK,Sopiste,MK-70,FALSE
mk|opstina sopiste,MK,Opstina Sopiste,MK-70,FALSE
mk|staro nagoricane,MK,Staro Nagoricane,MK-71,FALSE
mk|northeastern,MK,Northeastern,MK-71,FALSE
mk|opstina staro nagoricane,MK,Opstina Staro Nagoricane,MK-71,FALSE
mk|stip,MK,Stip,MK-83,FALSE
mk|opstina stip,MK,Opstina Stip,MK-83,FALSE
mk|opstina struga,MK,Opstina Struga,MK-72,FALSE
mk|struga municipality,MK,Struga Municipality,MK-72,FALSE
mk|strumica,MK,Strumica,MK-73,FALSE
mk|opstina strumica,MK,Opstina Strumica,MK-73,FALSE
mk|studenicani,MK,Studenicani,MK-74,FALSE
mk|opstina studenicani,MK,Opstina Studenicani,MK-74,FALSE
mk|suto orizari,MK,Suto Orizari,MK-84,FALSE
mk|opstina suto orizari,MK,Opstina Suto Orizari,MK-84,FALSE
mk|opstina sveti nikole,MK,Opstina Sveti Nikole,MK-69,FALSE
mk|opstina tearce,MK,Opstina Tearce,MK-75,FALSE
mk|opstina tetovo,MK,Opstina Tetovo,MK-76,FALSE
mk|opstina valandovo,MK,Opstina Valandovo,MK-10,FALSE
mk|opstina vasilevo,MK,Opstina Vasilevo,MK-11,FALSE
mk|vasilevo municipality,MK,Vasilevo Municipality,MK-11,FALSE
mk|opstina veles,MK,Opstina Veles,MK-13,FALSE
mk|vevcani,MK,Vevcani,MK-12,FALSE
mk|opstina vevcani,MK,Opstina Vevcani,MK-12,FALSE
mk|vinitsa,MK,Vinitsa,MK-14,FALSE
mk|opstina vinica,MK,Opstina Vinica,MK-14,FALSE
mk|vinica municipality,MK,Vinica Municipality,MK-14,FALSE
mk|vranestica,MK,Vranestica,MK-15,FALSE
mk|opstina vranestica,MK,Opstina Vranestica,MK-15,FALSE
mk|vranestica municipality,MK,Vranestica Municipality,MK-15,FALSE
mk|vrapciste,MK,Vrapciste,MK-16,FALSE
mk|vrapčište,MK,Vrapčište,MK-16,FALSE
mk|polog,MK,Polog,MK-16,FALSE
mk|opstina vrapciste,MK,Opstina Vrapciste,MK-16,FALSE
mk|opstina zajas,MK,Opstina Zajas,MK-31,FALSE
mk|opstina zelenikovo,MK,Opstina Zelenikovo,MK-32,FALSE
mk|zelenikovo municipality,MK,Zelenikovo Municipality,MK-32,FALSE
mk|zelino,MK,Zelino,MK-30,FALSE
mk|opstina zelino,MK,Opstina Zelino,MK-30,FALSE
mk|opstina zrnovci,MK,Opstina Zrnovci,MK-33,FALSE
mk|zrnovci municipality,MK,Zrnovci Municipality,MK-33,FALSE
ml|bamako region,ML,Bamako Region,ML-BKO,FALSE
ml|gao region,ML,Gao Region,ML-7,FALSE
ml|kayes region,ML,Kayes Region,ML-1,FALSE
ml|kidal region,ML,Kidal Region,ML-8,FALSE
ml|koulikoro region,ML,Koulikoro Region,ML-2,FALSE
ml|mopti region,ML,Mopti Region,ML-5,FALSE
ml|segou,ML,Segou,ML-4,FALSE
ml|segou region,ML,Segou Region,ML-4,FALSE
ml|wassoulou,ML,Wassoulou,ML-3,FALSE
ml|sikasso region,ML,Sikasso Region,ML-3,FALSE
ml|tombouctou,ML,Tombouctou,ML-6,FALSE
ml|timbouctou,ML,Timbouctou,ML-6,FALSE
ml|timbuct,ML,Timbuct,ML-6,FALSE
ml|timbuctu,ML,Timbuctu,ML-6,FALSE
ml|tombuktu,ML,Tombuktu,ML-6,FALSE
ml|tombuctú,ML,Tombuctú,ML-6,FALSE
ml|tombuctu,ML,Tombuctu,ML-6,FALSE
ml|tomboucto,ML,Tomboucto,ML-6,FALSE
ml|tombouctou region,ML,Tombouctou Region,ML-6,FALSE
mm|irrawaddy,MM,Irrawaddy,MM-07,FALSE
mm|ayeyarwaddy,MM,Ayeyarwaddy,MM-07,FALSE
mm|ayeyawady,MM,Ayeyawady,MM-07,FALSE
mm|irawadi,MM,Irawadi,MM-07,FALSE
mm|irraouaddi,MM,Irraouaddi,MM-07,FALSE
mm|irrauaddy,MM,Irrauaddy,MM-07,FALSE
mm|ayeyarwady division,MM,Ayeyarwady Division,MM-07,FALSE
mm|pégou,MM,Pégou,MM-02,FALSE
mm|pegou,MM,Pegou,MM-02,FALSE
mm|pegu,MM,Pegu,MM-02,FALSE
mm|bago division,MM,Bago Division,MM-02,FALSE
mm|chin state,MM,Chin State,MM-14,FALSE
mm|chin hills,MM,Chin Hills,MM-14,FALSE
mm|kachin state,MM,Kachin State,MM-11,FALSE
mm|jingphaw mungdaw,MM,Jingphaw Mungdaw,MM-11,FALSE
mm|kayah state,MM,Kayah State,MM-12,FALSE
mm|karenni,MM,Karenni,MM-12,FALSE
mm|kayin state,MM,Kayin State,MM-13,FALSE
mm|kawthulei,MM,Kawthulei,MM-13,FALSE
mm|karen,MM,Karen,MM-13,FALSE
mm|karin,MM,Karin,MM-13,FALSE
mm|kawthoolei,MM,Kawthoolei,MM-13,FALSE
mm|kawthulay,MM,Kawthulay,MM-13,FALSE
mm|magwe,MM,Magwe,MM-03,FALSE
mm|minbu,MM,Minbu,MM-03,FALSE
mm|magway division,MM,Magway Division,MM-03,FALSE
mm|mandalay division,MM,Mandalay Division,MM-04,FALSE
mm|mon state,MM,Mon State,MM-15,FALSE
mm|mun,MM,Mun,MM-15,FALSE
mm|rakhine state,MM,Rakhine State,MM-16,FALSE
mm|arakan,MM,Arakan,MM-16,FALSE
mm|sagaing division,MM,Sagaing Division,MM-01,FALSE
mm|shan state,MM,Shan State,MM-17,FALSE
mm|tenasserim,MM,Tenasserim,MM-05,FALSE
mm|thanintharyi,MM,Thanintharyi,MM-05,FALSE
mm|tanintharyi division,MM,Tanintharyi Division,MM-05,FALSE
mm|rangoon,MM,Rangoon,MM-06,FALSE
mm|rangum,MM,Rangum,MM-06,FALSE
mm|rangun,MM,Rangun,MM-06,FALSE
mm|rang£n,MM,Rang£n,MM-06,FALSE
mm|yangon division,MM,Yangon Division,MM-06,FALSE
mn|arkhangai,MN,Arkhangai,MN-073,FALSE
mn|alahangai,MN,Alahangai,MN-073,FALSE
mn|ara hangay,MN,Ara Hangay,MN-073,FALSE
mn|ara-khangai,MN,Ara-Khangai,MN-073,FALSE
mn|archangaj,MN,Archangaj,MN-073,FALSE
mn|north hangay,MN,North Hangay,MN-073,FALSE
mn|north khangai,MN,North Khangai,MN-073,FALSE
mn|archangai,MN,Archangai,MN-073,FALSE
mn|arhangay aymag,MN,Arhangay Aymag,MN-073,FALSE
mn|bayan-olgiy,MN,Bayan-Olgiy,MN-071,FALSE
mn|bayan-ölgii,MN,Bayan-Ölgii,MN-071,FALSE
mn|bayan-olgii,MN,Bayan-Olgii,MN-071,FALSE
mn|bajan-ölgij,MN,Bajan-Ölgij,MN-071,FALSE
mn|bajan-olgij,MN,Bajan-Olgij,MN-071,FALSE
mn|bayan ölögey,MN,Bayan Ölögey,MN-071,FALSE
mn|bayan ologey,MN,Bayan Ologey,MN-071,FALSE
mn|bayan-ulegei,MN,Bayan-Ulegei,MN-071,FALSE
mn|bayanulgee,MN,Bayanulgee,MN-071,FALSE
mn|bayan-ulgii,MN,Bayan-Ulgii,MN-071,FALSE
mn|bajan-ulegei,MN,Bajan-Ulegei,MN-071,FALSE
mn|bayan-olgiy aymag,MN,Bayan-Olgiy Aymag,MN-071,FALSE
mn|bayankhongor,MN,Bayankhongor,MN-069,FALSE
mn|bajan-chongor,MN,Bajan-Chongor,MN-069,FALSE
mn|bayan khangor,MN,Bayan Khangor,MN-069,FALSE
mn|bayan khongor,MN,Bayan Khongor,MN-069,FALSE
mn|bayanhongor aymag,MN,Bayanhongor Aymag,MN-069,FALSE
mn|bulagan,MN,Bulagan,MN-067,FALSE
mn|bulgan aymag,MN,Bulgan Aymag,MN-067,FALSE
mn|darkhan-uul,MN,Darkhan-Uul,MN-037,FALSE
mn|darchan,MN,Darchan,MN-037,FALSE
mn|darhan,MN,Darhan,MN-037,FALSE
mn|darkhan,MN,Darkhan,MN-037,FALSE
mn|darchan-uul,MN,Darchan-Uul,MN-037,FALSE
mn|darhan-uul aymag,MN,Darhan-Uul Aymag,MN-037,FALSE
mn|choibalsan,MN,Choibalsan,MN-061,FALSE
mn|choybalsan,MN,Choybalsan,MN-061,FALSE
mn|doronad,MN,Doronad,MN-061,FALSE
mn|doronod,MN,Doronod,MN-061,FALSE
mn|eastern,MN,Eastern,MN-061,FALSE
mn|dornod aymag,MN,Dornod Aymag,MN-061,FALSE
mn|dornogobi,MN,Dornogobi,MN-063,FALSE
mn|dornogov',MN,Dornogov',MN-063,FALSE
mn|dornogov,MN,Dornogov,MN-063,FALSE
mn|dorono gobi,MN,Dorono Gobi,MN-063,FALSE
mn|east gobi,MN,East Gobi,MN-063,FALSE
mn|dornogow',MN,Dornogow',MN-063,FALSE
mn|dornogow,MN,Dornogow,MN-063,FALSE
mn|ostgobi,MN,Ostgobi,MN-063,FALSE
mn|g¢bi oriental,MN,G¢bi Oriental,MN-063,FALSE
mn|dornogovi aymag,MN,Dornogovi Aymag,MN-063,FALSE
mn|central gobi,MN,Central Gobi,MN-059,FALSE
mn|dunda gobi,MN,Dunda Gobi,MN-059,FALSE
mn|dundgobi,MN,Dundgobi,MN-059,FALSE
mn|dundgov',MN,Dundgov',MN-059,FALSE
mn|dundgov,MN,Dundgov,MN-059,FALSE
mn|middle gobi,MN,Middle Gobi,MN-059,FALSE
mn|dundgow',MN,Dundgow',MN-059,FALSE
mn|dundgow,MN,Dundgow,MN-059,FALSE
mn|mittelgobi,MN,Mittelgobi,MN-059,FALSE
mn|g¢bi central,MN,G¢bi Central,MN-059,FALSE
mn|dundgovi aymag,MN,Dundgovi Aymag,MN-059,FALSE
mn|zavkhan,MN,Zavkhan,MN-057,FALSE
mn|dsawchan,MN,Dsawchan,MN-057,FALSE
mn|dzabhan,MN,Dzabhan,MN-057,FALSE
mn|dzabkhan,MN,Dzabkhan,MN-057,FALSE
mn|dzavchan,MN,Dzavchan,MN-057,FALSE
mn|psapchyn,MN,Psapchyn,MN-057,FALSE
mn|zavhan,MN,Zavhan,MN-057,FALSE
mn|dzavhan aymag,MN,Dzavhan Aymag,MN-057,FALSE
mn|govi-altai,MN,Govi-Altai,MN-065,FALSE
mn|gobi-altai,MN,Gobi-Altai,MN-065,FALSE
mn|gobi altay,MN,Gobi Altay,MN-065,FALSE
mn|gov'altaj,MN,Gov'altaj,MN-065,FALSE
mn|govaltaj,MN,Govaltaj,MN-065,FALSE
mn|gov'altay,MN,Gov'altay,MN-065,FALSE
mn|govaltay,MN,Govaltay,MN-065,FALSE
mn|govyaltaj,MN,Govyaltaj,MN-065,FALSE
mn|gow'altai,MN,Gow'altai,MN-065,FALSE
mn|gowaltai,MN,Gowaltai,MN-065,FALSE
mn|govi-altay aymag,MN,Govi-Altay Aymag,MN-065,FALSE
mn|govi-sumber,MN,Govi-Sumber,MN-064,FALSE
mn|govisümber,MN,Govisümber,MN-064,FALSE
mn|govisumber,MN,Govisumber,MN-064,FALSE
mn|gobisumber,MN,Gobisumber,MN-064,FALSE
mn|khentii,MN,Khentii,MN-039,FALSE
mn|chentii,MN,Chentii,MN-039,FALSE
mn|chentij,MN,Chentij,MN-039,FALSE
mn|hentey,MN,Hentey,MN-039,FALSE
mn|hentii,MN,Hentii,MN-039,FALSE
mn|kentai,MN,Kentai,MN-039,FALSE
mn|kentei,MN,Kentei,MN-039,FALSE
mn|khentei,MN,Khentei,MN-039,FALSE
mn|khenti,MN,Khenti,MN-039,FALSE
mn|hentiy aymag,MN,Hentiy Aymag,MN-039,FALSE
mn|khovd,MN,Khovd,MN-043,FALSE
mn|chovd,MN,Chovd,MN-043,FALSE
mn|hobdo,MN,Hobdo,MN-043,FALSE
mn|khobdo,MN,Khobdo,MN-043,FALSE
mn|kobdo,MN,Kobdo,MN-043,FALSE
mn|chowd,MN,Chowd,MN-043,FALSE
mn|hovd aymag,MN,Hovd Aymag,MN-043,FALSE
mn|hovsgol,MN,Hovsgol,MN-041,FALSE
mn|khövsgöl,MN,Khövsgöl,MN-041,FALSE
mn|khovsgol,MN,Khovsgol,MN-041,FALSE
mn|chövsgöl,MN,Chövsgöl,MN-041,FALSE
mn|chovsgol,MN,Chovsgol,MN-041,FALSE
mn|chuwsgul,MN,Chuwsgul,MN-041,FALSE
mn|hobsgol,MN,Hobsgol,MN-041,FALSE
mn|höbsögöl,MN,Höbsögöl,MN-041,FALSE
mn|hobsogol,MN,Hobsogol,MN-041,FALSE
mn|hubsugul,MN,Hubsugul,MN-041,FALSE
mn|khubsugal,MN,Khubsugal,MN-041,FALSE
mn|khubsugud,MN,Khubsugud,MN-041,FALSE
mn|khubsugul,MN,Khubsugul,MN-041,FALSE
mn|kossogol,MN,Kossogol,MN-041,FALSE
mn|hovsgol aymag,MN,Hovsgol Aymag,MN-041,FALSE
mn|omnogovi,MN,Omnogovi,MN-053,FALSE
mn|góbi do sul,MN,Góbi do Sul,MN-053,FALSE
mn|gobi do sul,MN,Gobi do Sul,MN-053,FALSE
mn|ömnögov',MN,Ömnögov',MN-053,FALSE
mn|omnogov',MN,Omnogov',MN-053,FALSE
mn|ömnögov,MN,Ömnögov,MN-053,FALSE
mn|omnogov,MN,Omnogov,MN-053,FALSE
mn|ömönö gobi,MN,Ömönö Gobi,MN-053,FALSE
mn|omono gobi,MN,Omono Gobi,MN-053,FALSE
mn|south gobi,MN,South Gobi,MN-053,FALSE
mn|umnu,MN,Umnu,MN-053,FALSE
mn|ömnögow',MN,Ömnögow',MN-053,FALSE
mn|omnogow',MN,Omnogow',MN-053,FALSE
mn|ömnögow,MN,Ömnögow,MN-053,FALSE
mn|omnogow,MN,Omnogow,MN-053,FALSE
mn|südgobi,MN,Südgobi,MN-053,FALSE
mn|sudgobi,MN,Sudgobi,MN-053,FALSE
mn|omnogovi aymag,MN,Omnogovi Aymag,MN-053,FALSE
mn|orkhon,MN,Orkhon,MN-035,FALSE
mn|erdenet,MN,Erdenet,MN-035,FALSE
mn|orhon aymag,MN,Orhon Aymag,MN-035,FALSE
mn|ovorhangay,MN,Ovorhangay,MN-055,FALSE
mn|övörkhangai,MN,Övörkhangai,MN-055,FALSE
mn|ovorkhangai,MN,Ovorkhangai,MN-055,FALSE
mn|öbör hangay,MN,Öbör Hangay,MN-055,FALSE
mn|obor hangay,MN,Obor Hangay,MN-055,FALSE
mn|övörchangaj,MN,Övörchangaj,MN-055,FALSE
mn|ovorchangaj,MN,Ovorchangaj,MN-055,FALSE
mn|south hangay,MN,South Hangay,MN-055,FALSE
mn|south khangai,MN,South Khangai,MN-055,FALSE
mn|ublhangai,MN,Ublhangai,MN-055,FALSE
mn|ubur-khangai,MN,Ubur-Khangai,MN-055,FALSE
mn|öwörchangai,MN,Öwörchangai,MN-055,FALSE
mn|oworchangai,MN,Oworchangai,MN-055,FALSE
mn|uwurchangaj,MN,Uwurchangaj,MN-055,FALSE
mn|ovorhangay aymag,MN,Ovorhangay Aymag,MN-055,FALSE
mn|selenga,MN,Selenga,MN-049,FALSE
mn|selenge aymag,MN,Selenge Aymag,MN-049,FALSE
mn|suhbaatar,MN,Suhbaatar,MN-051,FALSE
mn|sükhbaatar,MN,Sükhbaatar,MN-051,FALSE
mn|sukhbaatar,MN,Sukhbaatar,MN-051,FALSE
mn|sühe baatar,MN,Sühe Baatar,MN-051,FALSE
mn|suhe baatar,MN,Suhe Baatar,MN-051,FALSE
mn|suhe-bator,MN,Suhe-Bator,MN-051,FALSE
mn|sukh-batar,MN,Sukh-Batar,MN-051,FALSE
mn|sukhe-bator,MN,Sukhe-Bator,MN-051,FALSE
mn|süchbaatar,MN,Süchbaatar,MN-051,FALSE
mn|suchbaatar,MN,Suchbaatar,MN-051,FALSE
mn|suhbaatar aymag,MN,Suhbaatar Aymag,MN-051,FALSE
mn|tov,MN,Tov,MN-047,FALSE
mn|central,MN,Central,MN-047,FALSE
mn|töb,MN,Töb,MN-047,FALSE
mn|tob,MN,Tob,MN-047,FALSE
mn|tub,MN,Tub,MN-047,FALSE
mn|tuvaimag,MN,Tuvaimag,MN-047,FALSE
mn|töw,MN,Töw,MN-047,FALSE
mn|tow,MN,Tow,MN-047,FALSE
mn|tuw,MN,Tuw,MN-047,FALSE
mn|tov aymag,MN,Tov Aymag,MN-047,FALSE
mn|oulan-bator,MN,Oulan-Bator,MN-1,FALSE
mn|ulan bator,MN,Ulan Bator,MN-1,FALSE
mn|ulan bator choto,MN,Ulan Bator Choto,MN-1,FALSE
mn|ulaanbaatar hot,MN,Ulaanbaatar Hot,MN-1,FALSE
mn|ubs,MN,Ubs,MN-046,FALSE
mn|ubsa nor,MN,Ubsa Nor,MN-046,FALSE
mn|ubsa nur,MN,Ubsa Nur,MN-046,FALSE
mn|ubsu hur,MN,Ubsu Hur,MN-046,FALSE
mn|upsanol,MN,Upsanol,MN-046,FALSE
mn|uws,MN,Uws,MN-046,FALSE
mn|uvs aymag,MN,Uvs Aymag,MN-046,FALSE
mp|northern mariana islands,MP,Northern Mariana Islands,MP-~4940,FALSE
mp|northern islands municipality,MP,Northern Islands Municipality,MP-~4940,FALSE
mp|rota municipality,MP,Rota Municipality,MP-~4937,FALSE
mp|saipan municipality,MP,Saipan Municipality,MP-~4939,FALSE
mp|tinian municipality,MP,Tinian Municipality,MP-~4938,FALSE
mr|açaba,MR,Açaba,MR-03,FALSE
mr|acaba,MR,Acaba,MR-03,FALSE
mr|el-`açâba,MR,el-`Açâba,MR-03,FALSE
mr|el-'acaba,MR,el-'Acaba,MR-03,FALSE
mr|el-açâba,MR,el-Açâba,MR-03,FALSE
mr|el-acaba,MR,el-Acaba,MR-03,FALSE
mr|dakhlet nouâdhibou,MR,Dakhlet Nouâdhibou,MR-08,FALSE
mr|baie du lévrier,MR,Baie du Lévrier,MR-08,FALSE
mr|baie du levrier,MR,Baie du Levrier,MR-08,FALSE
mr|lévrier bay,MR,Lévrier Bay,MR-08,FALSE
mr|levrier bay,MR,Levrier Bay,MR-08,FALSE
mr|guidimagha,MR,Guidimagha,MR-10,FALSE
mr|guidimakha,MR,Guidimakha,MR-10,FALSE
mr|eastern hodh,MR,Eastern Hodh,MR-01,FALSE
mr|hodh charghi,MR,Hodh Charghi,MR-01,FALSE
mr|hodh oriental,MR,Hodh Oriental,MR-01,FALSE
mr|hodh occidental,MR,Hodh Occidental,MR-02,FALSE
mr|western hodh,MR,Western Hodh,MR-02,FALSE
mr|district de nouakchott,MR,District de Nouakchott,MR-NKC,FALSE
mr|wilaya du trarza,MR,Wilaya du Trarza,MR-06,FALSE
ms|parish of saint anthony,MS,Parish of Saint Anthony,MS-A,FALSE
ms|saint george,MS,Saint George,MS-G,FALSE
ms|parish of saint georges,MS,Parish of Saint Georges,MS-G,FALSE
ms|parish of saint peter,MS,Parish of Saint Peter,MS-P,FALSE
mt|malta,MT,Malta,MT-01,FALSE
mt|il-birgu,MT,Il-Birgu,MT-03,FALSE
mt|birzebbuga,MT,Birzebbuga,MT-05,FALSE
mt|birzebbugia,MT,Birzebbugia,MT-05,FALSE
mt|bormla,MT,Bormla,MT-06,FALSE
mt|il-fgura,MT,Il-Fgura,MT-08,FALSE
mt|il-furjana,MT,Il-Furjana,MT-09,FALSE
mt|fontana,MT,Fontana,MT-10,FALSE
mt|il-fontana,MT,Il-Fontana,MT-10,FALSE
mt|ghajnsielem,MT,Ghajnsielem,MT-13,FALSE
mt|gharb,MT,Gharb,MT-14,FALSE
mt|l-gharb,MT,L-Gharb,MT-14,FALSE
mt|gharghur,MT,Gharghur,MT-15,FALSE
mt|hal gharghur,MT,Hal Gharghur,MT-15,FALSE
mt|ghasri,MT,Ghasri,MT-16,FALSE
mt|l-ghasri,MT,L-Ghasri,MT-16,FALSE
mt|ghaxaq,MT,Ghaxaq,MT-17,FALSE
mt|hal ghaxaq,MT,Hal Ghaxaq,MT-17,FALSE
mt|il-gudja,MT,Il-Gudja,MT-11,FALSE
mt|gzira,MT,Gzira,MT-12,FALSE
mt|il-gzira,MT,Il-Gzira,MT-12,FALSE
mt|hamrun,MT,Hamrun,MT-18,FALSE
mt|il-hamrun,MT,Il-Hamrun,MT-18,FALSE
mt|l-iklin,MT,L-Iklin,MT-19,FALSE
mt|senglea,MT,Senglea,MT-20,FALSE
mt|città invicta,MT,Città Invicta,MT-20,FALSE
mt|citta invicta,MT,Citta Invicta,MT-20,FALSE
mt|l-isla,MT,L-Isla,MT-20,FALSE
mt|il-kalkara,MT,Il-Kalkara,MT-21,FALSE
mt|kercem,MT,Kercem,MT-22,FALSE
mt|ta' kercem,MT,Ta' Kercem,MT-22,FALSE
mt|ta kercem,MT,Ta Kercem,MT-22,FALSE
mt|il-marsa,MT,Il-Marsa,MT-26,FALSE
mt|marsascala,MT,Marsascala,MT-27,FALSE
mt|l-imdina,MT,L-Imdina,MT-29,FALSE
mt|mellieha,MT,Mellieha,MT-30,FALSE
mt|il-mellieħa,MT,Il-Mellieħa,MT-30,FALSE
mt|il-mellieha,MT,Il-Mellieha,MT-30,FALSE
mt|mgarr,MT,Mgarr,MT-31,FALSE
mt|l-imgarr,MT,L-Imgarr,MT-31,FALSE
mt|il-mosta,MT,Il-Mosta,MT-32,FALSE
mt|l-imqabba,MT,L-Imqabba,MT-33,FALSE
mt|l-imsida,MT,L-Imsida,MT-34,FALSE
mt|imtarfa,MT,Imtarfa,MT-35,FALSE
mt|l-imtarfa,MT,L-Imtarfa,MT-35,FALSE
mt|il-munxar,MT,Il-Munxar,MT-36,FALSE
mt|in-nadur,MT,In-Nadur,MT-37,FALSE
mt|in-naxxar,MT,In-Naxxar,MT-38,FALSE
mt|pieta,MT,Pieta,MT-41,FALSE
mt|tal-pieta,MT,Tal-Pieta,MT-41,FALSE
mt|il-qala,MT,Il-Qala,MT-42,FALSE
mt|il-qrendi,MT,Il-Qrendi,MT-44,FALSE
mt|st. julian's,MT,St. Julian's,MT-48,FALSE
mt|st. julians,MT,St. Julians,MT-48,FALSE
mt|saint julian,MT,Saint Julian,MT-48,FALSE
mt|san gwann,MT,San Gwann,MT-49,FALSE
mt|saint john,MT,Saint John,MT-49,FALSE
mt|saint lawrence,MT,Saint Lawrence,MT-50,FALSE
mt|st. paul's bay,MT,St. Paul's Bay,MT-51,FALSE
mt|st. pauls bay,MT,St. Pauls Bay,MT-51,FALSE
mt|saint paul's bay,MT,Saint Paul's Bay,MT-51,FALSE
mt|saint pauls bay,MT,Saint Pauls Bay,MT-51,FALSE
mt|santa lucija,MT,Santa Lucija,MT-53,FALSE
mt|saint lucia,MT,Saint Lucia,MT-53,FALSE
mt|saint venera,MT,Saint Venera,MT-54,FALSE
mt|siggiewi,MT,Siggiewi,MT-55,FALSE
mt|is-siggiewi,MT,Is-Siggiewi,MT-55,FALSE
mt|tas-sliema,MT,Tas-Sliema,MT-56,FALSE
mt|is-swieqi,MT,Is-Swieqi,MT-57,FALSE
mt|ta xbiex,MT,Ta Xbiex,MT-58,FALSE
mt|il-belt valletta,MT,Il-Belt Valletta,MT-60,FALSE
mt|ir-rabat għawdex,MT,Ir-Rabat Għawdex,MT-45,FALSE
mt|città victoria,MT,Città Victoria,MT-45,FALSE
mt|citta victoria,MT,Citta Victoria,MT-45,FALSE
mt|ir-rabat,MT,Ir-Rabat,MT-45,FALSE
mt|xaghra,MT,Xaghra,MT-61,FALSE
mt|ix-xaghra,MT,Ix-Xaghra,MT-61,FALSE
mt|ix-xewkija,MT,Ix-Xewkija,MT-62,FALSE
mt|xghajra,MT,Xghajra,MT-63,FALSE
mt|ix-xghajra,MT,Ix-Xghajra,MT-63,FALSE
mt|zabbar,MT,Zabbar,MT-64,FALSE
mt|haz-zabbar,MT,Haz-Zabbar,MT-64,FALSE
mt|zebbug,MT,Zebbug,MT-66,FALSE
mt|żebbuġ gozo,MT,Żebbuġ Gozo,MT-66,FALSE
mt|zebbug gozo,MT,Zebbug Gozo,MT-66,FALSE
mt|haz-zebbug,MT,Haz-Zebbug,MT-66,FALSE
mt|zebbug (2),MT,Zebbug (2),MT-65,FALSE
mt|iz-zebbug,MT,Iz-Zebbug,MT-65,FALSE
mt|zejtun,MT,Zejtun,MT-67,FALSE
mt|iz-zejtun,MT,Iz-Zejtun,MT-67,FALSE
mt|zurrieq,MT,Zurrieq,MT-68,FALSE
mt|iz-zurrieq,MT,Iz-Zurrieq,MT-68,FALSE
mu|agalega,MU,Agalega,MU-AG,FALSE
mu|agalega islands,MU,Agalega Islands,MU-AG,FALSE
mu|beau bassin,MU,Beau Bassin,MU-BR,FALSE
mu|plaines wilhems district,MU,Plaines Wilhems District,MU-CU,FALSE
mu|curepipe (2),MU,Curepipe (2),MU-CU,FALSE
mu|flacq district,MU,Flacq District,MU-FL,FALSE
mu|grand port district,MU,Grand Port District,MU-GP,FALSE
mu|moka district,MU,Moka District,MU-MO,FALSE
mu|pamplemousses district,MU,Pamplemousses District,MU-PA,FALSE
mu|port louis city,MU,Port Louis city,MU-PL,FALSE
mu|port louis district,MU,Port Louis District,MU-PL,FALSE
mu|riviere du rempart,MU,Riviere du Rempart,MU-RR,FALSE
mu|riviere du rempart district,MU,Riviere du Rempart District,MU-RR,FALSE
mu|riviere noire,MU,Riviere Noire,MU-BL,FALSE
mu|black river,MU,Black River,MU-BL,FALSE
mu|black river district,MU,Black River District,MU-BL,FALSE
mu|savanne district,MU,Savanne District,MU-SA,FALSE
mu|vacoas,MU,Vacoas,MU-VP,FALSE
mv|addu atoll,MV,Addu Atoll,MV-01,FALSE
mv|seenu,MV,Seenu,MV-01,FALSE
mv|addu city,MV,Addu City,MV-01,FALSE
mv|seenu atholhu,MV,Seenu Atholhu,MV-01,FALSE
mv|alif alif atoll,MV,Alif Alif Atoll,MV-02,FALSE
mv|ari atholhu uthuruburi,MV,Ari Atholhu Uthuruburi,MV-02,FALSE
mv|alifu atholhu,MV,Alifu Atholhu,MV-02,FALSE
mv|alif dhaal atoll,MV,Alif Dhaal Atoll,MV-00,FALSE
mv|ari atholhu dhekunuburi,MV,Ari Atholhu Dhekunuburi,MV-00,FALSE
mv|baa atoll,MV,Baa Atoll,MV-20,FALSE
mv|maalhosmadulu dhekunuburi,MV,Maalhosmadulu Dhekunuburi,MV-20,FALSE
mv|baa atholhu,MV,Baa Atholhu,MV-20,FALSE
mv|dhaalu atoll,MV,Dhaalu Atoll,MV-17,FALSE
mv|nilandhe atholhu dhekunuburi,MV,Nilandhe Atholhu Dhekunuburi,MV-17,FALSE
mv|dhaalu atholhu,MV,Dhaalu Atholhu,MV-17,FALSE
mv|faafu atoll,MV,Faafu Atoll,MV-14,FALSE
mv|nilandhe atholhu uthuruburi,MV,Nilandhe Atholhu Uthuruburi,MV-14,FALSE
mv|faafu atholhu,MV,Faafu Atholhu,MV-14,FALSE
mv|gaafu alif atoll,MV,Gaafu Alif Atoll,MV-27,FALSE
mv|huvadhu atholhu uthuruburi,MV,Huvadhu Atholhu Uthuruburi,MV-27,FALSE
mv|gaafu alifu atholhu,MV,Gaafu Alifu Atholhu,MV-27,FALSE
mv|gaafu dhaalu atoll,MV,Gaafu Dhaalu Atoll,MV-28,FALSE
mv|huvadhu atholhu dhekunuburi,MV,Huvadhu Atholhu Dhekunuburi,MV-28,FALSE
mv|gaafu dhaalu atholhu,MV,Gaafu Dhaalu Atholhu,MV-28,FALSE
mv|gnaviyani atoll,MV,Gnaviyani Atoll,MV-29,FALSE
mv|fuvahmulah,MV,Fuvahmulah,MV-29,FALSE
mv|naviyani,MV,Naviyani,MV-29,FALSE
mv|gnaviyani atholhu,MV,Gnaviyani Atholhu,MV-29,FALSE
mv|haa alif atoll,MV,Haa Alif Atoll,MV-07,FALSE
mv|thiladhunmathi uthuruburi,MV,Thiladhunmathi Uthuruburi,MV-07,FALSE
mv|haa alifu atholhu,MV,Haa Alifu Atholhu,MV-07,FALSE
mv|haa dhaalu atoll,MV,Haa Dhaalu Atoll,MV-23,FALSE
mv|thiladhunmathi dhekunuburi,MV,Thiladhunmathi Dhekunuburi,MV-23,FALSE
mv|haa dhaalu atholhu,MV,Haa Dhaalu Atholhu,MV-23,FALSE
mv|kaafu atoll,MV,Kaafu Atoll,MV-26,FALSE
mv|malé atholhu,MV,Malé Atholhu,MV-26,FALSE
mv|male atholhu,MV,Male Atholhu,MV-26,FALSE
mv|laamu atoll,MV,Laamu Atoll,MV-05,FALSE
mv|haddhunmathi,MV,Haddhunmathi,MV-05,FALSE
mv|laamu atholhu,MV,Laamu Atholhu,MV-05,FALSE
mv|lhaviyani atoll,MV,Lhaviyani Atoll,MV-03,FALSE
mv|faadhippolhu,MV,Faadhippolhu,MV-03,FALSE
mv|lhaviyani atholhu,MV,Lhaviyani Atholhu,MV-03,FALSE
mv|male,MV,Male,MV-12,FALSE
mv|meemu,MV,Meemu,MV-12,FALSE
mv|meemu atoll,MV,Meemu Atoll,MV-12,FALSE
mv|male city,MV,Male City,MV-12,FALSE
mv|mulak atholhu,MV,Mulak Atholhu,MV-12,FALSE
mv|maale,MV,Maale,MV-12,FALSE
mv|meemu atholhu,MV,Meemu Atholhu,MV-12,FALSE
mv|noonu atoll,MV,Noonu Atoll,MV-25,FALSE
mv|miladhunmadulu dhekunuburi,MV,Miladhunmadulu Dhekunuburi,MV-25,FALSE
mv|raa atoll,MV,Raa Atoll,MV-13,FALSE
mv|maalhosmadulu uthuruburi,MV,Maalhosmadulu Uthuruburi,MV-13,FALSE
mv|raa atholhu,MV,Raa Atholhu,MV-13,FALSE
mv|shaviyani atoll,MV,Shaviyani Atoll,MV-24,FALSE
mv|miladhunmadulu uthuruburi,MV,Miladhunmadulu Uthuruburi,MV-24,FALSE
mv|shaviyani atholhu,MV,Shaviyani Atholhu,MV-24,FALSE
mv|thaa atoll,MV,Thaa Atoll,MV-08,FALSE
mv|kolhumadulu,MV,Kolhumadulu,MV-08,FALSE
mv|thaa atholhu,MV,Thaa Atholhu,MV-08,FALSE
mv|vaavu atoll,MV,Vaavu Atoll,MV-04,FALSE
mv|felidhu atholhu,MV,Felidhu Atholhu,MV-04,FALSE
mv|vaavu atholhu,MV,Vaavu Atholhu,MV-04,FALSE
mw|balaka district,MW,Balaka District,MW-BA,FALSE
mw|blantyre district,MW,Blantyre District,MW-BL,FALSE
mw|chikwawa district,MW,Chikwawa District,MW-CK,FALSE
mw|chiradzulu district,MW,Chiradzulu District,MW-CR,FALSE
mw|karonga district,MW,Karonga District,MW-CT,FALSE
mw|chitipa district,MW,Chitipa District,MW-CT,FALSE
mw|dedza district,MW,Dedza District,MW-DE,FALSE
mw|dowa district,MW,Dowa District,MW-DO,FALSE
mw|kasungu district,MW,Kasungu District,MW-KS,FALSE
mw|likoma district,MW,Likoma District,MW-LK,FALSE
mw|lilongwe district,MW,Lilongwe District,MW-LI,FALSE
mw|kasupe,MW,Kasupe,MW-MH,FALSE
mw|kasupi,MW,Kasupi,MW-MH,FALSE
mw|liwonde,MW,Liwonde,MW-MH,FALSE
mw|machinga district,MW,Machinga District,MW-MH,FALSE
mw|mangoche,MW,Mangoche,MW-MG,FALSE
mw|fort johnston,MW,Fort Johnston,MW-MG,FALSE
mw|mangochi district,MW,Mangochi District,MW-MG,FALSE
mw|fort manning,MW,Fort Manning,MW-MC,FALSE
mw|mchinji district,MW,Mchinji District,MW-MC,FALSE
mw|mlange,MW,Mlange,MW-MU,FALSE
mw|mlanje,MW,Mlanje,MW-MU,FALSE
mw|mulanje district,MW,Mulanje District,MW-MU,FALSE
mw|mwanza district,MW,Mwanza District,MW-MW,FALSE
mw|mzimba district,MW,Mzimba District,MW-MZ,FALSE
mw|neno district,MW,Neno District,MW-NE,FALSE
mw|chinteche,MW,Chinteche,MW-NB,FALSE
mw|nkhata bay district,MW,Nkhata Bay District,MW-NB,FALSE
mw|kota kota,MW,Kota Kota,MW-NK,FALSE
mw|nkhotakota district,MW,Nkhotakota District,MW-NK,FALSE
mw|port herald,MW,Port Herald,MW-NS,FALSE
mw|nsanje district,MW,Nsanje District,MW-NS,FALSE
mw|ncheu,MW,Ncheu,MW-NU,FALSE
mw|ntcheu district,MW,Ntcheu District,MW-NU,FALSE
mw|nchisi,MW,Nchisi,MW-NI,FALSE
mw|ntchisi district,MW,Ntchisi District,MW-NI,FALSE
mw|phalombe district,MW,Phalombe District,MW-PH,FALSE
mw|rumpi,MW,Rumpi,MW-RU,FALSE
mw|rumphi district,MW,Rumphi District,MW-RU,FALSE
mw|salima district,MW,Salima District,MW-SA,FALSE
mw|cholo,MW,Cholo,MW-TH,FALSE
mw|thyolo district,MW,Thyolo District,MW-TH,FALSE
mw|zomba district,MW,Zomba District,MW-ZO,FALSE
mx|estado de aguascalientes,MX,Estado de Aguascalientes,MX-AGU,FALSE
mx|estado de baja california,MX,Estado de Baja California,MX-BCN,FALSE
mx|estado de baja california sur,MX,Estado de Baja California Sur,MX-BCS,FALSE
mx|estado de campeche,MX,Estado de Campeche,MX-CAM,FALSE
mx|estado de chiapas,MX,Estado de Chiapas,MX-CHP,FALSE
mx|estado de chihuahua,MX,Estado de Chihuahua,MX-CHH,FALSE
mx|estado de coahuila de zaragoza,MX,Estado de Coahuila de Zaragoza,MX-COA,FALSE
mx|estado de colima,MX,Estado de Colima,MX-COL,FALSE
mx|mexico,MX,Mexico,MX-DIF,FALSE
mx|estado de durango,MX,Estado de Durango,MX-DUR,FALSE
mx|estado de guanajuato,MX,Estado de Guanajuato,MX-GUA,FALSE
mx|estado de guerrero,MX,Estado de Guerrero,MX-GRO,FALSE
mx|estado de hidalgo,MX,Estado de Hidalgo,MX-HID,FALSE
mx|estado de jalisco,MX,Estado de Jalisco,MX-JAL,FALSE
mx|state of mexico,MX,State of Mexico,MX-MEX,FALSE
mx|estado de mexico,MX,Estado de Mexico,MX-MEX,FALSE
mx|michoacan,MX,Michoacan,MX-MIC,FALSE
mx|estado de michoacan de ocampo,MX,Estado de Michoacan de Ocampo,MX-MIC,FALSE
mx|estado de morelos,MX,Estado de Morelos,MX-MOR,FALSE
mx|estado de nayarit,MX,Estado de Nayarit,MX-NAY,FALSE
mx|nuevo leon,MX,Nuevo Leon,MX-NLE,FALSE
mx|estado de nuevo leon,MX,Estado de Nuevo Leon,MX-NLE,FALSE
mx|estado de oaxaca,MX,Estado de Oaxaca,MX-OAX,FALSE
mx|estado de puebla,MX,Estado de Puebla,MX-PUE,FALSE
mx|queretaro,MX,Queretaro,MX-QUE,FALSE
mx|estado de queretaro de arteaga,MX,Estado de Queretaro de Arteaga,MX-QUE,FALSE
mx|estado de quintana roo,MX,Estado de Quintana Roo,MX-ROO,FALSE
mx|san luis potosi,MX,San Luis Potosi,MX-SLP,FALSE
mx|estado de san luis potosi,MX,Estado de San Luis Potosi,MX-SLP,FALSE
mx|estado de sinaloa,MX,Estado de Sinaloa,MX-SIN,FALSE
mx|estado de sonora,MX,Estado de Sonora,MX-SON,FALSE
mx|estado de tabasco,MX,Estado de Tabasco,MX-TAB,FALSE
mx|estado de tamaulipas,MX,Estado de Tamaulipas,MX-TAM,FALSE
mx|estado de tlaxcala,MX,Estado de Tlaxcala,MX-TLA,FALSE
mx|estado de veracruz-llave,MX,Estado de Veracruz-Llave,MX-VER,FALSE
mx|yucatan,MX,Yucatan,MX-YUC,FALSE
mx|estado de yucatan,MX,Estado de Yucatan,MX-YUC,FALSE
mx|estado de zacatecas,MX,Estado de Zacatecas,MX-ZAC,FALSE
my|johor darul takzim,MY,Johor Darul Takzim,MY-01,FALSE
my|johore,MY,Johore,MY-01,FALSE
my|kedah darul aman,MY,Kedah Darul Aman,MY-02,FALSE
my|north borneo,MY,North Borneo,MY-15,FALSE
my|malacca,MY,Malacca,MY-04,FALSE
my|malaka,MY,Malaka,MY-04,FALSE
my|negeri sembilan darul khusus,MY,Negeri Sembilan Darul Khusus,MY-05,FALSE
my|negri sembilan,MY,Negri Sembilan,MY-05,FALSE
my|pahang darul makmur,MY,Pahang Darul Makmur,MY-06,FALSE
my|perak darul ridzuan,MY,Perak Darul Ridzuan,MY-08,FALSE
my|perlis indra kayangan,MY,Perlis Indra Kayangan,MY-09,FALSE
my|penang,MY,Penang,MY-07,FALSE
my|penang and province wellesley,MY,Penang and Province Wellesley,MY-07,FALSE
my|selangor darul ehsan,MY,Selangor Darul Ehsan,MY-10,FALSE
my|terengganu darul iman,MY,Terengganu Darul Iman,MY-11,FALSE
my|trengganu,MY,Trengganu,MY-11,FALSE
mz|cabo delgado province,MZ,Cabo Delgado Province,MZ-P,FALSE
mz|gaza province,MZ,Gaza Province,MZ-G,FALSE
mz|inhambane province,MZ,Inhambane Province,MZ-I,FALSE
mz|manica province,MZ,Manica Province,MZ-B,FALSE
mz|maputo province,MZ,Maputo Province,MZ-L,FALSE
mz|cidade de maputo,MZ,Cidade de Maputo,MZ-L,FALSE
mz|moçambique,MZ,Moçambique,MZ-N,FALSE
mz|mocambique,MZ,Mocambique,MZ-N,FALSE
mz|mozambique,MZ,Mozambique,MZ-N,FALSE
mz|niassa province,MZ,Niassa Province,MZ-A,FALSE
mz|sofala province,MZ,Sofala Province,MZ-S,FALSE
mz|provincia de zambezia,MZ,Provincia de Zambezia,MZ-Q,FALSE
na|zambezi,NA,Zambezi,NA-CA,FALSE
na|okavango,NA,Okavango,NA-OK,FALSE
nc|iles loyaute,NC,Iles Loyaute,NC-~1258,FALSE
nc|loyalty islands,NC,Loyalty Islands,NC-~1258,FALSE
nc|islas de la lealtad,NC,Islas de la Lealtad,NC-~1258,FALSE
nc|province des iles loyaute,NC,Province des iles Loyaute,NC-~1258,FALSE
nc|north,NC,North,NC-~559,FALSE
nc|province nord,NC,Province Nord,NC-~559,FALSE
nc|south,NC,South,NC-~1259,FALSE
nc|province sud,NC,Province Sud,NC-~1259,FALSE
ne|agadès,NE,Agadès,NE-1,FALSE
ne|agades,NE,Agades,NE-1,FALSE
ne|dosso region,NE,Dosso Region,NE-3,FALSE
ne|tillaberi,NE,Tillaberi,NE-6,FALSE
ne|tillaberi region,NE,Tillaberi Region,NE-6,FALSE
ng|abia state,NG,Abia State,NG-AB,FALSE
ng|adamawa state,NG,Adamawa State,NG-AD,FALSE
ng|akwa ibom state,NG,Akwa Ibom State,NG-AK,FALSE
ng|anambra state,NG,Anambra State,NG-AN,FALSE
ng|bauchi state,NG,Bauchi State,NG-BA,FALSE
ng|bayelsa state,NG,Bayelsa State,NG-BY,FALSE
ng|benue state,NG,Benue State,NG-BE,FALSE
ng|borno state,NG,Borno State,NG-BO,FALSE
ng|cross river state,NG,Cross River State,NG-CR,FALSE
ng|delta state,NG,Delta State,NG-DE,FALSE
ng|ebonyi state,NG,Ebonyi State,NG-EB,FALSE
ng|edo state,NG,Edo State,NG-ED,FALSE
ng|ekiti state,NG,Ekiti State,NG-EK,FALSE
ng|enugu state,NG,Enugu State,NG-EN,FALSE
ng|abuja,NG,Abuja,NG-FC,FALSE
ng|gombe state,NG,Gombe State,NG-GO,FALSE
ng|imo state,NG,Imo State,NG-IM,FALSE
ng|jigawa state,NG,Jigawa State,NG-JI,FALSE
ng|kaduna state,NG,Kaduna State,NG-KD,FALSE
ng|kano state,NG,Kano State,NG-KN,FALSE
ng|katsina state,NG,Katsina State,NG-KT,FALSE
ng|kebbi state,NG,Kebbi State,NG-KE,FALSE
ng|kogi state,NG,Kogi State,NG-KO,FALSE
ng|kwara state,NG,Kwara State,NG-KW,FALSE
ng|lagos state,NG,Lagos State,NG-LA,FALSE
ng|nasarawa state,NG,Nasarawa State,NG-NA,FALSE
ng|nassarawa state,NG,Nassarawa State,NG-NA,FALSE
ng|niger state,NG,Niger State,NG-NI,FALSE
ng|ogun state,NG,Ogun State,NG-OG,FALSE
ng|ondo state,NG,Ondo State,NG-ON,FALSE
ng|osun state,NG,Osun State,NG-OS,FALSE
ng|oyo state,NG,Oyo State,NG-OY,FALSE
ng|plateau state,NG,Plateau State,NG-PL,FALSE
ng|rivers state,NG,Rivers State,NG-RI,FALSE
ng|sokoto state,NG,Sokoto State,NG-SO,FALSE
ng|taraba state,NG,Taraba State,NG-TA,FALSE
ng|yobe state,NG,Yobe State,NG-YO,FALSE
ng|zamfara state,NG,Zamfara State,NG-ZA,FALSE
ni|atlantico norte,NI,Atlantico Norte,NI-AN,FALSE
ni|north caribbean coast,NI,North Caribbean Coast,NI-AN,FALSE
ni|región autónoma del atlántico norte,NI,Región Autónoma del Atlántico Norte,NI-AN,FALSE
ni|region autonoma del atlantico norte,NI,Region Autonoma del Atlantico Norte,NI-AN,FALSE
ni|region autonoma atlantico norte,NI,Region Autonoma Atlantico Norte,NI-AN,FALSE
ni|atlantico sur,NI,Atlantico Sur,NI-AS,FALSE
ni|south caribbean coast,NI,South Caribbean Coast,NI-AS,FALSE
ni|region autonoma atlantico sur,NI,Region Autonoma Atlantico Sur,NI-AS,FALSE
ni|departamento de boaco,NI,Departamento de Boaco,NI-BO,FALSE
ni|departamento de carazo,NI,Departamento de Carazo,NI-CA,FALSE
ni|departamento de chinandega,NI,Departamento de Chinandega,NI-CI,FALSE
ni|departamento de chontales,NI,Departamento de Chontales,NI-CO,FALSE
ni|esteli,NI,Esteli,NI-ES,FALSE
ni|estel¡,NI,Estel¡,NI-ES,FALSE
ni|departamento de esteli,NI,Departamento de Esteli,NI-ES,FALSE
ni|departamento de granada,NI,Departamento de Granada,NI-GR,FALSE
ni|departamento de jinotega,NI,Departamento de Jinotega,NI-JI,FALSE
ni|leon,NI,Leon,NI-LE,FALSE
ni|departamento de leon,NI,Departamento de Leon,NI-LE,FALSE
ni|departamento de madriz,NI,Departamento de Madriz,NI-MD,FALSE
ni|departamento de managua,NI,Departamento de Managua,NI-MN,FALSE
ni|departamento de masaya,NI,Departamento de Masaya,NI-MS,FALSE
ni|departamento de matagalpa,NI,Departamento de Matagalpa,NI-MT,FALSE
ni|departamento de nueva segovia,NI,Departamento de Nueva Segovia,NI-NS,FALSE
ni|río san juan,NI,Río San Juan,NI-SJ,FALSE
ni|departamento de rio san juan,NI,Departamento de Rio San Juan,NI-SJ,FALSE
ni|rã­o san juan,NI,RÃ­o San Juan,NI-SJ,FALSE
ni|ra­o san juan,NI,RA­o San Juan,NI-SJ,FALSE
ni|departamento de rivas,NI,Departamento de Rivas,NI-RI,FALSE
nl|provincie drenthe,NL,Provincie Drenthe,NL-DR,FALSE
nl|provincie flevoland,NL,Provincie Flevoland,NL-FL,FALSE
nl|frise,NL,Frise,NL-FR,FALSE
nl|frisia,NL,Frisia,NL-FR,FALSE
nl|frísia,NL,Frísia,NL-FR,FALSE
nl|provincie friesland,NL,Provincie Friesland,NL-FR,FALSE
nl|geldern,NL,Geldern,NL-GE,FALSE
nl|gheldria,NL,Gheldria,NL-GE,FALSE
nl|guelders,NL,Guelders,NL-GE,FALSE
nl|gueldre,NL,Gueldre,NL-GE,FALSE
nl|provincie gelderland,NL,Provincie Gelderland,NL-GE,FALSE
nl|groninga,NL,Groninga,NL-GR,FALSE
nl|groningue,NL,Groningue,NL-GR,FALSE
nl|provincie groningen,NL,Provincie Groningen,NL-GR,FALSE
nl|limbourg,NL,Limbourg,NL-LI,FALSE
nl|limburgo,NL,Limburgo,NL-LI,FALSE
nl|provincie limburg,NL,Provincie Limburg,NL-LI,FALSE
nl|north brabant,NL,North Brabant,NL-NB,FALSE
nl|brabante del norte,NL,Brabante del Norte,NL-NB,FALSE
nl|brabante do norte,NL,Brabante do Norte,NL-NB,FALSE
nl|brabante settentrionale,NL,Brabante settentrionale,NL-NB,FALSE
nl|brabant-septentrional,NL,Brabant-septentrional,NL-NB,FALSE
nl|nord-brabant,NL,Nord-Brabant,NL-NB,FALSE
nl|nort,NL,Nort,NL-NB,FALSE
nl|provincie noord-brabant,NL,Provincie Noord-Brabant,NL-NB,FALSE
nl|north holland,NL,North Holland,NL-NH,FALSE
nl|holanda do norte,NL,Holanda do Norte,NL-NH,FALSE
nl|hollande-septentrionale,NL,Hollande-septentrionale,NL-NH,FALSE
nl|provincie noord-holland,NL,Provincie Noord-Holland,NL-NH,FALSE
nl|provincie overijssel,NL,Provincie Overijssel,NL-OV,FALSE
nl|sint eustatius,NL,Sint Eustatius,NL-BQ3,FALSE
nl|provincie utrecht,NL,Provincie Utrecht,NL-UT,FALSE
nl|zelanda,NL,Zelanda,NL-ZE,FALSE
nl|zélande,NL,Zélande,NL-ZE,FALSE
nl|zelande,NL,Zelande,NL-ZE,FALSE
nl|zelândia,NL,Zelândia,NL-ZE,FALSE
nl|zelandia,NL,Zelandia,NL-ZE,FALSE
nl|provincie zeeland,NL,Provincie Zeeland,NL-ZE,FALSE
nl|south holland,NL,South Holland,NL-ZH,FALSE
nl|hollande-méridionale,NL,Hollande-méridionale,NL-ZH,FALSE
nl|hollande-meridionale,NL,Hollande-meridionale,NL-ZH,FALSE
nl|provincie zuid-holland,NL,Provincie Zuid-Holland,NL-ZH,FALSE
no|akershus fylke,NO,Akershus fylke,NO-02,FALSE
no|aust-agder fylke,NO,Aust-Agder fylke,NO-09,FALSE
no|austur-agðir,NO,Austur-Agðir,NO-09,FALSE
no|austur-agdir,NO,Austur-Agdir,NO-09,FALSE
no|nedenes,NO,Nedenes,NO-09,FALSE
no|bouvetoya (general),NO,Bouvetoya (general),NO-~10129,FALSE
no|buskerud fylke,NO,Buskerud fylke,NO-06,FALSE
no|finnmark fylke,NO,Finnmark fylke,NO-20,FALSE
no|finmarken,NO,Finmarken,NO-20,FALSE
no|finnmárkku,NO,Finnmárkku,NO-20,FALSE
no|finnmarkku,NO,Finnmarkku,NO-20,FALSE
no|finnmörk,NO,Finnmörk,NO-20,FALSE
no|finnmork,NO,Finnmork,NO-20,FALSE
no|hedmark fylke,NO,Hedmark fylke,NO-04,FALSE
no|hedemarken,NO,Hedemarken,NO-04,FALSE
no|heiðmörk,NO,Heiðmörk,NO-04,FALSE
no|heidmork,NO,Heidmork,NO-04,FALSE
no|hordaland fylke,NO,Hordaland fylke,NO-12,FALSE
no|hörðaland,NO,Hörðaland,NO-12,FALSE
no|søndre bergenhus,NO,Søndre Bergenhus,NO-12,FALSE
no|sondre bergenhus,NO,Sondre Bergenhus,NO-12,FALSE
no|more og romsdal,NO,More og Romsdal,NO-15,FALSE
no|moere og romsdal fylk,NO,Moere og Romsdal fylk,NO-15,FALSE
no|møre,NO,Møre,NO-15,FALSE
no|more,NO,More,NO-15,FALSE
no|romsdal,NO,Romsdal,NO-15,FALSE
no|more og romsdal fylke,NO,More og Romsdal fylke,NO-15,FALSE
no|nord-trondelag,NO,Nord-Trondelag,NO-17,FALSE
no|nord-troendelag fylke,NO,Nord-Troendelag fylke,NO-17,FALSE
no|nordre trondhjem,NO,Nordre Trondhjem,NO-17,FALSE
no|norður-þrændalög,NO,Norður-Þrændalög,NO-17,FALSE
no|nordur-thraendalog,NO,Nordur-Thraendalog,NO-17,FALSE
no|nord-trondelag fylke,NO,Nord-Trondelag Fylke,NO-17,FALSE
no|nordland fylke,NO,Nordland fylke,NO-18,FALSE
no|oppland fylke,NO,Oppland fylke,NO-05,FALSE
no|kristian,NO,Kristian,NO-05,FALSE
no|opland,NO,Opland,NO-05,FALSE
no|upplönd,NO,Upplönd,NO-05,FALSE
no|upplond,NO,Upplond,NO-05,FALSE
no|oslo fylke,NO,Oslo fylke,NO-03,FALSE
no|kristiania,NO,Kristiania,NO-03,FALSE
no|oslo county,NO,Oslo County,NO-03,FALSE
no|ostfold,NO,Ostfold,NO-01,FALSE
no|oestfold fylke,NO,Oestfold fylke,NO-01,FALSE
no|ostfold fylke,NO,Ostfold fylke,NO-01,FALSE
no|rogaland fylke,NO,Rogaland fylke,NO-11,FALSE
no|stavanger,NO,Stavanger,NO-11,FALSE
no|sogn og fjordane fyl,NO,Sogn og Fjordane fyl,NO-14,FALSE
no|nordre bergenhus,NO,Nordre Bergenhus,NO-14,FALSE
no|sogn og firða-fylki,NO,Sogn og Firða-Fylki,NO-14,FALSE
no|sogn og firda-fylki,NO,Sogn og Firda-Fylki,NO-14,FALSE
no|sogn og fjordane fylke,NO,Sogn og Fjordane Fylke,NO-14,FALSE
no|sor-trondelag,NO,Sor-Trondelag,NO-16,FALSE
no|soer-troendelag fylke,NO,Soer-Troendelag fylke,NO-16,FALSE
no|søndre trondhjem,NO,Søndre Trondhjem,NO-16,FALSE
no|sondre trondhjem,NO,Sondre Trondhjem,NO-16,FALSE
no|suður-þrændalög,NO,Suður-Þrændalög,NO-16,FALSE
no|sudur-thraendalog,NO,Sudur-Thraendalog,NO-16,FALSE
no|sor-trondelag fylke,NO,Sor-Trondelag Fylke,NO-16,FALSE
no|telemark fylke,NO,Telemark fylke,NO-08,FALSE
no|bratsberg,NO,Bratsberg,NO-08,FALSE
no|þelamörk,NO,Þelamörk,NO-08,FALSE
no|thelamork,NO,Thelamork,NO-08,FALSE
no|troms fylke,NO,Troms fylke,NO-19,FALSE
no|tromsø,NO,Tromsø,NO-19,FALSE
no|tromso,NO,Tromso,NO-19,FALSE
no|troms-fylki,NO,Troms-Fylki,NO-19,FALSE
no|vest-agder fylke,NO,Vest-Agder fylke,NO-10,FALSE
no|lister og mandal,NO,Lister og Mandal,NO-10,FALSE
no|vestur-agðir,NO,Vestur-Agðir,NO-10,FALSE
no|vestur-agdir,NO,Vestur-Agdir,NO-10,FALSE
no|vestfold fylke,NO,Vestfold fylke,NO-07,FALSE
no|jarlsberg og larvik,NO,Jarlsberg og Larvik,NO-07,FALSE
np|bagmati zone,NP,Bagmati Zone,NP-BA,FALSE
np|madhyamanchal,NP,Madhyamanchal,NP-BA,FALSE
np|bheri zone,NP,Bheri Zone,NP-BH,FALSE
np|madhya pashchimanchal,NP,Madhya Pashchimanchal,NP-BH,FALSE
np|eastern,NP,Eastern,NP-KO,FALSE
np|purwanchal,NP,Purwanchal,NP-KO,FALSE
np|kosi zone,NP,Kosi Zone,NP-KO,FALSE
np|kosi,NP,Kosi,NP-KO,FALSE
np|dhaulagiri zone,NP,Dhaulagiri Zone,NP-DH,FALSE
np|dhaulagiri,NP,Dhaulagiri,NP-DH,FALSE
np|dhawalagiri zone,NP,Dhawalagiri Zone,NP-DH,FALSE
np|gandaki zone,NP,Gandaki Zone,NP-GA,FALSE
np|western,NP,Western,NP-GA,FALSE
np|pashchimanchal,NP,Pashchimanchal,NP-GA,FALSE
np|janakpur zone,NP,Janakpur Zone,NP-JA,FALSE
np|karnali zone,NP,Karnali Zone,NP-KA,FALSE
np|lumbini zone,NP,Lumbini Zone,NP-LU,FALSE
np|mahakali zone,NP,Mahakali Zone,NP-MA,FALSE
np|mechi zone,NP,Mechi Zone,NP-ME,FALSE
np|narayani zone,NP,Narayani Zone,NP-NA,FALSE
np|rapti zone,NP,Rapti Zone,NP-RA,FALSE
np|sagarmatha zone,NP,Sagarmatha Zone,NP-SA,FALSE
np|seti zone,NP,Seti Zone,NP-SE,FALSE
np|sudur pashchimanchal,NP,Sudur Pashchimanchal,NP-SE,FALSE
nr|aiwo district,NR,Aiwo District,NR-01,FALSE
nr|anabar district,NR,Anabar District,NR-02,FALSE
nr|anetan district,NR,Anetan District,NR-03,FALSE
nr|anibare district,NR,Anibare District,NR-04,FALSE
nr|baiti district,NR,Baiti District,NR-05,FALSE
nr|boe district,NR,Boe District,NR-06,FALSE
nr|buada district,NR,Buada District,NR-07,FALSE
nr|denigomodu district,NR,Denigomodu District,NR-08,FALSE
nr|ewa district,NR,Ewa District,NR-09,FALSE
nr|ijuw district,NR,Ijuw District,NR-10,FALSE
nr|uaboe district,NR,Uaboe District,NR-12,FALSE
nz|tāmaki-makau-rau,NZ,Tāmaki-makau-rau,NZ-AUK,FALSE
nz|tamaki-makau-rau,NZ,Tamaki-makau-rau,NZ-AUK,FALSE
nz|te moana a toi te huatahi,NZ,Te Moana a Toi Te Huatahi,NZ-BOP,FALSE
nz|waitaha,NZ,Waitaha,NZ-CAN,FALSE
nz|chatham islands,NZ,Chatham Islands,NZ-CIT,FALSE
nz|wharekauri,NZ,Wharekauri,NZ-CIT,FALSE
nz|gisborne,NZ,Gisborne,NZ-GIS,FALSE
nz|tūranga nui a kiwa,NZ,Tūranga nui a Kiwa,NZ-GIS,FALSE
nz|turanga nui a kiwa,NZ,Turanga nui a Kiwa,NZ-GIS,FALSE
nz|east coast,NZ,East Coast,NZ-GIS,FALSE
nz|hawkes bay,NZ,Hawkes Bay,NZ-HKB,FALSE
nz|te matau a māui,NZ,Te Matau a Māui,NZ-HKB,FALSE
nz|te matau a maui,NZ,Te Matau a Maui,NZ-HKB,FALSE
nz|manawatū-whanganui,NZ,Manawatū-Whanganui,NZ-MWT,FALSE
nz|manawatu-whanganui,NZ,Manawatu-Whanganui,NZ-MWT,FALSE
nz|manawatu whanganui,NZ,Manawatu Whanganui,NZ-MWT,FALSE
nz|wanganui-mawanatu,NZ,Wanganui-Mawanatu,NZ-MWT,FALSE
nz|marlborough,NZ,Marlborough,NZ-MBH,FALSE
nz|nelson,NZ,Nelson,NZ-NSN,FALSE
nz|whakatū,NZ,Whakatū,NZ-NSN,FALSE
nz|whakatu,NZ,Whakatu,NZ-NSN,FALSE
nz|te tai tokerau,NZ,Te Tai tokerau,NZ-NTL,FALSE
nz|ō tākou,NZ,Ō Tākou,NZ-OTA,FALSE
nz|o takou,NZ,O Takou,NZ-OTA,FALSE
nz|murihiku,NZ,Murihiku,NZ-STL,FALSE
nz|new plymouth,NZ,New Plymouth,NZ-TKI,FALSE
nz|tasman,NZ,Tasman,NZ-TAS,FALSE
nz|snares islands,NZ,Snares Islands,NZ-~5480,FALSE
nz|te whanga-nui-a-tara,NZ,Te Whanga-nui-a-Tara,NZ-WGN,FALSE
nz|te taihau ā uru,NZ,Te Taihau ā uru,NZ-WTC,FALSE
nz|te taihau a uru,NZ,Te Taihau a uru,NZ-WTC,FALSE
om|ad dakhiliyah,OM,Ad Dakhiliyah,OM-DA,FALSE
om|muhafazat ad dakhiliyah,OM,Muhafazat ad Dakhiliyah,OM-DA,FALSE
om|al batinah north,OM,Al Batinah North,OM-BA,FALSE
om|al batinah,OM,Al Batinah,OM-BA,FALSE
om|ad batinah,OM,Ad Batinah,OM-BA,FALSE
om|muhafazat shamal al batinah,OM,Muhafazat Shamal al Batinah,OM-BA,FALSE
om|al batnah,OM,Al Batnah,OM-BA,FALSE
om|al batinah south,OM,Al Batinah South,OM-BJ,FALSE
om|muhafazat janub al batinah,OM,Muhafazat Janub al Batinah,OM-BJ,FALSE
om|al buraimi,OM,Al Buraimi,OM-BU,FALSE
om|muhafazat al buraymi,OM,Muhafazat al Buraymi,OM-BU,FALSE
om|buraymi,OM,Buraymi,OM-BU,FALSE
om|ad dhahirah,OM,Ad Dhahirah,OM-ZA,FALSE
om|adh dhahirah,OM,Adh Dhahirah,OM-ZA,FALSE
om|az zahirah,OM,Az Zahirah,OM-ZA,FALSE
om|muhafazat al wusta,OM,Muhafazat al Wusta,OM-WU,FALSE
om|muhafazat shamal ash sharqiyah,OM,Muhafazat Shamal ash Sharqiyah,OM-SS,FALSE
om|ash sharqiyah,OM,Ash Sharqiyah,OM-SS,FALSE
om|muhafazat janub ash sharqiyah,OM,Muhafazat Janub ash Sharqiyah,OM-SH,FALSE
om|al janubiyah [zufar],OM,Al Janubiyah [Zufar],OM-ZU,FALSE
om|muhafazat zufar,OM,Muhafazat Zufar,OM-ZU,FALSE
om|masqat,OM,Masqat,OM-MA,FALSE
om|muhafazat masqat,OM,Muhafazat Masqat,OM-MA,FALSE
pa|comarca ngäbe-buglé,PA,comarca Ngäbe-Buglé,PA-1,FALSE
pa|comarca ngabe-bugle,PA,comarca Ngabe-Bugle,PA-1,FALSE
pa|provincia de bocas del toro,PA,Provincia de Bocas del Toro,PA-1,FALSE
pa|chiriqui,PA,Chiriqui,PA-4,FALSE
pa|provincia de chiriqui,PA,Provincia de Chiriqui,PA-4,FALSE
pa|cocle,PA,Cocle,PA-2,FALSE
pa|provincia de cocle,PA,Provincia de Cocle,PA-2,FALSE
pa|colon,PA,Colon,PA-3,FALSE
pa|provincia de colon,PA,Provincia de Colon,PA-3,FALSE
pa|darien,PA,Darien,PA-5,FALSE
pa|provincia del darien,PA,Provincia del Darien,PA-5,FALSE
pa|embera,PA,Embera,PA-EM,FALSE
pa|emberá-wounaan comarca,PA,Emberá-Wounaan Comarca,PA-EM,FALSE
pa|embera-wounaan comarca,PA,Embera-Wounaan Comarca,PA-EM,FALSE
pa|emberá-wounaan,PA,Emberá-Wounaan,PA-EM,FALSE
pa|embera-wounaan,PA,Embera-Wounaan,PA-EM,FALSE
pa|provincia de herrera,PA,Provincia de Herrera,PA-6,FALSE
pa|guna yala,PA,Guna Yala,PA-KY,FALSE
pa|provincia de los santos,PA,Provincia de Los Santos,PA-7,FALSE
pa|ngobe bugle,PA,Ngobe Bugle,PA-NB,FALSE
pa|ngöbe-buglé comarca,PA,Ngöbe-Buglé Comarca,PA-NB,FALSE
pa|ngobe-bugle comarca,PA,Ngobe-Bugle Comarca,PA-NB,FALSE
pa|ngoebe-bugle,PA,Ngoebe-Bugle,PA-NB,FALSE
pa|panamá,PA,Panamá,PA-8,FALSE
pa|provincia de panama,PA,Provincia de Panama,PA-8,FALSE
pa|provincia de veraguas,PA,Provincia de Veraguas,PA-9,FALSE
pe|region de amazonas,PE,Region de Amazonas,PE-AMA,FALSE
pe|ancash,PE,Ancash,PE-ANC,FALSE
pe|ancachs,PE,Ancachs,PE-ANC,FALSE
pe|region de ancash,PE,Region de Ancash,PE-ANC,FALSE
pe|apurimac,PE,Apurimac,PE-APU,FALSE
pe|apuromac,PE,Apuromac,PE-APU,FALSE
pe|region de apurimac,PE,Region de Apurimac,PE-APU,FALSE
pe|region de arequipa,PE,Region de Arequipa,PE-ARE,FALSE
pe|region de ayacucho,PE,Region de Ayacucho,PE-AYA,FALSE
pe|caxamarca,PE,Caxamarca,PE-CAJ,FALSE
pe|region de cajamarca,PE,Region de Cajamarca,PE-CAJ,FALSE
pe|region,PE,Region,PE-CAL,FALSE
pe|region de callao,PE,Region de Callao,PE-CAL,FALSE
pe|cusco departament,PE,Cusco Departament,PE-CUS,FALSE
pe|cuzco,PE,Cuzco,PE-CUS,FALSE
pe|qosqo,PE,Qosqo,PE-CUS,FALSE
pe|region de cusco,PE,Region de Cusco,PE-CUS,FALSE
pe|region de huancavelica,PE,Region de Huancavelica,PE-HUV,FALSE
pe|huanuco,PE,Huanuco,PE-HUC,FALSE
pe|huknuco,PE,Huknuco,PE-HUC,FALSE
pe|region de huanuco,PE,Region de Huanuco,PE-HUC,FALSE
pe|region de ica,PE,Region de Ica,PE-ICA,FALSE
pe|junin,PE,Junin,PE-JUN,FALSE
pe|junnn,PE,Junnn,PE-JUN,FALSE
pe|region de junin,PE,Region de Junin,PE-JUN,FALSE
pe|libertad,PE,Libertad,PE-LAL,FALSE
pe|region de la libertad,PE,Region de La Libertad,PE-LAL,FALSE
pe|region de lambayeque,PE,Region de Lambayeque,PE-LAM,FALSE
pe|lima province,PE,Lima Province,PE-LIM,FALSE
pe|federal capital,PE,Federal capital,PE-LIM,FALSE
pe|region de lima,PE,Region de Lima,PE-LIM,FALSE
pe|provincia de lima,PE,Provincia de Lima,PE-LIM,FALSE
pe|region de loreto,PE,Region de Loreto,PE-LOR,FALSE
pe|region de madre de dios,PE,Region de Madre de Dios,PE-MDD,FALSE
pe|departamento de moquegua,PE,Departamento de Moquegua,PE-MOQ,FALSE
pe|region de pasco,PE,Region de Pasco,PE-PAS,FALSE
pe|region de piura,PE,Region de Piura,PE-PIU,FALSE
pe|el callao,PE,El Callao,PE-PUN,FALSE
pe|region de puno,PE,Region de Puno,PE-PUN,FALSE
pe|san martin,PE,San Martin,PE-SAM,FALSE
pe|san mart,PE,San Mart,PE-SAM,FALSE
pe|region de san martin,PE,Region de San Martin,PE-SAM,FALSE
pe|region de tacna,PE,Region de Tacna,PE-TAC,FALSE
pe|tumbez,PE,Tumbez,PE-TUM,FALSE
pe|region de tumbes,PE,Region de Tumbes,PE-TUM,FALSE
pe|region de ucayali,PE,Region de Ucayali,PE-UCA,FALSE
pf|iles australes,PF,Iles Australes,PF-~4966,FALSE
pf|iles du vent,PF,Iles du Vent,PF-~4964,FALSE
pf|iles marquises,PF,Iles Marquises,PF-~4967,FALSE
pf|tuamotu archipelago,PF,Tuamotu Archipelago,PF-~4965,FALSE
pf|iles tuamotu-gambier,PF,Iles Tuamotu-Gambier,PF-~4965,FALSE
pg|central province,PG,Central Province,PG-CPM,FALSE
pg|simbu,PG,Simbu,PG-CPK,FALSE
pg|chimbu province,PG,Chimbu Province,PG-CPK,FALSE
pg|nova bretanha oriental,PG,Nova Bretanha Oriental,PG-EBR,FALSE
pg|nuova britannia orientale,PG,Nuova Britannia Orientale,PG-EBR,FALSE
pg|east new britain province,PG,East New Britain Province,PG-EBR,FALSE
pg|east sepik province,PG,East Sepik Province,PG-ESW,FALSE
pg|planalto oriental,PG,Planalto Oriental,PG-EHG,FALSE
pg|eastern highlands province,PG,Eastern Highlands Province,PG-EHG,FALSE
pg|enga province,PG,Enga Province,PG-EPW,FALSE
pg|gulf province,PG,Gulf Province,PG-GPK,FALSE
pg|madang province,PG,Madang Province,PG-MPM,FALSE
pg|manus province,PG,Manus Province,PG-MRL,FALSE
pg|milne bay province,PG,Milne Bay Province,PG-MBA,FALSE
pg|morobe province,PG,Morobe Province,PG-MPL,FALSE
pg|port moresby,PG,Port Moresby,PG-NCD,FALSE
pg|neuirland,PG,Neuirland,PG-NIK,FALSE
pg|nouvelle-irlande,PG,Nouvelle-Irlande,PG-NIK,FALSE
pg|nova irlanda,PG,Nova Irlanda,PG-NIK,FALSE
pg|nuova irlanda,PG,Nuova Irlanda,PG-NIK,FALSE
pg|new ireland province,PG,New Ireland Province,PG-NIK,FALSE
pg|of bougainville,PG,of Bougainville,PG-NSB,FALSE
pg|northern solomon islands,PG,Northern Solomon Islands,PG-NSB,FALSE
pg|bougainville,PG,Bougainville,PG-NSB,FALSE
pg|oro,PG,Oro,PG-NPP,FALSE
pg|northern province,PG,Northern Province,PG-NPP,FALSE
pg|west sepik,PG,West Sepik,PG-SAN,FALSE
pg|sandaun province,PG,Sandaun Province,PG-SAN,FALSE
pg|southern highlands province,PG,Southern Highlands Province,PG-SHM,FALSE
pg|nova bretanha ocidental,PG,Nova Bretanha Ocidental,PG-WBK,FALSE
pg|nuova britannia occidentale,PG,Nuova Britannia Occidentale,PG-WBK,FALSE
pg|west new britain province,PG,West New Britain Province,PG-WBK,FALSE
pg|fly,PG,Fly,PG-WPD,FALSE
pg|western province,PG,Western Province,PG-WPD,FALSE
pg|planalto ocidental,PG,Planalto Ocidental,PG-WHM,FALSE
pg|western highlands province,PG,Western Highlands Province,PG-WHM,FALSE
ph|province of abra,PH,Province of Abra,PH-ABR,FALSE
ph|butuan,PH,Butuan,PH-AGN,FALSE
ph|province of agusan del norte,PH,Province of Agusan del Norte,PH-AGN,FALSE
ph|butuan city,PH,Butuan City,PH-AGN,FALSE
ph|province of agusan del sur,PH,Province of Agusan del Sur,PH-AGS,FALSE
ph|province of aklan,PH,Province of Aklan,PH-AKL,FALSE
ph|province of albay,PH,Province of Albay,PH-ALB,FALSE
ph|province of antique,PH,Province of Antique,PH-ANT,FALSE
ph|province of aurora,PH,Province of Aurora,PH-AUR,FALSE
ph|province of basilan,PH,Province of Basilan,PH-BAS,FALSE
ph|province of bataan,PH,Province of Bataan,PH-BAN,FALSE
ph|province of batanes,PH,Province of Batanes,PH-BTN,FALSE
ph|province of batangas,PH,Province of Batangas,PH-BTG,FALSE
ph|baguio,PH,Baguio,PH-BEN,FALSE
ph|province of benguet,PH,Province of Benguet,PH-BEN,FALSE
ph|baguio city,PH,Baguio City,PH-BEN,FALSE
ph|province of bohol,PH,Province of Bohol,PH-BOH,FALSE
ph|province of bukidnon,PH,Province of Bukidnon,PH-BUK,FALSE
ph|province of bulacan,PH,Province of Bulacan,PH-BUL,FALSE
ph|province of cagayan,PH,Province of Cagayan,PH-CAG,FALSE
ph|province of camarines norte,PH,Province of Camarines Norte,PH-CAN,FALSE
ph|naga,PH,Naga,PH-CAS,FALSE
ph|province of camarines sur,PH,Province of Camarines Sur,PH-CAS,FALSE
ph|naga city,PH,Naga City,PH-CAS,FALSE
ph|province of camiguin,PH,Province of Camiguin,PH-CAM,FALSE
ph|province of capiz,PH,Province of Capiz,PH-CAP,FALSE
ph|province of catanduanes,PH,Province of Catanduanes,PH-CAT,FALSE
ph|province of cavite,PH,Province of Cavite,PH-CAV,FALSE
ph|province of cebu,PH,Province of Cebu,PH-CEB,FALSE
ph|cebu city,PH,Cebu City,PH-CEB,FALSE
ph|davao de oro,PH,Davao de Oro,PH-COM,FALSE
ph|compostela,PH,Compostela,PH-COM,FALSE
ph|north cotabato,PH,North Cotabato,PH-NCO,FALSE
ph|province of north cotabato,PH,Province of North Cotabato,PH-NCO,FALSE
ph|cotabato city,PH,Cotabato City,PH-NCO,FALSE
ph|davao,PH,Davao,PH-DAV,FALSE
ph|province of davao del norte,PH,Province of Davao del Norte,PH-DAV,FALSE
ph|davao city,PH,Davao City,PH-DAV,FALSE
ph|province of davao del sur,PH,Province of Davao del Sur,PH-DAS,FALSE
ph|province of davao oriental,PH,Province of Davao Oriental,PH-DAO,FALSE
ph|province of eastern samar,PH,Province of Eastern Samar,PH-EAS,FALSE
ph|province of guimaras,PH,Province of Guimaras,PH-GUI,FALSE
ph|province of ifugao,PH,Province of Ifugao,PH-IFU,FALSE
ph|province of ilocos norte,PH,Province of Ilocos Norte,PH-ILN,FALSE
ph|province of ilocos sur,PH,Province of Ilocos Sur,PH-ILS,FALSE
ph|province of iloilo,PH,Province of Iloilo,PH-ILI,FALSE
ph|iloilo city,PH,Iloilo City,PH-ILI,FALSE
ph|santiago,PH,Santiago,PH-ISA,FALSE
ph|province of isabela,PH,Province of Isabela,PH-ISA,FALSE
ph|province of la union,PH,Province of La Union,PH-LUN,FALSE
ph|province of laguna,PH,Province of Laguna,PH-LAG,FALSE
ph|iligan,PH,Iligan,PH-LAN,FALSE
ph|province of lanao del norte,PH,Province of Lanao del Norte,PH-LAN,FALSE
ph|province of lanao del sur,PH,Province of Lanao del Sur,PH-LAS,FALSE
ph|lapu-lapu city,PH,Lapu-Lapu City,PH-LAP,FALSE
ph|ormoc,PH,Ormoc,PH-LEY,FALSE
ph|tacloban,PH,Tacloban,PH-LEY,FALSE
ph|province of leyte,PH,Province of Leyte,PH-LEY,FALSE
ph|ormoc city,PH,Ormoc City,PH-LEY,FALSE
ph|tacloban city,PH,Tacloban City,PH-LEY,FALSE
ph|province of maguindanao,PH,Province of Maguindanao,PH-MAG,FALSE
ph|mandaue city,PH,Mandaue City,PH-MDE,FALSE
ph|province of marinduque,PH,Province of Marinduque,PH-MAD,FALSE
ph|province of masbate,PH,Province of Masbate,PH-MAS,FALSE
ph|quezon city,PH,Quezon City,PH-MNL,FALSE
ph|muntinlupa,PH,Muntinlupa,PH-MNL,FALSE
ph|taguig,PH,Taguig,PH-MNL,FALSE
ph|caloocan,PH,Caloocan,PH-MNL,FALSE
ph|paranaque,PH,Paranaque,PH-MNL,FALSE
ph|manila,PH,Manila,PH-MNL,FALSE
ph|valenzuela,PH,Valenzuela,PH-MNL,FALSE
ph|las pinas,PH,Las Pinas,PH-MNL,FALSE
ph|pasig,PH,Pasig,PH-MNL,FALSE
ph|marikina,PH,Marikina,PH-MNL,FALSE
ph|makati,PH,Makati,PH-MNL,FALSE
ph|pasay,PH,Pasay,PH-MNL,FALSE
ph|malabon,PH,Malabon,PH-MNL,FALSE
ph|navotas,PH,Navotas,PH-MNL,FALSE
ph|mandaluyong city,PH,Mandaluyong City,PH-MNL,FALSE
ph|san juan,PH,San Juan,PH-MNL,FALSE
ph|pateros,PH,Pateros,PH-MNL,FALSE
ph|taguig city,PH,Taguig City,PH-MNL,FALSE
ph|parañaque,PH,Parañaque,PH-MNL,FALSE
ph|valenzuela city,PH,Valenzuela City,PH-MNL,FALSE
ph|mandaluyong,PH,Mandaluyong,PH-MNL,FALSE
ph|caloocan city,PH,Caloocan City,PH-MNL,FALSE
ph|city of manila,PH,City of Manila,PH-MNL,FALSE
ph|makati city,PH,Makati City,PH-MNL,FALSE
ph|pasay city,PH,Pasay City,PH-MNL,FALSE
ph|occidental mindoro,PH,Occidental Mindoro,PH-MDC,FALSE
ph|province of mindoro oriental,PH,Province of Mindoro Oriental,PH-MDC,FALSE
ph|oriental mindoro,PH,Oriental Mindoro,PH-MDR,FALSE
ph|province of misamis occidental,PH,Province of Misamis Occidental,PH-MSC,FALSE
ph|cagayan de oro,PH,Cagayan de Oro,PH-MSR,FALSE
ph|province of misamis oriental,PH,Province of Misamis Oriental,PH-MSR,FALSE
ph|chartered city of cagayan de oro,PH,Chartered City of Cagayan de Oro,PH-MSR,FALSE
ph|mountain,PH,Mountain,PH-MOU,FALSE
ph|province of negros occidental,PH,Province of Negros Occidental,PH-NEC,FALSE
ph|province of negros oriental,PH,Province of Negros Oriental,PH-NER,FALSE
ph|province of northern samar,PH,Province of Northern Samar,PH-NSA,FALSE
ph|province of nueva ecija,PH,Province of Nueva Ecija,PH-NUE,FALSE
ph|province of nueva vizcaya,PH,Province of Nueva Vizcaya,PH-NUV,FALSE
ph|puerto princesa,PH,Puerto Princesa,PH-PLW,FALSE
ph|paragua,PH,Paragua,PH-PLW,FALSE
ph|province of palawan,PH,Province of Palawan,PH-PLW,FALSE
ph|puerto princesa city,PH,Puerto Princesa City,PH-PLW,FALSE
ph|angeles,PH,Angeles,PH-PAM,FALSE
ph|province of pampanga,PH,Province of Pampanga,PH-PAM,FALSE
ph|dagupan,PH,Dagupan,PH-PAN,FALSE
ph|san carlos city,PH,San Carlos City,PH-PAN,FALSE
ph|dagupan city,PH,Dagupan City,PH-PAN,FALSE
ph|lucena,PH,Lucena,PH-QUE,FALSE
ph|province of quezon,PH,Province of Quezon,PH-QUE,FALSE
ph|province of quirino,PH,Province of Quirino,PH-QUI,FALSE
ph|province of rizal,PH,Province of Rizal,PH-RIZ,FALSE
ph|province of romblon,PH,Province of Romblon,PH-ROM,FALSE
ph|western samar,PH,Western Samar,PH-WSA,FALSE
ph|province of samar,PH,Province of Samar,PH-WSA,FALSE
ph|province of sarangani,PH,Province of Sarangani,PH-SAR,FALSE
ph|province of siquijor,PH,Province of Siquijor,PH-SIG,FALSE
ph|province of sorsogon,PH,Province of Sorsogon,PH-SOR,FALSE
ph|general santos,PH,General Santos,PH-SCO,FALSE
ph|province of south cotabato,PH,Province of South Cotabato,PH-SCO,FALSE
ph|general santos city,PH,General Santos City,PH-SCO,FALSE
ph|province of southern leyte,PH,Province of Southern Leyte,PH-SLE,FALSE
ph|province of sultan kudarat,PH,Province of Sultan Kudarat,PH-SUK,FALSE
ph|province of sulu,PH,Province of Sulu,PH-SLU,FALSE
ph|dinagat islands,PH,Dinagat Islands,PH-SUN,FALSE
ph|province of surigao del norte,PH,Province of Surigao del Norte,PH-SUN,FALSE
ph|province of surigao del sur,PH,Province of Surigao del Sur,PH-SUR,FALSE
ph|province of tarlac,PH,Province of Tarlac,PH-TAR,FALSE
ph|province of tawi-tawi,PH,Province of Tawi-Tawi,PH-TAW,FALSE
ph|tawitawi,PH,Tawitawi,PH-TAW,FALSE
ph|olongapo,PH,Olongapo,PH-ZMB,FALSE
ph|province of zambales,PH,Province of Zambales,PH-ZMB,FALSE
ph|olongapo city,PH,Olongapo City,PH-ZMB,FALSE
ph|zamboanga,PH,Zamboanga,PH-ZAN,FALSE
ph|zamboanga peninsula,PH,Zamboanga Peninsula,PH-ZAN,FALSE
ph|province of zamboanga del norte,PH,Province of Zamboanga del Norte,PH-ZAN,FALSE
ph|zamboanga city,PH,Zamboanga City,PH-ZAN,FALSE
ph|province of zamboanga del sur,PH,Province of Zamboanga del Sur,PH-ZAS,FALSE
ph|province of zamboanga sibugay,PH,Province of Zamboanga Sibugay,PH-ZSI,FALSE
pk|kashmir,PK,Kashmir,PK-JK,FALSE
pk|balochistan,PK,Balochistan,PK-BA,FALSE
pk|béloutchistanbeluchistan,PK,BéloutchistanBeluchistan,PK-BA,FALSE
pk|beloutchistanbeluchistan,PK,BeloutchistanBeluchistan,PK-BA,FALSE
pk|baluchistão,PK,Baluchistão,PK-BA,FALSE
pk|baluchistao,PK,Baluchistao,PK-BA,FALSE
pk|federally administered tribal areas,PK,Federally Administered Tribal Areas,PK-TA,FALSE
pk|islamabad capital territory,PK,Islamabad Capital Territory,PK-IS,FALSE
pk|islamabad,PK,Islamabad,PK-IS,FALSE
pk|federal capital territory,PK,Federal Capital Territory,PK-IS,FALSE
pk|federal capital territory islamabad,PK,Federal Capital Territory Islamabad,PK-IS,FALSE
pk|territoire de la capitale fédérale,PK,Territoire de la Capitale fédérale,PK-IS,FALSE
pk|territoire de la capitale federale,PK,Territoire de la Capitale federale,PK-IS,FALSE
pk|khyber pakhtunkhwa,PK,Khyber Pakhtunkhwa,PK-KP,FALSE
pk|north-west frontier province,PK,North-West Frontier Province,PK-KP,FALSE
pk|khyber pakhtunkhwa province,PK,Khyber Pakhtunkhwa Province,PK-KP,FALSE
pk|n.w.f.p.,PK,N.W.F.P.,PK-KP,FALSE
pk|gilgit-baltistan,PK,Gilgit-Baltistan,PK-GB,FALSE
pk|pendjab,PK,Pendjab,PK-PB,FALSE
pk|penjab,PK,Penjab,PK-PB,FALSE
pk|sindh,PK,Sindh,PK-SD,FALSE
pl|greater poland voivodeship,PL,Greater Poland Voivodeship,PL-WP,FALSE
pl|wielkopolskie,PL,Wielkopolskie,PL-WP,FALSE
pl|wojewodztwo wielkopolskie,PL,Wojewodztwo Wielkopolskie,PL-WP,FALSE
pl|kuyavian-pomeranian voivodeship,PL,Kuyavian-Pomeranian Voivodeship,PL-KP,FALSE
pl|kujawsko-pomorskie,PL,Kujawsko-Pomorskie,PL-KP,FALSE
pl|wojewodztwo kujawsko-pomorskie,PL,Wojewodztwo Kujawsko-Pomorskie,PL-KP,FALSE
pl|lesser poland voivodeship,PL,Lesser Poland Voivodeship,PL-MA,FALSE
pl|malopolskie,PL,Malopolskie,PL-MA,FALSE
pl|wojewodztwo malopolskie,PL,Wojewodztwo Malopolskie,PL-MA,FALSE
pl|lodz,PL,Lodz,PL-LD,FALSE
pl|łódź voivodeship,PL,Łódź Voivodeship,PL-LD,FALSE
pl|lodz voivodeship,PL,Lodz Voivodeship,PL-LD,FALSE
pl|lódzkie,PL,Lódzkie,PL-LD,FALSE
pl|lodzkie,PL,Lodzkie,PL-LD,FALSE
pl|wojewodztwo lodzkie,PL,Wojewodztwo Lodzkie,PL-LD,FALSE
pl|lower silesian voivodeship,PL,Lower Silesian Voivodeship,PL-DS,FALSE
pl|dolnoslaskie,PL,Dolnoslaskie,PL-DS,FALSE
pl|wojewodztwo dolnoslaskie,PL,Wojewodztwo Dolnoslaskie,PL-DS,FALSE
pl|lublin voivodeship,PL,Lublin Voivodeship,PL-LU,FALSE
pl|lubelskie,PL,Lubelskie,PL-LU,FALSE
pl|wojewodztwo lubelskie,PL,Wojewodztwo Lubelskie,PL-LU,FALSE
pl|lubusz voivodeship,PL,Lubusz Voivodeship,PL-LB,FALSE
pl|lubuskie,PL,Lubuskie,PL-LB,FALSE
pl|wojewodztwo lubuskie,PL,Wojewodztwo Lubuskie,PL-LB,FALSE
pl|masovian voivodeship,PL,Masovian Voivodeship,PL-MZ,FALSE
pl|mazowieckie,PL,Mazowieckie,PL-MZ,FALSE
pl|wojewodztwo mazowieckie,PL,Wojewodztwo Mazowieckie,PL-MZ,FALSE
pl|opole voivodeship,PL,Opole Voivodeship,PL-OP,FALSE
pl|opolskie,PL,Opolskie,PL-OP,FALSE
pl|wojewodztwo opolskie,PL,Wojewodztwo Opolskie,PL-OP,FALSE
pl|podlaskie voivodeship,PL,Podlaskie Voivodeship,PL-PD,FALSE
pl|podlaskie,PL,Podlaskie,PL-PD,FALSE
pl|wojewodztwo podlaskie,PL,Wojewodztwo Podlaskie,PL-PD,FALSE
pl|pomeranian voivodeship,PL,Pomeranian Voivodeship,PL-PM,FALSE
pl|pomorskie,PL,Pomorskie,PL-PM,FALSE
pl|wojewodztwo pomorskie,PL,Wojewodztwo Pomorskie,PL-PM,FALSE
pl|silesian voivodeship,PL,Silesian Voivodeship,PL-SL,FALSE
pl|slaskie,PL,Slaskie,PL-SL,FALSE
pl|wojewodztwo slaskie,PL,Wojewodztwo Slaskie,PL-SL,FALSE
pl|podkarpackie voivodeship,PL,Podkarpackie Voivodeship,PL-PK,FALSE
pl|podkarpackie,PL,Podkarpackie,PL-PK,FALSE
pl|wojewodztwo podkarpackie,PL,Wojewodztwo Podkarpackie,PL-PK,FALSE
pl|swietokrzyskie,PL,Swietokrzyskie,PL-SK,FALSE
pl|świętokrzyskie voivodeship,PL,Świętokrzyskie Voivodeship,PL-SK,FALSE
pl|swietokrzyskie voivodeship,PL,Swietokrzyskie Voivodeship,PL-SK,FALSE
pl|wojewodztwo swietokrzyskie,PL,Wojewodztwo Swietokrzyskie,PL-SK,FALSE
pl|warmian-masurian voivodeship,PL,Warmian-Masurian Voivodeship,PL-WN,FALSE
pl|warminsko-mazurskie,PL,Warminsko-Mazurskie,PL-WN,FALSE
pl|wojewodztwo warminsko-mazurskie,PL,Wojewodztwo Warminsko-Mazurskie,PL-WN,FALSE
pl|west pomeranian voivodeship,PL,West Pomeranian Voivodeship,PL-ZP,FALSE
pl|zachodniopomorskie,PL,Zachodniopomorskie,PL-ZP,FALSE
pl|wojewodztwo zachodniopomorskie,PL,Wojewodztwo Zachodniopomorskie,PL-ZP,FALSE
pm|commune de miquelon-langlade,PM,Commune de Miquelon-Langlade,PM-~4867,FALSE
pm|saint pierre and miquelon,PM,Saint Pierre and Miquelon,PM-~4866,FALSE
pm|commune de saint-pierre,PM,Commune de Saint-Pierre,PM-~4866,FALSE
pm|st.-pierre,PM,St.-Pierre,PM-~4866,FALSE
ps|gaza,PS,Gaza,PS-GZZ,FALSE
ps|gaz-00 (gaza strip aggregation),PS,GAZ-00 (Gaza Strip aggregation),PS-GZZ,FALSE
ps|web-00 (west bank aggregation),PS,WEB-00 (West Bank aggregation),PS-WBK,FALSE
pt|distrito de aveiro,PT,Distrito de Aveiro,PT-01,FALSE
pt|açores,PT,Açores,PT-20,FALSE
pt|acores,PT,Acores,PT-20,FALSE
pt|regiao autonoma dos acores,PT,Regiao Autonoma dos Acores,PT-20,FALSE
pt|distrito de beja,PT,Distrito de Beja,PT-02,FALSE
pt|distrito de braga,PT,Distrito de Braga,PT-03,FALSE
pt|braganca,PT,Braganca,PT-04,FALSE
pt|braganza,PT,Braganza,PT-04,FALSE
pt|distrito de braganca,PT,Distrito de Braganca,PT-04,FALSE
pt|distrito de castelo branco,PT,Distrito de Castelo Branco,PT-05,FALSE
pt|distrito de coimbra,PT,Distrito de Coimbra,PT-06,FALSE
pt|evora,PT,Evora,PT-07,FALSE
pt|distrito de evora,PT,Distrito de Evora,PT-07,FALSE
pt|distrito de faro,PT,Distrito de Faro,PT-08,FALSE
pt|distrito da guarda,PT,Distrito da Guarda,PT-09,FALSE
pt|distrito de leiria,PT,Distrito de Leiria,PT-10,FALSE
pt|lisbon,PT,Lisbon,PT-11,FALSE
pt|lisbona,PT,Lisbona,PT-11,FALSE
pt|lisbonne,PT,Lisbonne,PT-11,FALSE
pt|lissabon,PT,Lissabon,PT-11,FALSE
pt|distrito de lisboa,PT,Distrito de Lisboa,PT-11,FALSE
pt|regiao autonoma da madeira,PT,Regiao Autonoma da Madeira,PT-30,FALSE
pt|distrito de portalegre,PT,Distrito de Portalegre,PT-12,FALSE
pt|oporto,PT,Oporto,PT-13,FALSE
pt|distrito do porto,PT,Distrito do Porto,PT-13,FALSE
pt|santarem,PT,Santarem,PT-14,FALSE
pt|distrito de santarem,PT,Distrito de Santarem,PT-14,FALSE
pt|setubal,PT,Setubal,PT-15,FALSE
pt|distrito de setubal,PT,Distrito de Setubal,PT-15,FALSE
pt|vianna do castello,PT,Vianna do Castello,PT-16,FALSE
pt|distrito de viana do castelo,PT,Distrito de Viana do Castelo,PT-16,FALSE
pt|villa real,PT,Villa Real,PT-17,FALSE
pt|distrito de vila real,PT,Distrito de Vila Real,PT-17,FALSE
pt|vizeu,PT,Vizeu,PT-18,FALSE
pt|distrito de viseu,PT,Distrito de Viseu,PT-18,FALSE
pw|state of aimeliik,PW,State of Aimeliik,PW-002,FALSE
pw|state of airai,PW,State of Airai,PW-004,FALSE
pw|state of angaur,PW,State of Angaur,PW-010,FALSE
pw|hatohobei,PW,Hatohobei,PW-050,FALSE
pw|state of hatohobei,PW,State of Hatohobei,PW-050,FALSE
pw|state of kayangel,PW,State of Kayangel,PW-100,FALSE
pw|state of koror,PW,State of Koror,PW-150,FALSE
pw|state of melekeok,PW,State of Melekeok,PW-212,FALSE
pw|state of ngaraard,PW,State of Ngaraard,PW-214,FALSE
pw|state of ngarchelong,PW,State of Ngarchelong,PW-218,FALSE
pw|state of ngardmau,PW,State of Ngardmau,PW-222,FALSE
pw|state of ngatpang,PW,State of Ngatpang,PW-224,FALSE
pw|state of ngchesar,PW,State of Ngchesar,PW-226,FALSE
pw|state of ngeremlengui,PW,State of Ngeremlengui,PW-227,FALSE
pw|state of ngiwal,PW,State of Ngiwal,PW-228,FALSE
pw|state of peleliu,PW,State of Peleliu,PW-350,FALSE
pw|state of sonsorol,PW,State of Sonsorol,PW-370,FALSE
py|departamento de alto paraguay,PY,Departamento de Alto Paraguay,PY-16,FALSE
py|alto parana,PY,Alto Parana,PY-10,FALSE
py|departamento del alto parana,PY,Departamento del Alto Parana,PY-10,FALSE
py|departamento del amambay,PY,Departamento del Amambay,PY-13,FALSE
py|asuncion,PY,Asuncion,PY-ASU,FALSE
py|boqueron,PY,Boqueron,PY-19,FALSE
py|departamento de boqueron,PY,Departamento de Boqueron,PY-19,FALSE
py|caaguazu,PY,Caaguazu,PY-5,FALSE
py|departamento de caaguazu,PY,Departamento de Caaguazu,PY-5,FALSE
py|caazapa,PY,Caazapa,PY-6,FALSE
py|departamento de caazapa,PY,Departamento de Caazapa,PY-6,FALSE
py|canindeyu,PY,Canindeyu,PY-14,FALSE
py|departamento de canindeyu,PY,Departamento de Canindeyu,PY-14,FALSE
py|departamento central,PY,Departamento Central,PY-11,FALSE
py|concepcion,PY,Concepcion,PY-1,FALSE
py|departamento de concepcion,PY,Departamento de Concepcion,PY-1,FALSE
py|departamento de la cordillera,PY,Departamento de la Cordillera,PY-3,FALSE
py|guaira,PY,Guaira,PY-4,FALSE
py|departamento del guaira,PY,Departamento del Guaira,PY-4,FALSE
py|itapua,PY,Itapua,PY-7,FALSE
py|departamento de itapua,PY,Departamento de Itapua,PY-7,FALSE
py|departamento de misiones,PY,Departamento de Misiones,PY-8,FALSE
py|neembucu,PY,Neembucu,PY-12,FALSE
py|departamento de neembucu,PY,Departamento de Neembucu,PY-12,FALSE
py|paraguari,PY,Paraguari,PY-9,FALSE
py|departamento de paraguari,PY,Departamento de Paraguari,PY-9,FALSE
py|departamento de presidente hayes,PY,Departamento de Presidente Hayes,PY-15,FALSE
py|departamento de san pedro,PY,Departamento de San Pedro,PY-2,FALSE
qa|doha,QA,Doha,QA-DA,FALSE
qa|baladiyat ad dawhah,QA,Baladiyat ad Dawhah,QA-DA,FALSE
qa|az̧ za̧`āyin,QA,Az̧ Za̧`āyin,QA-ZA,FALSE
qa|az za'ayin,QA,Az Za'ayin,QA-ZA,FALSE
qa|az̧ za̧āyin,QA,Az̧ Za̧āyin,QA-ZA,FALSE
qa|az zaayin,QA,Az Zaayin,QA-ZA,FALSE
qa|baladiyat az za`ayin,QA,Baladiyat az Za`ayin,QA-ZA,FALSE
qa|baladiyat az za'ayin,QA,Baladiyat az Za'ayin,QA-ZA,FALSE
qa|baladiyat az zaayin,QA,Baladiyat az Zaayin,QA-ZA,FALSE
qa|al khor,QA,Al Khor,QA-KH,FALSE
qa|al khawr wa adh dhakhīrah,QA,Al Khawr wa adh Dhakhīrah,QA-KH,FALSE
qa|al khawr wa adh dhakhirah,QA,Al Khawr wa adh Dhakhirah,QA-KH,FALSE
qa|baladiyat al khawr wa adh dhakhirah,QA,Baladiyat al Khawr wa adh Dhakhirah,QA-KH,FALSE
qa|baladiyat al wakrah,QA,Baladiyat al Wakrah,QA-WA,FALSE
qa|ar rayyan,QA,Ar Rayyan,QA-RA,FALSE
qa|al rayyan,QA,Al Rayyan,QA-RA,FALSE
qa|baladiyat ar rayyan,QA,Baladiyat ar Rayyan,QA-RA,FALSE
qa|madinat ash shamal,QA,Madinat ash Shamal,QA-MS,FALSE
qa|al shamal,QA,Al Shamal,QA-MS,FALSE
qa|ash shamal,QA,Ash Shamal,QA-MS,FALSE
qa|baladiyat ash shamal,QA,Baladiyat ash Shamal,QA-MS,FALSE
qa|um salal,QA,Um Salal,QA-US,FALSE
qa|umm ṣalāl,QA,Umm Ṣalāl,QA-US,FALSE
qa|baladiyat umm salal,QA,Baladiyat Umm Salal,QA-US,FALSE
ro|judetul alba,RO,Judetul Alba,RO-AB,FALSE
ro|judetul arad,RO,Judetul Arad,RO-AR,FALSE
ro|argeș,RO,Argeș,RO-AG,FALSE
ro|judetul arges,RO,Judetul Arges,RO-AG,FALSE
ro|bacău,RO,Bacău,RO-BC,FALSE
ro|judetul bacau,RO,Judetul Bacau,RO-BC,FALSE
ro|judetul bihor,RO,Judetul Bihor,RO-BH,FALSE
ro|bistrița-năsăud,RO,Bistrița-Năsăud,RO-BN,FALSE
ro|bistrişa-năsăud,RO,Bistrişa-Năsăud,RO-BN,FALSE
ro|bistrisa-nasaud,RO,Bistrisa-Nasaud,RO-BN,FALSE
ro|bistritz,RO,Bistritz,RO-BN,FALSE
ro|judetul bistrita-nasaud,RO,Judetul Bistrita-Nasaud,RO-BN,FALSE
ro|botoșani,RO,Botoșani,RO-BT,FALSE
ro|botoşani,RO,Botoşani,RO-BT,FALSE
ro|botoschani,RO,Botoschani,RO-BT,FALSE
ro|judetul botosani,RO,Judetul Botosani,RO-BT,FALSE
ro|brăila,RO,Brăila,RO-BR,FALSE
ro|judetul braila,RO,Judetul Braila,RO-BR,FALSE
ro|brașov,RO,Brașov,RO-BV,FALSE
ro|braşov,RO,Braşov,RO-BV,FALSE
ro|kronstadt,RO,Kronstadt,RO-BV,FALSE
ro|stalin,RO,Stalin,RO-BV,FALSE
ro|judetul brasov,RO,Judetul Brasov,RO-BV,FALSE
ro|bucarest,RO,Bucarest,RO-B,FALSE
ro|bucareste,RO,Bucareste,RO-B,FALSE
ro|bucureşti,RO,Bucureşti,RO-B,FALSE
ro|bucuresti,RO,Bucuresti,RO-B,FALSE
ro|bukarest,RO,Bukarest,RO-B,FALSE
ro|buzău,RO,Buzău,RO-BZ,FALSE
ro|judetul buzau,RO,Judetul Buzau,RO-BZ,FALSE
ro|călărași,RO,Călărași,RO-CL,FALSE
ro|kalarasch,RO,Kalarasch,RO-CL,FALSE
ro|judetul calarasi,RO,Judetul Calarasi,RO-CL,FALSE
ro|caraș-severin,RO,Caraș-Severin,RO-CS,FALSE
ro|judetul caras-severin,RO,Judetul Caras-Severin,RO-CS,FALSE
ro|klausenburg,RO,Klausenburg,RO-CJ,FALSE
ro|judetul cluj,RO,Judetul Cluj,RO-CJ,FALSE
ro|constanța,RO,Constanța,RO-CT,FALSE
ro|konstanza,RO,Konstanza,RO-CT,FALSE
ro|judetul constanta,RO,Judetul Constanta,RO-CT,FALSE
ro|judetul covasna,RO,Judetul Covasna,RO-CV,FALSE
ro|dambovita,RO,Dambovita,RO-DB,FALSE
ro|dâmbovița,RO,Dâmbovița,RO-DB,FALSE
ro|judetul dambovita,RO,Judetul Dambovita,RO-DB,FALSE
ro|judetul dolj,RO,Judetul Dolj,RO-DJ,FALSE
ro|galați,RO,Galați,RO-GL,FALSE
ro|galatz,RO,Galatz,RO-GL,FALSE
ro|judetul galati,RO,Judetul Galati,RO-GL,FALSE
ro|judetul giurgiu,RO,Judetul Giurgiu,RO-GR,FALSE
ro|judetul gorj,RO,Judetul Gorj,RO-GJ,FALSE
ro|judetul harghita,RO,Judetul Harghita,RO-HR,FALSE
ro|judetul hunedoara,RO,Judetul Hunedoara,RO-HD,FALSE
ro|ialomița,RO,Ialomița,RO-IL,FALSE
ro|judetul ialomita,RO,Judetul Ialomita,RO-IL,FALSE
ro|iași,RO,Iași,RO-IS,FALSE
ro|jassy,RO,Jassy,RO-IS,FALSE
ro|judetul iasi,RO,Judetul Iasi,RO-IS,FALSE
ro|judetul ilfov,RO,Judetul Ilfov,RO-IF,FALSE
ro|maramureș,RO,Maramureș,RO-MM,FALSE
ro|judetul maramures,RO,Judetul Maramures,RO-MM,FALSE
ro|mehedinți,RO,Mehedinți,RO-MH,FALSE
ro|judetul mehedinti,RO,Judetul Mehedinti,RO-MH,FALSE
ro|mureș,RO,Mureș,RO-MS,FALSE
ro|judetul mures,RO,Judetul Mures,RO-MS,FALSE
ro|neamț,RO,Neamț,RO-NT,FALSE
ro|judetul neamt,RO,Judetul Neamt,RO-NT,FALSE
ro|judetul olt,RO,Judetul Olt,RO-OT,FALSE
ro|judetul prahova,RO,Judetul Prahova,RO-PH,FALSE
ro|sălaj,RO,Sălaj,RO-SJ,FALSE
ro|judetul salaj,RO,Judetul Salaj,RO-SJ,FALSE
ro|judetul satu mare,RO,Judetul Satu Mare,RO-SM,FALSE
ro|hermannstadt,RO,Hermannstadt,RO-SB,FALSE
ro|judetul sibiu,RO,Judetul Sibiu,RO-SB,FALSE
ro|judetul suceava,RO,Judetul Suceava,RO-SV,FALSE
ro|judetul teleorman,RO,Judetul Teleorman,RO-TR,FALSE
ro|timiș,RO,Timiș,RO-TM,FALSE
ro|judetul timis,RO,Judetul Timis,RO-TM,FALSE
ro|judetul tulcea,RO,Judetul Tulcea,RO-TL,FALSE
ro|valcea,RO,Valcea,RO-VL,FALSE
ro|judetul valcea,RO,Judetul Valcea,RO-VL,FALSE
ro|judetul vaslui,RO,Judetul Vaslui,RO-VS,FALSE
ro|judetul vrancea,RO,Judetul Vrancea,RO-VN,FALSE
rs|bor,RS,Bor,RS-14,FALSE
rs|borski okrug,RS,Borski Okrug,RS-14,FALSE
rs|braničevo,RS,Braničevo,RS-11,FALSE
rs|branicevo,RS,Branicevo,RS-11,FALSE
rs|branicevski okrug,RS,Branicevski Okrug,RS-11,FALSE
rs|belgrade,RS,Belgrade,RS-00,FALSE
rs|jablanica,RS,Jablanica,RS-23,FALSE
rs|jablanicki okrug,RS,Jablanicki Okrug,RS-23,FALSE
rs|juzno-backi,RS,Juzno-Backi,RS-06,FALSE
rs|south bačka,RS,South Bačka,RS-06,FALSE
rs|south backa,RS,South Backa,RS-06,FALSE
rs|juzhno backi okrug,RS,Juzhno Backi Okrug,RS-06,FALSE
rs|juzno-banatski,RS,Juzno-Banatski,RS-04,FALSE
rs|south banat,RS,South Banat,RS-04,FALSE
rs|juzhno banatski okrug,RS,Juzhno Banatski Okrug,RS-04,FALSE
rs|kolubara,RS,Kolubara,RS-09,FALSE
rs|kolubarski okrug,RS,Kolubarski Okrug,RS-09,FALSE
rs|mačva,RS,Mačva,RS-08,FALSE
rs|macva,RS,Macva,RS-08,FALSE
rs|macvanski okrug,RS,Macvanski Okrug,RS-08,FALSE
rs|moravica,RS,Moravica,RS-17,FALSE
rs|morava,RS,Morava,RS-17,FALSE
rs|moravicki okrug,RS,Moravicki Okrug,RS-17,FALSE
rs|nisavski,RS,Nisavski,RS-20,FALSE
rs|nišava,RS,Nišava,RS-20,FALSE
rs|nisava,RS,Nisava,RS-20,FALSE
rs|nisavski okrug,RS,Nisavski Okrug,RS-20,FALSE
rs|pčinja,RS,Pčinja,RS-24,FALSE
rs|pcinja,RS,Pcinja,RS-24,FALSE
rs|pcinjski okrug,RS,Pcinjski Okrug,RS-24,FALSE
rs|pirot,RS,Pirot,RS-22,FALSE
rs|pirotski okrug,RS,Pirotski Okrug,RS-22,FALSE
rs|podunavlje,RS,Podunavlje,RS-10,FALSE
rs|danube,RS,Danube,RS-10,FALSE
rs|podunavski okrug,RS,Podunavski Okrug,RS-10,FALSE
rs|rasina,RS,Rasina,RS-19,FALSE
rs|rasinski okrug,RS,Rasinski Okrug,RS-19,FALSE
rs|pomoravlje,RS,Pomoravlje,RS-13,FALSE
rs|pomoravski okrug,RS,Pomoravski Okrug,RS-13,FALSE
rs|raski,RS,Raski,RS-18,FALSE
rs|raška,RS,Raška,RS-18,FALSE
rs|raska,RS,Raska,RS-18,FALSE
rs|raski okrug,RS,Raski Okrug,RS-18,FALSE
rs|north bačka,RS,North Bačka,RS-01,FALSE
rs|north backa,RS,North Backa,RS-01,FALSE
rs|severno backi okrug,RS,Severno Backi Okrug,RS-01,FALSE
rs|north banat,RS,North Banat,RS-03,FALSE
rs|severno banatski okrug,RS,Severno Banatski Okrug,RS-03,FALSE
rs|central banat,RS,Central Banat,RS-02,FALSE
rs|srednje banatski okrug,RS,Srednje Banatski Okrug,RS-02,FALSE
rs|srem,RS,Srem,RS-07,FALSE
rs|sremski okrug,RS,Sremski Okrug,RS-07,FALSE
rs|sumadijski,RS,Sumadijski,RS-12,FALSE
rs|šumadija,RS,Šumadija,RS-12,FALSE
rs|sumadija,RS,Sumadija,RS-12,FALSE
rs|sumadijski okrug,RS,Sumadijski Okrug,RS-12,FALSE
rs|toplica,RS,Toplica,RS-21,FALSE
rs|toplicki okrug,RS,Toplicki Okrug,RS-21,FALSE
rs|zaječar,RS,Zaječar,RS-15,FALSE
rs|zajecar,RS,Zajecar,RS-15,FALSE
rs|zajecarski okrug,RS,Zajecarski Okrug,RS-15,FALSE
rs|west bačka,RS,West Bačka,RS-05,FALSE
rs|west backa,RS,West Backa,RS-05,FALSE
rs|zapadno backi okrug,RS,Zapadno Backi Okrug,RS-05,FALSE
rs|zlatibor,RS,Zlatibor,RS-16,FALSE
rs|zlatiborski okrug,RS,Zlatiborski Okrug,RS-16,FALSE
ru|republic of adygea,RU,Republic of Adygea,RU-AD,FALSE
ru|adygea,RU,Adygea,RU-AD,FALSE
ru|adygeya,RU,Adygeya,RU-AD,FALSE
ru|adygheya,RU,Adygheya,RU-AD,FALSE
ru|republic of adygeya,RU,Republic of Adygeya,RU-AD,FALSE
ru|adygeyskaya a.obl.,RU,Adygeyskaya A.Obl.,RU-AD,FALSE
ru|respublika adygeya,RU,Respublika Adygeya,RU-AD,FALSE
ru|altai republic,RU,Altai Republic,RU-ALT,FALSE
ru|altayskiy kray,RU,Altayskiy Kray,RU-ALT,FALSE
ru|amurskaya oblast,RU,Amurskaya Oblast,RU-AMU,FALSE
ru|amurskaya oblast',RU,Amurskaya Oblast',RU-AMU,FALSE
ru|arkhangelsk,RU,Arkhangelsk,RU-ARK,FALSE
ru|vologodskaya oblast,RU,Vologodskaya Oblast,RU-ARK,FALSE
ru|arkhangel'skaya oblast',RU,Arkhangel'skaya Oblast',RU-ARK,FALSE
ru|arkhangelskaya oblast,RU,Arkhangelskaya Oblast,RU-ARK,FALSE
ru|astrakhan,RU,Astrakhan,RU-AST,FALSE
ru|astrachan,RU,Astrachan,RU-AST,FALSE
ru|astrakhanskaya oblast,RU,Astrakhanskaya Oblast,RU-AST,FALSE
ru|astrakhanskaya oblast',RU,Astrakhanskaya Oblast',RU-AST,FALSE
ru|bashkir,RU,Bashkir,RU-BA,FALSE
ru|bashkiriya,RU,Bashkiriya,RU-BA,FALSE
ru|bashkirskaya a.s.s.r.,RU,Bashkirskaya A.S.S.R.,RU-BA,FALSE
ru|republic of bashkortostan,RU,Republic of Bashkortostan,RU-BA,FALSE
ru|respublika bashkortostan,RU,Respublika Bashkortostan,RU-BA,FALSE
ru|belgorodskaya oblast,RU,Belgorodskaya Oblast,RU-BEL,FALSE
ru|belgorodskaya oblast',RU,Belgorodskaya Oblast',RU-BEL,FALSE
ru|bryanskaya oblast,RU,Bryanskaya Oblast,RU-BRY,FALSE
ru|bryanskaya oblast',RU,Bryanskaya Oblast',RU-BRY,FALSE
ru|republic of buryatia,RU,Republic of Buryatia,RU-BU,FALSE
ru|buryatiya,RU,Buryatiya,RU-BU,FALSE
ru|buryat-mongol a.s.s.r.,RU,Buryat-Mongol A.S.S.R.,RU-BU,FALSE
ru|buryatskaya a.s.s.r.,RU,Buryatskaya A.S.S.R.,RU-BU,FALSE
ru|respublika buryatiya,RU,Respublika Buryatiya,RU-BU,FALSE
ru|chechen republic,RU,Chechen Republic,RU-CE,FALSE
ru|cecenia,RU,Cecenia,RU-CE,FALSE
ru|chechenia,RU,Chechenia,RU-CE,FALSE
ru|chechênia,RU,Chechênia,RU-CE,FALSE
ru|tchetchnia,RU,Tchetchnia,RU-CE,FALSE
ru|chechen-ingush a.s.s.r.,RU,Chechen-Ingush A.S.S.R.,RU-CE,FALSE
ru|checheno-ingushetia,RU,Checheno-Ingushetia,RU-CE,FALSE
ru|chechenskaya respublika,RU,Chechenskaya Respublika,RU-CE,FALSE
ru|chelyabinskaya,RU,Chelyabinskaya,RU-CHE,FALSE
ru|chelyabinskaya oblast',RU,Chelyabinskaya Oblast',RU-CHE,FALSE
ru|chelyabinskaya oblast,RU,Chelyabinskaya Oblast,RU-CHE,FALSE
ru|zabaykalsky krai,RU,Zabaykalsky Krai,RU-ZAB,FALSE
ru|transbaikalia,RU,Transbaikalia,RU-ZAB,FALSE
ru|zabaykal'skaya,RU,Zabaykal'skaya,RU-ZAB,FALSE
ru|zabaykalskaya,RU,Zabaykalskaya,RU-ZAB,FALSE
ru|transbaikalien,RU,Transbaikalien,RU-ZAB,FALSE
ru|chitinskaya oblast,RU,Chitinskaya Oblast,RU-ZAB,FALSE
ru|zabaykal'skiy kray,RU,Zabaykal'skiy Kray,RU-ZAB,FALSE
ru|zabaykalskiy kray,RU,Zabaykalskiy Kray,RU-ZAB,FALSE
ru|chukotka autonomous okrug,RU,Chukotka Autonomous Okrug,RU-CHU,FALSE
ru|chukotskiy avtonomnyy okrug,RU,Chukotskiy Avtonomnyy Okrug,RU-CHU,FALSE
ru|chuvash republic,RU,Chuvash Republic,RU-CU,FALSE
ru|chuvashskaya a.s.s.r.,RU,Chuvashskaya A.S.S.R.,RU-CU,FALSE
ru|chuvashskaya respublika,RU,Chuvashskaya Respublika,RU-CU,FALSE
ru|chuvashiya,RU,Chuvashiya,RU-CU,FALSE
ru|saint petersburg,RU,Saint Petersburg,RU-SPE,FALSE
ru|sankt-peterburg gorsovet,RU,Sankt-Peterburg gorsovet,RU-SPE,FALSE
ru|sankt-peterburg,RU,Sankt-Peterburg,RU-SPE,FALSE
ru|autonomous republic of crimea,RU,Autonomous Republic of Crimea,RU-~283,FALSE
ru|crimée,RU,Crimée,RU-~283,FALSE
ru|crimee,RU,Crimee,RU-~283,FALSE
ru|criméia,RU,Criméia,RU-~283,FALSE
ru|crimeia,RU,Crimeia,RU-~283,FALSE
ru|krim,RU,Krim,RU-~283,FALSE
ru|krymskaya respublika,RU,Krymskaya Respublika,RU-~283,FALSE
ru|respublika krym,RU,Respublika Krym,RU-~283,FALSE
ru|avtonomna respublika krym,RU,Avtonomna Respublika Krym,RU-~283,FALSE
ru|republic of dagestan,RU,Republic of Dagestan,RU-DA,FALSE
ru|dagestanskaya a.s.s.r.,RU,Dagestanskaya A.S.S.R.,RU-DA,FALSE
ru|daghestan,RU,Daghestan,RU-DA,FALSE
ru|respublika dagestan,RU,Respublika Dagestan,RU-DA,FALSE
ru|dagistan,RU,Dagistan,RU-DA,FALSE
ru|gorno-altayskaya a.obl.,RU,Gorno-Altayskaya A.Obl.,RU-AL,FALSE
ru|respublika altay,RU,Respublika Altay,RU-AL,FALSE
ru|oirot,RU,Oirot,RU-AL,FALSE
ru|republic of altai,RU,Republic of Altai,RU-AL,FALSE
ru|republic of ingushetia,RU,Republic of Ingushetia,RU-IN,FALSE
ru|ingouchie,RU,Ingouchie,RU-IN,FALSE
ru|inguchétia,RU,Inguchétia,RU-IN,FALSE
ru|inguchetia,RU,Inguchetia,RU-IN,FALSE
ru|inguschetien,RU,Inguschetien,RU-IN,FALSE
ru|ingushetia,RU,Ingushetia,RU-IN,FALSE
ru|ingushetiya,RU,Ingushetiya,RU-IN,FALSE
ru|ingush republic,RU,Ingush Republic,RU-IN,FALSE
ru|ingushskaya respublika,RU,Ingushskaya Respublika,RU-IN,FALSE
ru|respublika ingushetiya,RU,Respublika Ingushetiya,RU-IN,FALSE
ru|irkutskaya oblast,RU,Irkutskaya Oblast,RU-IRK,FALSE
ru|irkutskaya oblast',RU,Irkutskaya Oblast',RU-IRK,FALSE
ru|ivanovskaya oblast,RU,Ivanovskaya Oblast,RU-IVA,FALSE
ru|ivanovskaya oblast',RU,Ivanovskaya Oblast',RU-IVA,FALSE
ru|kabardino-balkaria,RU,Kabardino-Balkaria,RU-KB,FALSE
ru|kabardin a.s.s.r.,RU,Kabardin A.S.S.R.,RU-KB,FALSE
ru|kabardino-balkarskaya a.s.s.r.,RU,Kabardino-Balkarskaya A.S.S.R.,RU-KB,FALSE
ru|kabardino-balkariya,RU,Kabardino-Balkariya,RU-KB,FALSE
ru|kabardino-balkarsk,RU,Kabardino-Balkarsk,RU-KB,FALSE
ru|kabard,RU,Kabard,RU-KB,FALSE
ru|kabardino-balkarskaya republic,RU,Kabardino-Balkarskaya Republic,RU-KB,FALSE
ru|kabardino-balkarskaya respublika,RU,Kabardino-Balkarskaya Respublika,RU-KB,FALSE
ru|kaliningradskaya oblast,RU,Kaliningradskaya Oblast,RU-KGD,FALSE
ru|kaliningradskaya oblast',RU,Kaliningradskaya Oblast',RU-KGD,FALSE
ru|republic of kalmykia,RU,Republic of Kalmykia,RU-KL,FALSE
ru|kalmykiya,RU,Kalmykiya,RU-KL,FALSE
ru|khalmg tangch,RU,Khalmg Tangch,RU-KL,FALSE
ru|kalmytskaya a.s.s.r.,RU,Kalmytskaya A.S.S.R.,RU-KL,FALSE
ru|respublika kalmykiya,RU,Respublika Kalmykiya,RU-KL,FALSE
ru|kaluzhskaya oblast,RU,Kaluzhskaya Oblast,RU-KLU,FALSE
ru|kaluzhskaya oblast',RU,Kaluzhskaya Oblast',RU-KLU,FALSE
ru|kamchatka krai,RU,Kamchatka Krai,RU-KAM,FALSE
ru|kamçatka,RU,Kamçatka,RU-KAM,FALSE
ru|kamcatka,RU,Kamcatka,RU-KAM,FALSE
ru|kamchatskaya oblast,RU,Kamchatskaya Oblast,RU-KAM,FALSE
ru|kamtchatski kray,RU,Kamtchatski Kray,RU-KAM,FALSE
ru|karachay-cherkess republic,RU,Karachay-Cherkess Republic,RU-KC,FALSE
ru|karaçay-çerkes,RU,Karaçay-Çerkes,RU-KC,FALSE
ru|karacay-cerkes,RU,Karacay-Cerkes,RU-KC,FALSE
ru|karachay-cherkessiya,RU,Karachay-Cherkessiya,RU-KC,FALSE
ru|karachayevo-cherkesskaya respublika,RU,Karachayevo-Cherkesskaya Respublika,RU-KC,FALSE
ru|karachayevo-cherkessiya,RU,Karachayevo-Cherkessiya,RU-KC,FALSE
ru|karachayevo-cherkess republic,RU,Karachayevo-Cherkess Republic,RU-KC,FALSE
ru|k,RU,K,RU-KC,FALSE
ru|karelian a.s.s.r.,RU,Karelian A.S.S.R.,RU-KR,FALSE
ru|karelo-finnish a.s.s.r.,RU,Karelo-Finnish A.S.S.R.,RU-KR,FALSE
ru|karel'skaya a.s.s.r.,RU,Karel'skaya A.S.S.R.,RU-KR,FALSE
ru|karelskaya a.s.s.r.,RU,Karelskaya A.S.S.R.,RU-KR,FALSE
ru|olonets,RU,Olonets,RU-KR,FALSE
ru|olonetskaya g.,RU,Olonetskaya G.,RU-KR,FALSE
ru|kareliya,RU,Kareliya,RU-KR,FALSE
ru|republic of karelia,RU,Republic of Karelia,RU-KR,FALSE
ru|respublika kareliya,RU,Respublika Kareliya,RU-KR,FALSE
ru|kemerovskaya oblast,RU,Kemerovskaya Oblast,RU-KEM,FALSE
ru|kemerovskaya oblast',RU,Kemerovskaya Oblast',RU-KEM,FALSE
ru|khabarovsk krai,RU,Khabarovsk Krai,RU-KHA,FALSE
ru|khabarovskiy kray,RU,Khabarovskiy Kray,RU-KHA,FALSE
ru|republic of khakassia,RU,Republic of Khakassia,RU-KK,FALSE
ru|khakassiya,RU,Khakassiya,RU-KK,FALSE
ru|republic of khakasia,RU,Republic of Khakasia,RU-KK,FALSE
ru|khakasskaya a.obl.,RU,Khakasskaya A.Obl.,RU-KK,FALSE
ru|respublika khakasiya,RU,Respublika Khakasiya,RU-KK,FALSE
ru|khanty-mansi autonomous okrug,RU,Khanty-Mansi Autonomous Okrug,RU-KHM,FALSE
ru|khanty-mansiysk,RU,Khanty-Mansiysk,RU-KHM,FALSE
ru|khanty-mansiyskiy a.okr.,RU,Khanty-Mansiyskiy A.Okr.,RU-KHM,FALSE
ru|khanty-mansiyskiy a.okr.-yugra,RU,Khanty-Mansiyskiy A.Okr.-Yugra,RU-KHM,FALSE
ru|khanty-mansiyskiy aok,RU,Khanty-Mansiyskiy AOk,RU-KHM,FALSE
ru|khanty-mansiyskiy avtonomnyy okrug,RU,Khanty-Mansiyskiy Avtonomnyy Okrug,RU-KHM,FALSE
ru|vyatka,RU,Vyatka,RU-KIR,FALSE
ru|vyatskaya g.,RU,Vyatskaya G.,RU-KIR,FALSE
ru|kirovskaya oblast,RU,Kirovskaya Oblast,RU-KIR,FALSE
ru|kirovskaya oblast',RU,Kirovskaya Oblast',RU-KIR,FALSE
ru|komi republic,RU,Komi Republic,RU-KO,FALSE
ru|komi a.s.s.r.,RU,Komi A.S.S.R.,RU-KO,FALSE
ru|republic of komi,RU,Republic of Komi,RU-KO,FALSE
ru|respublika komi,RU,Respublika Komi,RU-KO,FALSE
ru|kostromskaya,RU,Kostromskaya,RU-KOS,FALSE
ru|kostromskaya oblast',RU,Kostromskaya Oblast',RU-KOS,FALSE
ru|kostromskaya oblast,RU,Kostromskaya Oblast,RU-KOS,FALSE
ru|krasnodar krai,RU,Krasnodar Krai,RU-KDA,FALSE
ru|cossacks of the black sea,RU,Cossacks of the Black Sea,RU-KDA,FALSE
ru|kuban,RU,Kuban,RU-KDA,FALSE
ru|kubanskaya,RU,Kubanskaya,RU-KDA,FALSE
ru|yekaterinodar,RU,Yekaterinodar,RU-KDA,FALSE
ru|krasnodarskiy kray,RU,Krasnodarskiy Kray,RU-KDA,FALSE
ru|krasnoyarsk krai,RU,Krasnoyarsk Krai,RU-KYA,FALSE
ru|krasnoyarskiy kray,RU,Krasnoyarskiy Kray,RU-KYA,FALSE
ru|yeniseisk,RU,Yeniseisk,RU-KYA,FALSE
ru|yeniseyskaya g.,RU,Yeniseyskaya G.,RU-KYA,FALSE
ru|kurganskaya oblast,RU,Kurganskaya Oblast,RU-KGN,FALSE
ru|kurganskaya oblast',RU,Kurganskaya Oblast',RU-KGN,FALSE
ru|kurskaya oblast,RU,Kurskaya Oblast,RU-KRS,FALSE
ru|kurskaya oblast',RU,Kurskaya Oblast',RU-KRS,FALSE
ru|sankt-peterburgskaya g.,RU,Sankt-Peterburgskaya G.,RU-LEN,FALSE
ru|leningradskaya oblast,RU,Leningradskaya Oblast,RU-LEN,FALSE
ru|leningradskaya oblast',RU,Leningradskaya Oblast',RU-LEN,FALSE
ru|lipetskaya oblast,RU,Lipetskaya Oblast,RU-LIP,FALSE
ru|lipetskaya oblast',RU,Lipetskaya Oblast',RU-LIP,FALSE
ru|magadan,RU,Magadan,RU-MAG,FALSE
ru|magadanskaya oblast,RU,Magadanskaya Oblast,RU-MAG,FALSE
ru|magadanskaya oblast',RU,Magadanskaya Oblast',RU-MAG,FALSE
ru|mari el republic,RU,Mari El Republic,RU-ME,FALSE
ru|mari,RU,Mari,RU-ME,FALSE
ru|mari-el,RU,Mari-El,RU-ME,FALSE
ru|republic of mari el,RU,Republic of Mari El,RU-ME,FALSE
ru|mariyskaya a.s.s.r.,RU,Mariyskaya A.S.S.R.,RU-ME,FALSE
ru|respublika mariy el,RU,Respublika Mariy El,RU-ME,FALSE
ru|respublika mariy-el,RU,Respublika Mariy-El,RU-ME,FALSE
ru|republic of mordovia,RU,Republic of Mordovia,RU-MO,FALSE
ru|mordov,RU,Mordov,RU-MO,FALSE
ru|mordvian autonomous republic,RU,Mordvian Autonomous Republic,RU-MO,FALSE
ru|mordvinia,RU,Mordvinia,RU-MO,FALSE
ru|mordovian a.s.s.r.,RU,Mordovian A.S.S.R.,RU-MO,FALSE
ru|respublika mordoviya,RU,Respublika Mordoviya,RU-MO,FALSE
ru|moscow,RU,Moscow,RU-MOW,FALSE
ru|moskovskaya oblast,RU,Moskovskaya Oblast,RU-MOW,FALSE
ru|moskovskaya oblast',RU,Moskovskaya Oblast',RU-MOW,FALSE
ru|moskovsskaya,RU,Moskovsskaya,RU-MOW,FALSE
ru|mosca,RU,Mosca,RU-MOS,FALSE
ru|moscou,RU,Moscou,RU-MOS,FALSE
ru|mosc£,RU,Mosc£,RU-MOS,FALSE
ru|moskau,RU,Moskau,RU-MOS,FALSE
ru|moskova,RU,Moskova,RU-MOS,FALSE
ru|murmanskaya oblast,RU,Murmanskaya Oblast,RU-MUR,FALSE
ru|murmanskaya oblast',RU,Murmanskaya Oblast',RU-MUR,FALSE
ru|nenets autonomous okrug,RU,Nenets Autonomous Okrug,RU-NEN,FALSE
ru|nenetskiy a.okr.,RU,Nenetskiy A.Okr.,RU-NEN,FALSE
ru|nenetskiy aok,RU,Nenetskiy AOk,RU-NEN,FALSE
ru|nenetskiy avtonomnyy okrug,RU,Nenetskiy Avtonomnyy Okrug,RU-NEN,FALSE
ru|nizhny novgorod,RU,Nizhny Novgorod,RU-NIZ,FALSE
ru|gor'kiy,RU,Gor'kiy,RU-NIZ,FALSE
ru|gorkiy,RU,Gorkiy,RU-NIZ,FALSE
ru|gor'kovskaya,RU,Gor'kovskaya,RU-NIZ,FALSE
ru|gorkovskaya,RU,Gorkovskaya,RU-NIZ,FALSE
ru|gorky,RU,Gorky,RU-NIZ,FALSE
ru|nizhegorodskaya,RU,Nizhegorodskaya,RU-NIZ,FALSE
ru|nizhniy-novgorod,RU,Nizhniy-Novgorod,RU-NIZ,FALSE
ru|nizhegorodskaya oblast',RU,Nizhegorodskaya Oblast',RU-NIZ,FALSE
ru|nizhegorodskaya oblast,RU,Nizhegorodskaya Oblast,RU-NIZ,FALSE
ru|republic of north ossetia-alania,RU,Republic of North Ossetia-Alania,RU-SE,FALSE
ru|kuzey osetya,RU,Kuzey Osetya,RU-SE,FALSE
ru|respublika severnaya osetiya,RU,Respublika Severnaya Osetiya,RU-SE,FALSE
ru|severnaya osetiya-alaniya,RU,Severnaya Osetiya-Alaniya,RU-SE,FALSE
ru|north ossetian a.s.s.r.,RU,North Ossetian A.S.S.R.,RU-SE,FALSE
ru|republic of north osetia-alania,RU,Republic of North Osetia-Alania,RU-SE,FALSE
ru|novgorodskaya oblast,RU,Novgorodskaya Oblast,RU-NGR,FALSE
ru|novgorodskaya oblast',RU,Novgorodskaya Oblast',RU-NGR,FALSE
ru|novosibirskaya oblast,RU,Novosibirskaya Oblast,RU-NVS,FALSE
ru|novosibirskaya oblast',RU,Novosibirskaya Oblast',RU-NVS,FALSE
ru|omskaya oblast,RU,Omskaya Oblast,RU-OMS,FALSE
ru|omskaya oblast',RU,Omskaya Oblast',RU-OMS,FALSE
ru|oryol,RU,Oryol,RU-ORL,FALSE
ru|orlovskaya,RU,Orlovskaya,RU-ORL,FALSE
ru|or'ol,RU,Or'ol,RU-ORL,FALSE
ru|orol,RU,Orol,RU-ORL,FALSE
ru|orlovskaya oblast,RU,Orlovskaya Oblast,RU-ORL,FALSE
ru|orlovskaya oblast',RU,Orlovskaya Oblast',RU-ORL,FALSE
ru|chkalov,RU,Chkalov,RU-ORE,FALSE
ru|orenburgskaya,RU,Orenburgskaya,RU-ORE,FALSE
ru|orenburgskaya oblast,RU,Orenburgskaya Oblast,RU-ORE,FALSE
ru|orenburgskaya oblast',RU,Orenburgskaya Oblast',RU-ORE,FALSE
ru|penzenskaya oblast,RU,Penzenskaya Oblast,RU-PNZ,FALSE
ru|penzenskaya oblast',RU,Penzenskaya Oblast',RU-PNZ,FALSE
ru|perm,RU,Perm,RU-PER,FALSE
ru|perm krai,RU,Perm Krai,RU-PER,FALSE
ru|molotov,RU,Molotov,RU-PER,FALSE
ru|permskaya oblast,RU,Permskaya Oblast,RU-PER,FALSE
ru|primorye,RU,Primorye,RU-PRI,FALSE
ru|primorsky krai,RU,Primorsky Krai,RU-PRI,FALSE
ru|küsten-gebiet,RU,Küsten-Gebiet,RU-PRI,FALSE
ru|kusten-gebiet,RU,Kusten-Gebiet,RU-PRI,FALSE
ru|maritime territory,RU,Maritime Territory,RU-PRI,FALSE
ru|primorsk,RU,Primorsk,RU-PRI,FALSE
ru|primorskiy kray,RU,Primorskiy Kray,RU-PRI,FALSE
ru|pskovskaya oblast,RU,Pskovskaya Oblast,RU-PSK,FALSE
ru|pskovskaya oblast',RU,Pskovskaya Oblast',RU-PSK,FALSE
ru|province of the don cossacks,RU,Province of the Don Cossacks,RU-ROS,FALSE
ru|provinz des donischen heeres,RU,Provinz des Donischen Heeres,RU-ROS,FALSE
ru|voyska donskovo,RU,Voyska Donskovo,RU-ROS,FALSE
ru|rostovskaya oblast,RU,Rostovskaya Oblast,RU-ROS,FALSE
ru|rostovskaya oblast',RU,Rostovskaya Oblast',RU-ROS,FALSE
ru|ryazan,RU,Ryazan,RU-RYA,FALSE
ru|ryazanskaya oblast,RU,Ryazanskaya Oblast,RU-RYA,FALSE
ru|ryazanskaya oblast',RU,Ryazanskaya Oblast',RU-RYA,FALSE
ru|sakha republic,RU,Sakha Republic,RU-SA,FALSE
ru|chukotka,RU,Chukotka,RU-SA,FALSE
ru|chukotskiy aok,RU,Chukotskiy AOk,RU-SA,FALSE
ru|respublika sakha (yakutiya),RU,Respublika Sakha (Yakutiya),RU-SA,FALSE
ru|chukot,RU,Chukot,RU-SA,FALSE
ru|sakhalinskaya oblast,RU,Sakhalinskaya Oblast,RU-SAK,FALSE
ru|sakhalinskaya oblast',RU,Sakhalinskaya Oblast',RU-SAK,FALSE
ru|kuybyshev,RU,Kuybyshev,RU-SAM,FALSE
ru|kuybyshevskaya,RU,Kuybyshevskaya,RU-SAM,FALSE
ru|samarskaya oblast,RU,Samarskaya Oblast,RU-SAM,FALSE
ru|samarskaya oblast',RU,Samarskaya Oblast',RU-SAM,FALSE
ru|saratovskaya oblast,RU,Saratovskaya Oblast,RU-SAR,FALSE
ru|saratovskaya oblast',RU,Saratovskaya Oblast',RU-SAR,FALSE
ru|misto sevastopol',RU,Misto Sevastopol',RU-~5482,FALSE
ru|misto sevastopol,RU,Misto Sevastopol,RU-~5482,FALSE
ru|sevastopol city municipality,RU,Sevastopol City Municipality,RU-~5482,FALSE
ru|smolenskaya oblast,RU,Smolenskaya Oblast,RU-SMO,FALSE
ru|smolenskaya oblast',RU,Smolenskaya Oblast',RU-SMO,FALSE
ru|stavropol,RU,Stavropol,RU-STA,FALSE
ru|stavropol krai,RU,Stavropol Krai,RU-STA,FALSE
ru|stavropol'skiy kray,RU,Stavropol'skiy Kray,RU-STA,FALSE
ru|stavropolskiy kray,RU,Stavropolskiy Kray,RU-STA,FALSE
ru|yekaterinburg,RU,Yekaterinburg,RU-SVE,FALSE
ru|sverdlovskaya oblast,RU,Sverdlovskaya Oblast,RU-SVE,FALSE
ru|sverdlovskaya oblast',RU,Sverdlovskaya Oblast',RU-SVE,FALSE
ru|tambovskaya oblast,RU,Tambovskaya Oblast,RU-TAM,FALSE
ru|tambovskaya oblast',RU,Tambovskaya Oblast',RU-TAM,FALSE
ru|republic of tatarstan,RU,Republic of Tatarstan,RU-TA,FALSE
ru|kazan,RU,Kazan,RU-TA,FALSE
ru|kazanskaya g.,RU,Kazanskaya G.,RU-TA,FALSE
ru|tatar a.s.s.r.,RU,Tatar A.S.S.R.,RU-TA,FALSE
ru|tatarskaya a.s.s.r.,RU,Tatarskaya A.S.S.R.,RU-TA,FALSE
ru|respublika tatars,RU,Respublika Tatars,RU-TA,FALSE
ru|respublika tatarstan,RU,Respublika Tatarstan,RU-TA,FALSE
ru|tomskaya,RU,Tomskaya,RU-TOM,FALSE
ru|tomskaya oblast',RU,Tomskaya Oblast',RU-TOM,FALSE
ru|tomskaya oblast,RU,Tomskaya Oblast,RU-TOM,FALSE
ru|tul'skaya,RU,Tul'skaya,RU-TUL,FALSE
ru|tulskaya,RU,Tulskaya,RU-TUL,FALSE
ru|tulskaya oblast,RU,Tulskaya Oblast,RU-TUL,FALSE
ru|tul'skaya oblast',RU,Tul'skaya Oblast',RU-TUL,FALSE
ru|tuva republic,RU,Tuva Republic,RU-TY,FALSE
ru|respublika tyva,RU,Respublika Tyva,RU-TY,FALSE
ru|republic of tuva,RU,Republic of Tuva,RU-TY,FALSE
ru|tyva,RU,Tyva,RU-TY,FALSE
ru|tuvinskaya a.s.s.r.,RU,Tuvinskaya A.S.S.R.,RU-TY,FALSE
ru|republic of tyva,RU,Republic of Tyva,RU-TY,FALSE
ru|tver,RU,Tver,RU-TVE,FALSE
ru|kalinin,RU,Kalinin,RU-TVE,FALSE
ru|kalininskaya,RU,Kalininskaya,RU-TVE,FALSE
ru|tverskaya oblast,RU,Tverskaya Oblast,RU-TVE,FALSE
ru|tverskaya oblast',RU,Tverskaya Oblast',RU-TVE,FALSE
ru|tyumen,RU,Tyumen,RU-TYU,FALSE
ru|tobol'sk,RU,Tobol'sk,RU-TYU,FALSE
ru|tobolsk,RU,Tobolsk,RU-TYU,FALSE
ru|tobol'skaya g.,RU,Tobol'skaya G.,RU-TYU,FALSE
ru|tobolskaya g.,RU,Tobolskaya G.,RU-TYU,FALSE
ru|tyumenskaya oblast,RU,Tyumenskaya Oblast,RU-TYU,FALSE
ru|tyumenskaya oblast',RU,Tyumenskaya Oblast',RU-TYU,FALSE
ru|udmurt republic,RU,Udmurt Republic,RU-UD,FALSE
ru|udmurtiya,RU,Udmurtiya,RU-UD,FALSE
ru|udmurtskaya a.s.s.r.,RU,Udmurtskaya A.S.S.R.,RU-UD,FALSE
ru|udmurtskaya respublika,RU,Udmurtskaya Respublika,RU-UD,FALSE
ru|ulyanovsk,RU,Ulyanovsk,RU-ULY,FALSE
ru|simbirsk,RU,Simbirsk,RU-ULY,FALSE
ru|simbirskaya g.,RU,Simbirskaya G.,RU-ULY,FALSE
ru|ul'yanovskaya oblast,RU,Ul'yanovskaya Oblast,RU-ULY,FALSE
ru|ulyanovskaya oblast,RU,Ulyanovskaya Oblast,RU-ULY,FALSE
ru|ul'yanovskaya oblast',RU,Ul'yanovskaya Oblast',RU-ULY,FALSE
ru|vladimirskaya,RU,Vladimirskaya,RU-VLA,FALSE
ru|vladimirskaya oblast',RU,Vladimirskaya Oblast',RU-VLA,FALSE
ru|vladimirskaya oblast,RU,Vladimirskaya Oblast,RU-VLA,FALSE
ru|stalingrad,RU,Stalingrad,RU-VGG,FALSE
ru|volgogradskaya oblast,RU,Volgogradskaya Oblast,RU-VGG,FALSE
ru|volgogradskaya oblast',RU,Volgogradskaya Oblast',RU-VGG,FALSE
ru|vologodskaya oblast',RU,Vologodskaya Oblast',RU-VLG,FALSE
ru|voronezhskaya oblast,RU,Voronezhskaya Oblast,RU-VOR,FALSE
ru|voronezhskaya oblast',RU,Voronezhskaya Oblast',RU-VOR,FALSE
ru|yamalo-nenets autonomous okrug,RU,Yamalo-Nenets Autonomous Okrug,RU-YAN,FALSE
ru|yamalo-nenetskiy a.okr,RU,Yamalo-Nenetskiy A.Okr,RU-YAN,FALSE
ru|yamalo-nenetskiy avtonomnyy okrug,RU,Yamalo-Nenetskiy Avtonomnyy Okrug,RU-YAN,FALSE
ru|yaroslavl,RU,Yaroslavl,RU-YAR,FALSE
ru|yaroslavskaya oblast,RU,Yaroslavskaya Oblast,RU-YAR,FALSE
ru|yaroslavskaya oblast',RU,Yaroslavskaya Oblast',RU-YAR,FALSE
ru|jewish,RU,Jewish,RU-YEV,FALSE
ru|den jødiske autonome oblasten,RU,Den jødiske autonome oblasten,RU-YEV,FALSE
ru|den jodiske autonome oblasten,RU,Den jodiske autonome oblasten,RU-YEV,FALSE
ru|evrey,RU,Evrey,RU-YEV,FALSE
ru|jewish a.obl.,RU,Jewish A.Obl.,RU-YEV,FALSE
ru|yahudi,RU,Yahudi,RU-YEV,FALSE
ru|yevreyskaya a.obl.,RU,Yevreyskaya A.Obl.,RU-YEV,FALSE
ru|evreyskaya aob,RU,Evreyskaya AOb,RU-YEV,FALSE
ru|yevreyskaya avtonomnaya oblast',RU,Yevreyskaya Avtonomnaya Oblast',RU-YEV,FALSE
ru|yevreyskaya avtonomnaya oblast,RU,Yevreyskaya Avtonomnaya Oblast,RU-YEV,FALSE
rw|province de l'est,RW,Province de l'Est,RW-02,FALSE
rw|province de lest,RW,Province de lEst,RW-02,FALSE
rw|eastern province,RW,Eastern Province,RW-02,FALSE
rw|kigali,RW,Kigali,RW-01,FALSE
rw|ville de kigali,RW,Ville de Kigali,RW-01,FALSE
rw|kigali province,RW,Kigali Province,RW-01,FALSE
rw|province du nord,RW,Province du Nord,RW-03,FALSE
rw|northern province,RW,Northern Province,RW-03,FALSE
rw|province du sud,RW,Province du Sud,RW-05,FALSE
rw|southern province,RW,Southern Province,RW-05,FALSE
rw|province de l'ouest,RW,Province de l'Ouest,RW-04,FALSE
rw|province de louest,RW,Province de lOuest,RW-04,FALSE
rw|western province,RW,Western Province,RW-04,FALSE
sa|'asir,SA,'Asir,SA-14,FALSE
sa|asir,SA,Asir,SA-14,FALSE
sa|aseer,SA,Aseer,SA-14,FALSE
sa|assyear,SA,Assyear,SA-14,FALSE
sa|mintaqat `asir,SA,Mintaqat `Asir,SA-14,FALSE
sa|mintaqat 'asir,SA,Mintaqat 'Asir,SA-14,FALSE
sa|mintaqat asir,SA,Mintaqat Asir,SA-14,FALSE
sa|al-baha,SA,Al-Baha,SA-11,FALSE
sa|baha,SA,Baha,SA-11,FALSE
sa|mintaqat al bahah,SA,Mintaqat al Bahah,SA-11,FALSE
sa|northern borders,SA,Northern Borders,SA-08,FALSE
sa|northern frontier,SA,Northern Frontier,SA-08,FALSE
sa|mintaqat al hudud ash shamaliyah,SA,Mintaqat al Hudud ash Shamaliyah,SA-08,FALSE
sa|al-jowf,SA,Al-Jowf,SA-12,FALSE
sa|jawfal joaf,SA,JawfAl Joaf,SA-12,FALSE
sa|al-jouf,SA,Al-Jouf,SA-12,FALSE
sa|jowf,SA,Jowf,SA-12,FALSE
sa|mintaqat al jawf,SA,Mintaqat al Jawf,SA-12,FALSE
sa|madinah,SA,Madinah,SA-03,FALSE
sa|al madinah al munawwarah,SA,Al Madinah al Munawwarah,SA-03,FALSE
sa|monwarah,SA,Monwarah,SA-03,FALSE
sa|medina,SA,Medina,SA-03,FALSE
sa|médine,SA,Médine,SA-03,FALSE
sa|medine,SA,Medine,SA-03,FALSE
sa|mintaqat al madinah,SA,Mintaqat al Madinah,SA-03,FALSE
sa|al-qassim,SA,Al-Qassim,SA-05,FALSE
sa|al gassim,SA,Al Gassim,SA-05,FALSE
sa|gasim,SA,Gasim,SA-05,FALSE
sa|qaseem,SA,Qaseem,SA-05,FALSE
sa|al qasseem,SA,Al Qasseem,SA-05,FALSE
sa|mintaqat al qasim,SA,Mintaqat al Qasim,SA-05,FALSE
sa|riyadh,SA,Riyadh,SA-01,FALSE
sa|riyad,SA,Riyad,SA-01,FALSE
sa|riad,SA,Riad,SA-01,FALSE
sa|mintaqat ar riyad,SA,Mintaqat ar Riyad,SA-01,FALSE
sa|eastern,SA,Eastern,SA-04,FALSE
sa|eastern province,SA,Eastern Province,SA-04,FALSE
sa|al mintaqah ash sharqiyah,SA,Al Mintaqah ash Sharqiyah,SA-04,FALSE
sa|hail,SA,Hail,SA-06,FALSE
sa|mintaqat ha'il,SA,Mintaqat Ha'il,SA-06,FALSE
sa|mintaqat hail,SA,Mintaqat Hail,SA-06,FALSE
sa|jazan,SA,Jazan,SA-09,FALSE
sa|qizan,SA,Qizan,SA-09,FALSE
sa|mintaqat jizan,SA,Mintaqat Jizan,SA-09,FALSE
sa|la meca,SA,La Meca,SA-02,FALSE
sa|la mecca,SA,La Mecca,SA-02,FALSE
sa|la mecque,SA,La Mecque,SA-02,FALSE
sa|makka,SA,Makka,SA-02,FALSE
sa|makkah al-mukarramah,SA,Makkah al-Mukarramah,SA-02,FALSE
sa|mecca,SA,Mecca,SA-02,FALSE
sa|meca,SA,Meca,SA-02,FALSE
sa|mecka,SA,Mecka,SA-02,FALSE
sa|mekka,SA,Mekka,SA-02,FALSE
sa|mintaqat makkah,SA,Mintaqat Makkah,SA-02,FALSE
sa|mintaqat najran,SA,Mintaqat Najran,SA-10,FALSE
sa|tabouk,SA,Tabouk,SA-07,FALSE
sa|mintaqat tabuk,SA,Mintaqat Tabuk,SA-07,FALSE
sb|honiara,SB,Honiara,SB-CT,FALSE
sb|central province,SB,Central Province,SB-CE,FALSE
sb|guadalcanal province,SB,Guadalcanal Province,SB-GU,FALSE
sb|isabel province,SB,Isabel Province,SB-IS,FALSE
sb|makira-ulawa,SB,Makira-Ulawa,SB-MK,FALSE
sb|makira and ulawa,SB,Makira and Ulawa,SB-MK,FALSE
sb|makira-ulawa province,SB,Makira-Ulawa Province,SB-MK,FALSE
sb|malaita province,SB,Malaita Province,SB-ML,FALSE
sb|eastern islands,SB,Eastern Islands,SB-TE,FALSE
sb|temotu province,SB,Temotu Province,SB-TE,FALSE
sb|choiseul,SB,Choiseul,SB-CH,FALSE
sb|lauru,SB,Lauru,SB-CH,FALSE
sb|western province,SB,Western Province,SB-CH,FALSE
sc|anse-aux-pins,SC,Anse-aux-Pins,SC-01,FALSE
sc|baie ste. anne,SC,Baie Ste. Anne,SC-07,FALSE
sc|belombre,SC,Belombre,SC-10,FALSE
sc|la rivière anglaise,SC,La Rivière Anglaise,SC-16,FALSE
sc|la riviere anglaise,SC,La Riviere Anglaise,SC-16,FALSE
sc|grandanse,SC,GrandAnse,SC-13,FALSE
sc|grandanse praslin,SC,GrandAnse Praslin,SC-13,FALSE
sc|grand' anse mahé,SC,Grand' Anse Mahé,SC-13,FALSE
sc|grand' anse mahe,SC,Grand' Anse Mahe,SC-13,FALSE
sc|grand anse mahé,SC,Grand Anse Mahé,SC-13,FALSE
sc|grand anse mahe,SC,Grand Anse Mahe,SC-13,FALSE
sc|grand anse praslin,SC,Grand Anse Praslin,SC-14,FALSE
sc|la digue,SC,La Digue,SC-15,FALSE
sc|inner islands,SC,Inner Islands,SC-15,FALSE
sc|coralline seychelles,SC,Coralline Seychelles,SC-~5197,FALSE
sc|zil elwannyen sesel,SC,Zil Elwannyen Sesel,SC-~5197,FALSE
sc|pointe larue,SC,Pointe Larue,SC-20,FALSE
sc|roche caiman,SC,Roche Caiman,SC-25,FALSE
sd|an nīl al azraq,SD,An Nīl al Azraq,SD-NB,FALSE
sd|an nil al azraq,SD,An Nil al Azraq,SD-NB,FALSE
sd|nil bleu,SD,Nil Bleu,SD-NB,FALSE
sd|nilo azul,SD,Nilo Azul,SD-NB,FALSE
sd|blue nile state,SD,Blue Nile State,SD-NB,FALSE
sd|dārfūr al gharbīyah,SD,Dārfūr al Gharbīyah,SD-DE,FALSE
sd|darfur al gharbiyah,SD,Darfur al Gharbiyah,SD-DE,FALSE
sd|gharb dārfūr,SD,Gharb Dārfūr,SD-DE,FALSE
sd|gharb darfur,SD,Gharb Darfur,SD-DE,FALSE
sd|central darfur state,SD,Central Darfur State,SD-DE,FALSE
sd|west darfur,SD,West Darfur,SD-DE,FALSE
sd|al qadarif,SD,Al Qadarif,SD-GD,FALSE
sd|gadarif,SD,Gadarif,SD-GD,FALSE
sd|gedaref,SD,Gedaref,SD-GD,FALSE
sd|gederaf,SD,Gederaf,SD-GD,FALSE
sd|al qadarif state,SD,Al Qadarif State,SD-GD,FALSE
sd|al jazirah,SD,Al Jazirah,SD-GZ,FALSE
sd|al jazirah state,SD,Al Jazirah State,SD-GZ,FALSE
sd|cassala,SD,Cassala,SD-KA,FALSE
sd|kessala,SD,Kessala,SD-KA,FALSE
sd|kassala state,SD,Kassala State,SD-KA,FALSE
sd|al kharţūm,SD,Al Kharţūm,SD-KH,FALSE
sd|al khartum,SD,Al Khartum,SD-KH,FALSE
sd|al khurţūm,SD,Al Khurţūm,SD-KH,FALSE
sd|al khurtum,SD,Al Khurtum,SD-KH,FALSE
sd|cartum,SD,Cartum,SD-KH,FALSE
sd|jartum,SD,Jartum,SD-KH,FALSE
sd|khartum,SD,Khartum,SD-KH,FALSE
sd|khartoum state,SD,Khartoum State,SD-KH,FALSE
sd|darfur ash shamaliyah,SD,Darfur ash Shamaliyah,SD-DN,FALSE
sd|shamal darfur,SD,Shamal Darfur,SD-DN,FALSE
sd|darfur septentrional,SD,Darfur septentrional,SD-DN,FALSE
sd|northern darfur state,SD,Northern Darfur State,SD-DN,FALSE
sd|north kordofan,SD,North Kordofan,SD-KN,FALSE
sd|kordofan septentrional,SD,Kordofan septentrional,SD-KN,FALSE
sd|kurdufān ash shamālīyah,SD,Kurdufān ash Shamālīyah,SD-KN,FALSE
sd|kurdufan ash shamaliyah,SD,Kurdufan ash Shamaliyah,SD-KN,FALSE
sd|shamāl kurdufān,SD,Shamāl Kurdufān,SD-KN,FALSE
sd|shamal kurdufan,SD,Shamal Kurdufan,SD-KN,FALSE
sd|northern kordofan state,SD,Northern Kordofan State,SD-KN,FALSE
sd|northern state,SD,Northern State,SD-NO,FALSE
sd|ba?r al a?mar,SD,Ba?r al A?mar,SD-RS,FALSE
sd|mar rojo,SD,Mar Rojo,SD-RS,FALSE
sd|mar rosso,SD,Mar Rosso,SD-RS,FALSE
sd|mar vermelho,SD,Mar Vermelho,SD-RS,FALSE
sd|mer rouge,SD,Mer Rouge,SD-RS,FALSE
sd|röda havet,SD,Röda havet,SD-RS,FALSE
sd|roda havet,SD,Roda havet,SD-RS,FALSE
sd|rødehavet,SD,Rødehavet,SD-RS,FALSE
sd|rodehavet,SD,Rodehavet,SD-RS,FALSE
sd|rotes meer,SD,Rotes Meer,SD-RS,FALSE
sd|red sea state,SD,Red Sea State,SD-RS,FALSE
"sd|an nīl, nahr an nīl",SD,"an Nīl, Nahr an Nīl",SD-NR,FALSE
"sd|an nil, nahr an nil",SD,"an Nil, Nahr an Nil",SD-NR,FALSE
sd|nil,SD,Nil,SD-NR,FALSE
sd|nile,SD,Nile,SD-NR,FALSE
sd|nile river,SD,Nile River,SD-NR,FALSE
sd|nilen,SD,Nilen,SD-NR,FALSE
sd|nilo,SD,Nilo,SD-NR,FALSE
sd|river nile state,SD,River Nile State,SD-NR,FALSE
"sd|al wusţá, al awsat",SD,"Al Wusţá, Al Awsat",SD-SI,FALSE
"sd|al wusta, al awsat",SD,"Al Wusta, Al Awsat",SD-SI,FALSE
sd|central,SD,Central,SD-SI,FALSE
sd|sinnar state,SD,Sinnar State,SD-SI,FALSE
sd|south kordofan,SD,South Kordofan,SD-KS,FALSE
sd|southern kordofan,SD,Southern Kordofan,SD-KS,FALSE
sd|janūb kurdufān,SD,Janūb Kurdufān,SD-KS,FALSE
sd|janub kurdufan,SD,Janub Kurdufan,SD-KS,FALSE
sd|janub kurdufun,SD,Janub Kurdufun,SD-KS,FALSE
sd|kurdufān al janūbīyah,SD,Kurdufān al Janūbīyah,SD-KS,FALSE
sd|kurdufan al janubiyah,SD,Kurdufan al Janubiyah,SD-KS,FALSE
sd|kordofan méridional,SD,Kordofan méridional,SD-KS,FALSE
sd|kordofan meridional,SD,Kordofan meridional,SD-KS,FALSE
sd|southern kordofan state,SD,Southern Kordofan State,SD-KS,FALSE
sd|eastern darfur,SD,Eastern Darfur,SD-DS,FALSE
sd|south darfur,SD,South Darfur,SD-DS,FALSE
sd|east darfur,SD,East Darfur,SD-DS,FALSE
sd|dārfūr al janūbīyah,SD,Dārfūr al Janūbīyah,SD-DS,FALSE
sd|darfur al janubiyah,SD,Darfur al Janubiyah,SD-DS,FALSE
sd|janūb dārfūr,SD,Janūb Dārfūr,SD-DS,FALSE
sd|janub darfur,SD,Janub Darfur,SD-DS,FALSE
sd|darfur méridional,SD,Darfur méridional,SD-DS,FALSE
sd|darfur meridional,SD,Darfur meridional,SD-DS,FALSE
sd|southern darfur state,SD,Southern Darfur State,SD-DS,FALSE
sd|eastern darfur state,SD,Eastern Darfur State,SD-DS,FALSE
sd|west soudan,SD,West Soudan,SD-DW,FALSE
sd|western darfur state,SD,Western Darfur State,SD-DW,FALSE
sd|an baḥr al abyad,SD,An Baḥr al Abyad,SD-NW,FALSE
sd|an bahr al abyad,SD,An Bahr al Abyad,SD-NW,FALSE
sd|an nīl al-abyad,SD,An Nīl al-Abyad,SD-NW,FALSE
sd|an nil al-abyad,SD,An Nil al-Abyad,SD-NW,FALSE
sd|nil blanc,SD,Nil Blanc,SD-NW,FALSE
sd|nilo branco,SD,Nilo Branco,SD-NW,FALSE
sd|white nile state,SD,White Nile State,SD-NW,FALSE
se|blekinge län,SE,Blekinge län,SE-K,FALSE
se|blekinge lan,SE,Blekinge lan,SE-K,FALSE
se|blekinge laen,SE,Blekinge Laen,SE-K,FALSE
se|dalecarlia,SE,Dalecarlia,SE-W,FALSE
se|kopparberg,SE,Kopparberg,SE-W,FALSE
se|dalarnas laen,SE,Dalarnas Laen,SE-W,FALSE
se|gavleborg,SE,Gavleborg,SE-X,FALSE
se|gävleborgs län,SE,Gävleborgs län,SE-X,FALSE
se|gavleborgs lan,SE,Gavleborgs lan,SE-X,FALSE
se|gaevleborgs laen,SE,Gaevleborgs Laen,SE-X,FALSE
se|gotlands län,SE,Gotlands län,SE-I,FALSE
se|gotlands lan,SE,Gotlands lan,SE-I,FALSE
se|gothland,SE,Gothland,SE-I,FALSE
se|gottland,SE,Gottland,SE-I,FALSE
se|gotlands laen,SE,Gotlands Laen,SE-I,FALSE
se|hallands län,SE,Hallands län,SE-N,FALSE
se|hallands lan,SE,Hallands lan,SE-N,FALSE
se|hallands laen,SE,Hallands Laen,SE-N,FALSE
se|jamtland,SE,Jamtland,SE-Z,FALSE
se|jämtlands län,SE,Jämtlands län,SE-Z,FALSE
se|jamtlands lan,SE,Jamtlands lan,SE-Z,FALSE
se|jaemtlands laen,SE,Jaemtlands Laen,SE-Z,FALSE
se|jonkoping,SE,Jonkoping,SE-F,FALSE
se|jönköpings län,SE,Jönköpings län,SE-F,FALSE
se|jonkopings lan,SE,Jonkopings lan,SE-F,FALSE
se|joenkoepings laen,SE,Joenkoepings Laen,SE-F,FALSE
se|kalmar län,SE,Kalmar län,SE-H,FALSE
se|kalmar lan,SE,Kalmar lan,SE-H,FALSE
se|kalmar laen,SE,Kalmar Laen,SE-H,FALSE
se|kronobergs län,SE,Kronobergs län,SE-G,FALSE
se|kronobergs lan,SE,Kronobergs lan,SE-G,FALSE
se|kronobergs laen,SE,Kronobergs Laen,SE-G,FALSE
se|norrbottens län,SE,Norrbottens län,SE-BD,FALSE
se|norrbottens lan,SE,Norrbottens lan,SE-BD,FALSE
se|norrbottens laen,SE,Norrbottens Laen,SE-BD,FALSE
se|örebro,SE,Örebro,SE-T,FALSE
se|örebro län,SE,Örebro län,SE-T,FALSE
se|orebro lan,SE,Orebro lan,SE-T,FALSE
se|oerebro laen,SE,OErebro Laen,SE-T,FALSE
se|ostergotland,SE,Ostergotland,SE-E,FALSE
se|östergötlands län,SE,Östergötlands län,SE-E,FALSE
se|ostergotlands lan,SE,Ostergotlands lan,SE-E,FALSE
se|oestergoetlands laen,SE,OEstergoetlands Laen,SE-E,FALSE
se|skane,SE,Skane,SE-M,FALSE
se|skane laen,SE,Skane Laen,SE-M,FALSE
se|sodermanland,SE,Sodermanland,SE-D,FALSE
se|södermanlands län,SE,Södermanlands län,SE-D,FALSE
se|sodermanlands lan,SE,Sodermanlands lan,SE-D,FALSE
se|sörmland,SE,Sörmland,SE-D,FALSE
se|sormland,SE,Sormland,SE-D,FALSE
se|soedermanlands laen,SE,Soedermanlands Laen,SE-D,FALSE
se|stockholms län,SE,Stockholms län,SE-AB,FALSE
se|stockholms lan,SE,Stockholms lan,SE-AB,FALSE
se|estocolmo,SE,Estocolmo,SE-AB,FALSE
se|stoccolmo,SE,Stoccolmo,SE-AB,FALSE
se|stockholms laen,SE,Stockholms Laen,SE-AB,FALSE
se|uppsala län,SE,Uppsala län,SE-C,FALSE
se|uppsala lan,SE,Uppsala lan,SE-C,FALSE
se|uppsala laen,SE,Uppsala Laen,SE-C,FALSE
se|varmland,SE,Varmland,SE-S,FALSE
se|värmlands län,SE,Värmlands län,SE-S,FALSE
se|varmlands lan,SE,Varmlands lan,SE-S,FALSE
se|vaermlands laen,SE,Vaermlands Laen,SE-S,FALSE
se|vasterbotten,SE,Vasterbotten,SE-AC,FALSE
se|västerbottens län,SE,Västerbottens län,SE-AC,FALSE
se|vasterbottens lan,SE,Vasterbottens lan,SE-AC,FALSE
se|vaesterbottens laen,SE,Vaesterbottens Laen,SE-AC,FALSE
se|vasternorrland,SE,Vasternorrland,SE-Y,FALSE
se|västernorrlands län,SE,Västernorrlands län,SE-Y,FALSE
se|vasternorrlands lan,SE,Vasternorrlands lan,SE-Y,FALSE
se|vaesternorrlands laen,SE,Vaesternorrlands Laen,SE-Y,FALSE
se|vastmanland,SE,Vastmanland,SE-U,FALSE
se|västmanlands län,SE,Västmanlands län,SE-U,FALSE
se|vastmanlands lan,SE,Vastmanlands lan,SE-U,FALSE
se|vaestmanlands laen,SE,Vaestmanlands Laen,SE-U,FALSE
se|vastra gotaland,SE,Vastra Gotaland,SE-O,FALSE
se|vaestra goetalands laen,SE,Vaestra Goetalands Laen,SE-O,FALSE
sg|central singapore community development council,SG,Central Singapore Community Development Council,SG-01,FALSE
sg|north east community development council,SG,North East Community Development Council,SG-02,FALSE
sg|north east community development region,SG,North East Community Development Region,SG-02,FALSE
sg|north west community development council,SG,North West Community Development Council,SG-03,FALSE
sg|south east community development council,SG,South East Community Development Council,SG-04,FALSE
sg|south west community development council,SG,South West Community Development Council,SG-05,FALSE
si|ajdovscina,SI,Ajdovscina,SI-001,FALSE
si|obcina ajdovscina,SI,Obcina Ajdovscina,SI-001,FALSE
si|apače,SI,Apače,SI-195,FALSE
si|obcina apace,SI,Obcina Apace,SI-195,FALSE
si|obcina beltinci,SI,Obcina Beltinci,SI-002,FALSE
si|obcina benedikt,SI,Obcina Benedikt,SI-148,FALSE
si|obcina podcetrtek,SI,Obcina Podcetrtek,SI-149,FALSE
si|obcina bled,SI,Obcina Bled,SI-003,FALSE
si|obcina bloke,SI,Obcina Bloke,SI-150,FALSE
si|obcina bohinj,SI,Obcina Bohinj,SI-004,FALSE
si|obcina borovnica,SI,Obcina Borovnica,SI-005,FALSE
si|obcina bovec,SI,Obcina Bovec,SI-006,FALSE
si|braslovče,SI,Braslovče,SI-151,FALSE
si|obcina braslovce,SI,Obcina Braslovce,SI-151,FALSE
si|obcina brda,SI,Obcina Brda,SI-007,FALSE
si|brezice,SI,Brezice,SI-009,FALSE
si|obcina brezice,SI,Obcina Brezice,SI-009,FALSE
si|obcina brezovica,SI,Obcina Brezovica,SI-008,FALSE
si|obcina cankova,SI,Obcina Cankova,SI-152,FALSE
si|mestna obcina celje,SI,Mestna Obcina Celje,SI-011,FALSE
si|obcina cerklje na gorenjskem,SI,Obcina Cerklje na Gorenjskem,SI-012,FALSE
si|obcina cerknica,SI,Obcina Cerknica,SI-013,FALSE
si|obcina cerkno,SI,Obcina Cerkno,SI-014,FALSE
si|obcina cerkvenjak,SI,Obcina Cerkvenjak,SI-153,FALSE
si|crensovci,SI,Crensovci,SI-015,FALSE
si|obcina crensovci,SI,Obcina Crensovci,SI-015,FALSE
si|crna na koroskem,SI,Crna na Koroskem,SI-016,FALSE
si|obcina crna na koroskem,SI,Obcina Crna na Koroskem,SI-016,FALSE
si|črnomelj,SI,Črnomelj,SI-017,FALSE
si|obcina crnomelj,SI,Obcina Crnomelj,SI-017,FALSE
si|obcina destrnik,SI,Obcina Destrnik,SI-018,FALSE
si|divača,SI,Divača,SI-019,FALSE
si|obcina divaca,SI,Obcina Divaca,SI-019,FALSE
si|obcina dobje,SI,Obcina Dobje,SI-154,FALSE
si|obcina dobrepolje,SI,Obcina Dobrepolje,SI-020,FALSE
si|obcina dobrna,SI,Obcina Dobrna,SI-155,FALSE
si|dobrova–polhov gradec,SI,Dobrova–Polhov Gradec,SI-021,FALSE
si|dobrova-horjul-polhov gradec,SI,Dobrova-Horjul-Polhov Gradec,SI-021,FALSE
si|obcina dobrova-polhov gradec,SI,Obcina Dobrova-Polhov Gradec,SI-021,FALSE
si|dobronak,SI,Dobronak,SI-156,FALSE
si|obcina dobrovnik,SI,Obcina Dobrovnik,SI-156,FALSE
si|obcina dol pri ljubljani,SI,Obcina Dol pri Ljubljani,SI-022,FALSE
si|obcina dolenjske toplice,SI,Obcina Dolenjske Toplice,SI-157,FALSE
si|domzale,SI,Domzale,SI-023,FALSE
si|obcina domzale,SI,Obcina Domzale,SI-023,FALSE
si|obcina dornava,SI,Obcina Dornava,SI-024,FALSE
si|obcina dravograd,SI,Obcina Dravograd,SI-025,FALSE
si|obcina duplek,SI,Obcina Duplek,SI-026,FALSE
si|občina gorenja vas-poljane,SI,Občina Gorenja vas-Poljane,SI-027,FALSE
si|obcina gorenja vas-poljane,SI,Obcina Gorenja vas-Poljane,SI-027,FALSE
si|gorisnica,SI,Gorisnica,SI-028,FALSE
si|obcina gorisnica,SI,Obcina Gorisnica,SI-028,FALSE
si|obcina gornja radgona,SI,Obcina Gornja Radgona,SI-029,FALSE
si|obcina gornji grad,SI,Obcina Gornji Grad,SI-030,FALSE
si|obcina gornji petrovci,SI,Obcina Gornji Petrovci,SI-031,FALSE
si|obcina grad,SI,Obcina Grad,SI-158,FALSE
si|obcina grosuplje,SI,Obcina Grosuplje,SI-032,FALSE
si|obcina hajdina,SI,Obcina Hajdina,SI-159,FALSE
si|hoče-slivnica,SI,Hoče-Slivnica,SI-160,FALSE
si|obcina hoce-slivnica,SI,Obcina Hoce-Slivnica,SI-160,FALSE
si|hodos,SI,Hodos,SI-161,FALSE
si|obcina hodos,SI,Obcina Hodos,SI-161,FALSE
si|obcina horjul,SI,Obcina Horjul,SI-162,FALSE
si|obcina hrastnik,SI,Obcina Hrastnik,SI-034,FALSE
si|obcina hrpelje-kozina,SI,Obcina Hrpelje-Kozina,SI-035,FALSE
si|obcina idrija,SI,Obcina Idrija,SI-036,FALSE
si|obcina ig,SI,Obcina Ig,SI-037,FALSE
si|obcina ilirska bistrica,SI,Obcina Ilirska Bistrica,SI-038,FALSE
si|ivančna gorica,SI,Ivančna Gorica,SI-039,FALSE
si|obcina ivancna gorica,SI,Obcina Ivancna Gorica,SI-039,FALSE
si|comune di isola,SI,Comune di Isola,SI-040,FALSE
si|obcina jesenice,SI,Obcina Jesenice,SI-041,FALSE
si|obcina jezersko,SI,Obcina Jezersko,SI-163,FALSE
si|jursinci,SI,Jursinci,SI-042,FALSE
si|obcina jursinci,SI,Obcina Jursinci,SI-042,FALSE
si|obcina kamnik,SI,Obcina Kamnik,SI-043,FALSE
si|kanal ob soči,SI,Kanal ob Soči,SI-044,FALSE
si|kanal ob soci,SI,Kanal ob Soci,SI-044,FALSE
si|obcina kanal,SI,Obcina Kanal,SI-044,FALSE
si|kidričevo,SI,Kidričevo,SI-045,FALSE
si|obcina kidricevo,SI,Obcina Kidricevo,SI-045,FALSE
si|obcina kobarid,SI,Obcina Kobarid,SI-046,FALSE
si|obcina kobilje,SI,Obcina Kobilje,SI-047,FALSE
si|kočevje,SI,Kočevje,SI-048,FALSE
si|obcina kocevje,SI,Obcina Kocevje,SI-048,FALSE
si|obcina komen,SI,Obcina Komen,SI-049,FALSE
si|obcina komenda,SI,Obcina Komenda,SI-164,FALSE
si|capodistria,SI,Capodistria,SI-050,FALSE
si|mestna obcina koper,SI,Mestna Obcina Koper,SI-050,FALSE
si|obcina kostel,SI,Obcina Kostel,SI-165,FALSE
si|obcina kozje,SI,Obcina Kozje,SI-051,FALSE
si|mestna obcina kranj,SI,Mestna Obcina Kranj,SI-052,FALSE
si|obcina kranjska gora,SI,Obcina Kranjska Gora,SI-053,FALSE
si|krizevci,SI,Krizevci,SI-166,FALSE
si|obcina krizevci,SI,Obcina Krizevci,SI-166,FALSE
si|krsko,SI,Krsko,SI-054,FALSE
si|posavska,SI,Posavska,SI-054,FALSE
si|obcina krsko,SI,Obcina Krsko,SI-054,FALSE
si|obcina kungota,SI,Obcina Kungota,SI-055,FALSE
si|obcina kuzma,SI,Obcina Kuzma,SI-056,FALSE
si|lasko,SI,Lasko,SI-057,FALSE
si|obcina lasko,SI,Obcina Lasko,SI-057,FALSE
si|obcina lenart,SI,Obcina Lenart,SI-058,FALSE
si|lendva,SI,Lendva,SI-059,FALSE
si|obcina lendava,SI,Obcina Lendava,SI-059,FALSE
si|obcina litija,SI,Obcina Litija,SI-060,FALSE
si|mestna obcina ljubljana,SI,Mestna Obcina Ljubljana,SI-061,FALSE
si|obcina ljubno,SI,Obcina Ljubno,SI-062,FALSE
si|obcina ljutomer,SI,Obcina Ljutomer,SI-063,FALSE
si|obcina logatec,SI,Obcina Logatec,SI-064,FALSE
si|loska dolina,SI,Loska dolina,SI-065,FALSE
si|obcina loska dolina,SI,Obcina Loska Dolina,SI-065,FALSE
si|loski potok,SI,Loski Potok,SI-066,FALSE
si|obcina loski potok,SI,Obcina Loski Potok,SI-066,FALSE
si|obcina lovrenc na pohorju,SI,Obcina Lovrenc na Pohorju,SI-167,FALSE
si|luče,SI,Luče,SI-067,FALSE
si|savinjska,SI,Savinjska,SI-067,FALSE
si|obcina luce,SI,Obcina Luce,SI-067,FALSE
si|obcina lukovica,SI,Obcina Lukovica,SI-068,FALSE
si|majsperk,SI,Majsperk,SI-069,FALSE
si|obcina majsperk,SI,Obcina Majsperk,SI-069,FALSE
si|mestna obcina maribor,SI,Mestna Obcina Maribor,SI-070,FALSE
si|obcina markovci,SI,Obcina Markovci,SI-168,FALSE
si|obcina medvode,SI,Obcina Medvode,SI-071,FALSE
si|menges,SI,Menges,SI-072,FALSE
si|obcina menges,SI,Obcina Menges,SI-072,FALSE
si|obcina metlika,SI,Obcina Metlika,SI-073,FALSE
si|mezica,SI,Mezica,SI-074,FALSE
si|obcina mezica,SI,Obcina Mezica,SI-074,FALSE
si|miklavz na dravskem polju,SI,Miklavz na Dravskem polju,SI-169,FALSE
si|obcina miklavz na dravskem polju,SI,Obcina Miklavz na Dravskem Polju,SI-169,FALSE
si|miren–kostanjevica,SI,Miren–Kostanjevica,SI-075,FALSE
si|obcina miren-kostanjevica,SI,Obcina Miren-Kostanjevica,SI-075,FALSE
si|mirna peč,SI,Mirna Peč,SI-170,FALSE
si|obcina mirna pec,SI,Obcina Mirna Pec,SI-170,FALSE
si|obcina mislinja,SI,Obcina Mislinja,SI-076,FALSE
si|moravče,SI,Moravče,SI-077,FALSE
si|obcina moravce,SI,Obcina Moravce,SI-077,FALSE
si|obcina moravske toplice,SI,Obcina Moravske Toplice,SI-078,FALSE
si|obcina mozirje,SI,Obcina Mozirje,SI-079,FALSE
si|mestna obcina murska sobota,SI,Mestna Obcina Murska Sobota,SI-080,FALSE
si|obcina muta,SI,Obcina Muta,SI-081,FALSE
si|obcina naklo,SI,Obcina Naklo,SI-082,FALSE
si|obcina nazarje,SI,Obcina Nazarje,SI-083,FALSE
si|nova goriska,SI,Nova Goriska,SI-084,FALSE
si|nova gorica,SI,Nova Gorica,SI-084,FALSE
si|severna primors,SI,Severna Primors,SI-084,FALSE
si|mestna obcina nova gorica,SI,Mestna Obcina Nova Gorica,SI-084,FALSE
si|mestna obcina novo mesto,SI,Mestna Obcina Novo mesto,SI-085,FALSE
si|obcina odranci,SI,Obcina Odranci,SI-086,FALSE
si|obcina oplotnica,SI,Obcina Oplotnica,SI-171,FALSE
si|ormoz,SI,Ormoz,SI-087,FALSE
si|obcina ormoz,SI,Obcina Ormoz,SI-087,FALSE
si|obcina pesnica,SI,Obcina Pesnica,SI-089,FALSE
si|pirano,SI,Pirano,SI-090,FALSE
si|comune di pirano,SI,Comune di Pirano,SI-090,FALSE
"si|kraška, notranj",SI,"Kraška, Notranj",SI-091,FALSE
"si|kraska, notranj",SI,"Kraska, Notranj",SI-091,FALSE
si|obcina pivka,SI,Obcina Pivka,SI-091,FALSE
si|podčetrtek,SI,Podčetrtek,SI-092,FALSE
si|obcina bistrica ob sotli,SI,Obcina Bistrica ob Sotli,SI-092,FALSE
si|obcina podlehnik,SI,Obcina Podlehnik,SI-172,FALSE
si|obcina podvelka,SI,Obcina Podvelka,SI-093,FALSE
si|obcina polzela,SI,Obcina Polzela,SI-173,FALSE
si|obcina postojna,SI,Obcina Postojna,SI-094,FALSE
si|obcina prebold,SI,Obcina Prebold,SI-174,FALSE
si|obcina preddvor,SI,Obcina Preddvor,SI-095,FALSE
si|obcina prevalje,SI,Obcina Prevalje,SI-175,FALSE
si|mestna obcina ptuj,SI,Mestna Obcina Ptuj,SI-096,FALSE
si|obcina puconci,SI,Obcina Puconci,SI-097,FALSE
si|rače–fram,SI,Rače–Fram,SI-098,FALSE
si|obcina race-fram,SI,Obcina Race-Fram,SI-098,FALSE
si|radeče,SI,Radeče,SI-099,FALSE
si|obcina radece,SI,Obcina Radece,SI-099,FALSE
si|obcina radenci,SI,Obcina Radenci,SI-100,FALSE
si|obcina radlje ob dravi,SI,Obcina Radlje ob Dravi,SI-101,FALSE
si|obcina radovljica,SI,Obcina Radovljica,SI-102,FALSE
si|ravne na koroskem,SI,Ravne na Koroskem,SI-103,FALSE
si|obcina ravne na koroskem,SI,Obcina Ravne na Koroskem,SI-103,FALSE
si|razkrizje,SI,Razkrizje,SI-176,FALSE
si|obcina razkrizje,SI,Obcina Razkrizje,SI-176,FALSE
si|obcina ribnica,SI,Obcina Ribnica,SI-104,FALSE
si|obcina ribnica na pohorju,SI,Obcina Ribnica na Pohorju,SI-177,FALSE
si|rogaska slatina,SI,Rogaska Slatina,SI-106,FALSE
si|obcina rogaska slatina,SI,Obcina Rogaska Slatina,SI-106,FALSE
si|rogasovci,SI,Rogasovci,SI-105,FALSE
si|obcina rogasovci,SI,Obcina Rogasovci,SI-105,FALSE
si|obcina rogatec,SI,Obcina Rogatec,SI-107,FALSE
si|ruse,SI,Ruse,SI-108,FALSE
si|obcina ruse,SI,Obcina Ruse,SI-108,FALSE
si|salovci,SI,Salovci,SI-033,FALSE
si|obcina salovci,SI,Obcina Salovci,SI-033,FALSE
si|obcina selnica ob dravi,SI,Obcina Selnica ob Dravi,SI-178,FALSE
si|semič,SI,Semič,SI-109,FALSE
si|obcina semic,SI,Obcina Semic,SI-109,FALSE
si|sempeter-vrtojba,SI,Sempeter-Vrtojba,SI-183,FALSE
si|šempeter–vrtojba,SI,Šempeter–Vrtojba,SI-183,FALSE
si|obcina sempeter-vrtojba,SI,Obcina Sempeter-Vrtojba,SI-183,FALSE
si|sencur,SI,Sencur,SI-117,FALSE
si|obcina sencur,SI,Obcina Sencur,SI-117,FALSE
si|sentilj,SI,Sentilj,SI-118,FALSE
si|obcina sentilj,SI,Obcina Sentilj,SI-118,FALSE
si|sentjernej,SI,Sentjernej,SI-119,FALSE
si|obcina sentjernej,SI,Obcina Sentjernej,SI-119,FALSE
si|sentjur pri celju,SI,Sentjur pri Celju,SI-120,FALSE
si|šentjur,SI,Šentjur,SI-120,FALSE
si|sentjur,SI,Sentjur,SI-120,FALSE
si|obcina sentjur,SI,Obcina Sentjur,SI-120,FALSE
si|obcina sevnica,SI,Obcina Sevnica,SI-110,FALSE
si|sezana,SI,Sezana,SI-111,FALSE
si|obcina sezana,SI,Obcina Sezana,SI-111,FALSE
si|skocjan,SI,Skocjan,SI-121,FALSE
si|obcina skocjan,SI,Obcina Skocjan,SI-121,FALSE
si|skofja loka,SI,Skofja Loka,SI-122,FALSE
si|obcina skofja loka,SI,Obcina Skofja Loka,SI-122,FALSE
si|skofljica,SI,Skofljica,SI-123,FALSE
si|obcina skofljica,SI,Obcina Skofljica,SI-123,FALSE
si|mestna obcina slovenj gradec,SI,Mestna Obcina Slovenj Gradec,SI-112,FALSE
si|obcina slovenska bistrica,SI,Obcina Slovenska Bistrica,SI-113,FALSE
si|obcina slovenske konjice,SI,Obcina Slovenske Konjice,SI-114,FALSE
si|smarje pri jelsah,SI,Smarje pri Jelsah,SI-124,FALSE
si|obcina smarje pri jelsah,SI,Obcina Smarje pri Jelsah,SI-124,FALSE
si|smartno in litiji,SI,Smartno in Litiji,SI-194,FALSE
si|šmartno pri litiji,SI,Šmartno pri Litiji,SI-194,FALSE
si|smartno pri litiji,SI,Smartno pri Litiji,SI-194,FALSE
si|obcina smartno pri litiji,SI,Obcina Smartno pri Litiji,SI-194,FALSE
si|smartno ob paki,SI,Smartno ob Paki,SI-125,FALSE
si|obcina smartno ob paki,SI,Obcina Smartno ob Paki,SI-125,FALSE
si|sodrazica,SI,Sodrazica,SI-179,FALSE
si|obcina sodrazica,SI,Obcina Sodrazica,SI-179,FALSE
si|solčava,SI,Solčava,SI-180,FALSE
si|obcina solcava,SI,Obcina Solcava,SI-180,FALSE
si|sostanj,SI,Sostanj,SI-126,FALSE
si|obcina sostanj,SI,Obcina Sostanj,SI-126,FALSE
si|starse,SI,Starse,SI-115,FALSE
si|obcina starse,SI,Obcina Starse,SI-115,FALSE
si|store,SI,Store,SI-127,FALSE
si|obcina store,SI,Obcina Store,SI-127,FALSE
si|obcina sveta ana,SI,Obcina Sveta Ana,SI-181,FALSE
si|sveti andraz v slovenskih goricah,SI,Sveti Andraz v Slovenskih Goricah,SI-182,FALSE
si|obcina sveti andraz v slovenskih goricah,SI,Obcina Sveti Andraz v Slovenskih Goricah,SI-182,FALSE
si|sveti jurij ob ščavnici,SI,Sveti Jurij ob Ščavnici,SI-116,FALSE
si|sveti jurij ob scavnici,SI,Sveti Jurij ob Scavnici,SI-116,FALSE
si|obcina sveti jurij ob scavnici,SI,Obcina Sveti Jurij ob Scavnici,SI-116,FALSE
si|obcina tabor,SI,Obcina Tabor,SI-184,FALSE
si|obcina tolmin,SI,Obcina Tolmin,SI-128,FALSE
si|obcina trbovlje,SI,Obcina Trbovlje,SI-129,FALSE
si|obcina trebnje,SI,Obcina Trebnje,SI-130,FALSE
si|obcina trnovska vas,SI,Obcina Trnovska vas,SI-185,FALSE
si|trzic,SI,Trzic,SI-131,FALSE
si|obcina trzic,SI,Obcina Trzic,SI-131,FALSE
si|obcina trzin,SI,Obcina Trzin,SI-186,FALSE
si|turnisce,SI,Turnisce,SI-132,FALSE
si|obcina turnisce,SI,Obcina Turnisce,SI-132,FALSE
si|mestna obcina velenje,SI,Mestna Obcina Velenje,SI-133,FALSE
si|obcina velika polana,SI,Obcina Velika Polana,SI-187,FALSE
si|velike lasce,SI,Velike Lasce,SI-134,FALSE
si|obcina velike lasce,SI,Obcina Velike Lasce,SI-134,FALSE
si|verzej,SI,Verzej,SI-188,FALSE
si|obcina verzej,SI,Obcina Verzej,SI-188,FALSE
si|obcina videm,SI,Obcina Videm,SI-135,FALSE
si|obcina vipava,SI,Obcina Vipava,SI-136,FALSE
si|obcina vitanje,SI,Obcina Vitanje,SI-137,FALSE
si|obcina vodice,SI,Obcina Vodice,SI-138,FALSE
si|obcina vojnik,SI,Obcina Vojnik,SI-139,FALSE
si|obcina vransko,SI,Obcina Vransko,SI-189,FALSE
si|obcina vrhnika,SI,Obcina Vrhnika,SI-140,FALSE
si|obcina vuzenica,SI,Obcina Vuzenica,SI-141,FALSE
si|zalec,SI,Zalec,SI-190,FALSE
si|obcina zalec,SI,Obcina Zalec,SI-190,FALSE
si|zagorje ob savi,SI,Zagorje ob Savi,SI-05,FALSE
si|obcina zagorje ob savi,SI,Obcina Zagorje ob Savi,SI-05,FALSE
si|zavrč,SI,Zavrč,SI-143,FALSE
si|obcina zavrc,SI,Obcina Zavrc,SI-143,FALSE
si|zelezniki,SI,Zelezniki,SI-146,FALSE
si|obcina zelezniki,SI,Obcina Zelezniki,SI-146,FALSE
si|zetale,SI,Zetale,SI-191,FALSE
si|obcina zetale,SI,Obcina Zetale,SI-191,FALSE
si|ziri,SI,Ziri,SI-147,FALSE
si|obcina ziri,SI,Obcina Ziri,SI-147,FALSE
si|zirovnica,SI,Zirovnica,SI-192,FALSE
si|obcina zirovnica,SI,Obcina Zirovnica,SI-192,FALSE
si|zreče,SI,Zreče,SI-144,FALSE
si|obcina zrece,SI,Obcina Zrece,SI-144,FALSE
si|zuzemberk,SI,Zuzemberk,SI-193,FALSE
si|obcina zuzemberk,SI,Obcina Zuzemberk,SI-193,FALSE
sk|banskobystricky,SK,Banskobystricky,SK-BC,FALSE
sk|banská bystrica,SK,Banská Bystrica,SK-BC,FALSE
sk|banska bystrica,SK,Banska Bystrica,SK-BC,FALSE
sk|banskobystricky kraj,SK,Banskobystricky kraj,SK-BC,FALSE
sk|bratislavsky,SK,Bratislavsky,SK-BL,FALSE
sk|bratislava,SK,Bratislava,SK-BL,FALSE
sk|bratislavsky kraj,SK,Bratislavsky kraj,SK-BL,FALSE
sk|kosicky,SK,Kosicky,SK-KI,FALSE
sk|košice,SK,Košice,SK-KI,FALSE
sk|kosice,SK,Kosice,SK-KI,FALSE
sk|kosicky kraj,SK,Kosicky kraj,SK-KI,FALSE
sk|nitra,SK,Nitra,SK-NI,FALSE
sk|nitriansky kraj,SK,Nitriansky kraj,SK-NI,FALSE
sk|presov,SK,Presov,SK-PV,FALSE
sk|presovsky kraj,SK,Presovsky kraj,SK-PV,FALSE
sk|trenčín,SK,Trenčín,SK-TC,FALSE
sk|trencin,SK,Trencin,SK-TC,FALSE
sk|trencín,SK,Trencín,SK-TC,FALSE
sk|trenciansky kraj,SK,Trenciansky kraj,SK-TC,FALSE
sk|trnavsky,SK,Trnavsky,SK-TA,FALSE
sk|trnava,SK,Trnava,SK-TA,FALSE
sk|trnavsky kraj,SK,Trnavsky kraj,SK-TA,FALSE
sk|zilinsky,SK,Zilinsky,SK-ZI,FALSE
sk|žilina,SK,Žilina,SK-ZI,FALSE
sk|zilina,SK,Zilina,SK-ZI,FALSE
sk|zilinsky kraj,SK,Zilinsky kraj,SK-ZI,FALSE
sl|eastern province,SL,Eastern Province,SL-E,FALSE
sl|northern province,SL,Northern Province,SL-N,FALSE
sl|southern province,SL,Southern Province,SL-S,FALSE
sl|western area,SL,Western Area,SL-W,FALSE
sm|castello di acquaviva,SM,Castello di Acquaviva,SM-01,FALSE
sm|castello di borgo maggiore,SM,Castello di Borgo Maggiore,SM-06,FALSE
sm|castello di domagnano,SM,Castello di Domagnano,SM-03,FALSE
sm|castello di faetano,SM,Castello di Faetano,SM-04,FALSE
sm|castello di fiorentino,SM,Castello di Fiorentino,SM-05,FALSE
sm|castello di montegiardino,SM,Castello di Montegiardino,SM-08,FALSE
sm|castello di san marino citta,SM,Castello di San Marino Citta,SM-07,FALSE
sn|cap vert,SN,Cap Vert,SN-DK,FALSE
sn|dacar,SN,Dacar,SN-DK,FALSE
sn|region de kaffrine,SN,Region de Kaffrine,SN-KA,FALSE
sn|kedougou,SN,Kedougou,SN-KE,FALSE
sn|region de kedougou,SN,Region de Kedougou,SN-KE,FALSE
sn|sedhiou,SN,Sedhiou,SN-SE,FALSE
sn|region de sedhiou,SN,Region de Sedhiou,SN-SE,FALSE
sn|sénégal oriental,SN,Sénégal Oriental,SN-TC,FALSE
sn|senegal oriental,SN,Senegal Oriental,SN-TC,FALSE
sn|thies,SN,Thies,SN-TH,FALSE
sn|region de thies,SN,Region de Thies,SN-TH,FALSE
so|gobolka bakool,SO,Gobolka Bakool,SO-BK,FALSE
so|benadir,SO,Benadir,SO-BN,FALSE
so|gobolka banaadir,SO,Gobolka Banaadir,SO-BN,FALSE
so|gobolka bari,SO,Gobolka Bari,SO-BR,FALSE
so|baay,SO,Baay,SO-BY,FALSE
so|gobolka bay,SO,Gobolka Bay,SO-BY,FALSE
so|galgudug,SO,Galgudug,SO-GA,FALSE
so|gobolka galguduud,SO,Gobolka Galguduud,SO-GA,FALSE
so|gado,SO,Gado,SO-GE,FALSE
so|gobolka gedo,SO,Gobolka Gedo,SO-GE,FALSE
so|hiran,SO,Hiran,SO-HI,FALSE
so|hiiran,SO,Hiiran,SO-HI,FALSE
so|gobolka hiiraan,SO,Gobolka Hiiraan,SO-HI,FALSE
so|middle juba,SO,Middle Juba,SO-JD,FALSE
so|j. dhexe,SO,J. Dhexe,SO-JD,FALSE
so|central juba,SO,Central Juba,SO-JD,FALSE
so|gobolka jubbada dhexe,SO,Gobolka Jubbada Dhexe,SO-JD,FALSE
so|lower juba,SO,Lower Juba,SO-JH,FALSE
so|j. hoose,SO,J. Hoose,SO-JH,FALSE
so|gobolka jubbada hoose,SO,Gobolka Jubbada Hoose,SO-JH,FALSE
so|madugh,SO,Madugh,SO-MU,FALSE
so|mudugh,SO,Mudugh,SO-MU,FALSE
so|gobolka mudug,SO,Gobolka Mudug,SO-MU,FALSE
so|nugal,SO,Nugal,SO-NU,FALSE
so|gobolka nugaal,SO,Gobolka Nugaal,SO-NU,FALSE
so|middle shebelle,SO,Middle Shebelle,SO-SD,FALSE
so|sh. dhexe,SO,Sh. Dhexe,SO-SD,FALSE
so|central shabele,SO,Central Shabele,SO-SD,FALSE
so|gobolka shabeellaha dhexe,SO,Gobolka Shabeellaha Dhexe,SO-SD,FALSE
so|lower shebelle,SO,Lower Shebelle,SO-SH,FALSE
so|sh. hoose,SO,Sh. Hoose,SO-SH,FALSE
so|lower shabele,SO,Lower Shabele,SO-SH,FALSE
so|gobolka shabeellaha hoose,SO,Gobolka Shabeellaha Hoose,SO-SH,FALSE
sr|distrikt brokopondo,SR,Distrikt Brokopondo,SR-BR,FALSE
sr|distrikt commewijne,SR,Distrikt Commewijne,SR-CM,FALSE
sr|distrikt coronie,SR,Distrikt Coronie,SR-CR,FALSE
sr|distrikt marowijne,SR,Distrikt Marowijne,SR-MA,FALSE
sr|distrikt nickerie,SR,Distrikt Nickerie,SR-NI,FALSE
sr|distrikt para,SR,Distrikt Para,SR-PR,FALSE
sr|distrikt paramaribo,SR,Distrikt Paramaribo,SR-PM,FALSE
sr|distrikt saramacca,SR,Distrikt Saramacca,SR-SA,FALSE
sr|distrikt sipaliwini,SR,Distrikt Sipaliwini,SR-SI,FALSE
sr|distrikt wanica,SR,Distrikt Wanica,SR-WA,FALSE
ss|central equatoria state,SS,Central Equatoria State,SS-EC,FALSE
ss|al istiwā'īyah ash sharqīyah,SS,Al Istiwā'īyah ash Sharqīyah,SS-EE,FALSE
ss|al istiwa'iyah ash sharqiyah,SS,Al Istiwa'iyah ash Sharqiyah,SS-EE,FALSE
ss|al istiwāīyah ash sharqīyah,SS,Al Istiwāīyah ash Sharqīyah,SS-EE,FALSE
ss|al istiwaiyah ash sharqiyah,SS,Al Istiwaiyah ash Sharqiyah,SS-EE,FALSE
ss|sharq al istiwā'īyah,SS,Sharq al Istiwā'īyah,SS-EE,FALSE
ss|sharq al istiwa'iyah,SS,Sharq al Istiwa'iyah,SS-EE,FALSE
ss|sharq al istiwāīyah,SS,Sharq al Istiwāīyah,SS-EE,FALSE
ss|sharq al istiwaiyah,SS,Sharq al Istiwaiyah,SS-EE,FALSE
ss|équatoria oriental,SS,Équatoria oriental,SS-EE,FALSE
ss|equatoria oriental,SS,Equatoria oriental,SS-EE,FALSE
ss|east equatoria,SS,East Equatoria,SS-EE,FALSE
ss|jungoli,SS,Jungoli,SS-JG,FALSE
ss|jonglie,SS,Jonglie,SS-JG,FALSE
ss|jonqley,SS,Jonqley,SS-JG,FALSE
ss|junqali,SS,Junqali,SS-JG,FALSE
ss|jongley,SS,Jongley,SS-JG,FALSE
ss|north bahr-al-gazal,SS,North Bahr-al-Gazal,SS-BN,FALSE
ss|north bahr el ghazal,SS,North Bahr el Ghazal,SS-BN,FALSE
ss|shamal bahr al ghazal,SS,Shamal Bahr al Ghazal,SS-BN,FALSE
ss|north bahr-al-ghazal,SS,North Bahr-al-Ghazal,SS-BN,FALSE
ss|al-wahdah,SS,Al-Wahdah,SS-UY,FALSE
ss|wahda,SS,Wahda,SS-UY,FALSE
ss|sobat,SS,Sobat,SS-NU,FALSE
ss|a`ālī an nīl,SS,a`Ālī an Nīl,SS-NU,FALSE
ss|a'ali an nil,SS,a'Ali an Nil,SS-NU,FALSE
ss|aālī an nīl,SS,aĀlī an Nīl,SS-NU,FALSE
ss|aali an nil,SS,aAli an Nil,SS-NU,FALSE
ss|nil supérieur,SS,Nil supérieur,SS-NU,FALSE
ss|nil superieur,SS,Nil superieur,SS-NU,FALSE
ss|warab,SS,Warab,SS-WR,FALSE
ss|warrab,SS,Warrab,SS-WR,FALSE
ss|warrap state,SS,Warrap State,SS-WR,FALSE
ss|warap,SS,Warap,SS-WR,FALSE
ss|western bahr el ghazal state,SS,Western Bahr el Ghazal State,SS-BW,FALSE
ss|west bahr-al-ghazal,SS,West Bahr-al-Ghazal,SS-BW,FALSE
ss|al istiwā'īyah al gharbīyah,SS,Al Istiwā'īyah al Gharbīyah,SS-EW,FALSE
ss|al istiwa'iyah al gharbiyah,SS,Al Istiwa'iyah al Gharbiyah,SS-EW,FALSE
ss|al istiwāīyah al gharbīyah,SS,Al Istiwāīyah al Gharbīyah,SS-EW,FALSE
ss|al istiwaiyah al gharbiyah,SS,Al Istiwaiyah al Gharbiyah,SS-EW,FALSE
ss|gharb al istiwā'īyah,SS,Gharb al Istiwā'īyah,SS-EW,FALSE
ss|gharb al istiwa'iyah,SS,Gharb al Istiwa'iyah,SS-EW,FALSE
ss|gharb al istiwāīyah,SS,Gharb al Istiwāīyah,SS-EW,FALSE
ss|gharb al istiwaiyah,SS,Gharb al Istiwaiyah,SS-EW,FALSE
ss|équatoria occidental,SS,Équatoria occidental,SS-EW,FALSE
ss|equatoria occidental,SS,Equatoria occidental,SS-EW,FALSE
ss|west equatoria,SS,West Equatoria,SS-EW,FALSE
st|principe,ST,Principe,ST-P,FALSE
st|sao tome,ST,Sao Tome,ST-S,FALSE
sv|ahuachapan,SV,Ahuachapan,SV-AH,FALSE
sv|departamento de ahuachapan,SV,Departamento de Ahuachapan,SV-AH,FALSE
sv|cabanas,SV,Cabanas,SV-CA,FALSE
sv|departamento de cabanas,SV,Departamento de Cabanas,SV-CA,FALSE
sv|departamento de chalatenango,SV,Departamento de Chalatenango,SV-CH,FALSE
sv|cuscatlan,SV,Cuscatlan,SV-CU,FALSE
sv|departamento de cuscatlan,SV,Departamento de Cuscatlan,SV-CU,FALSE
sv|departamento de la libertad,SV,Departamento de La Libertad,SV-LI,FALSE
sv|departamento de la paz,SV,Departamento de La Paz,SV-PA,FALSE
sv|la union,SV,La Union,SV-UN,FALSE
sv|departamento de la union,SV,Departamento de La Union,SV-UN,FALSE
sv|morazan,SV,Morazan,SV-MO,FALSE
sv|departamento de morazan,SV,Departamento de Morazan,SV-MO,FALSE
sv|departamento de san miguel,SV,Departamento de San Miguel,SV-SM,FALSE
sv|departamento de san salvador,SV,Departamento de San Salvador,SV-SS,FALSE
sv|departamento de san vicente,SV,Departamento de San Vicente,SV-SV,FALSE
sv|departamento de santa ana,SV,Departamento de Santa Ana,SV-SA,FALSE
sv|departamento de sonsonate,SV,Departamento de Sonsonate,SV-SO,FALSE
sv|usulutan,SV,Usulutan,SV-US,FALSE
sv|departamento de usulutan,SV,Departamento de Usulutan,SV-US,FALSE
sy|alep,SY,Alep,SY-HL,FALSE
sy|alepo,SY,Alepo,SY-HL,FALSE
sy|haleb,SY,Haleb,SY-HL,FALSE
sy|ḥalab,SY,Ḥalab,SY-HL,FALSE
sy|halab,SY,Halab,SY-HL,FALSE
sy|muhafazat halab,SY,Muhafazat Halab,SY-HL,FALSE
sy|aleppo (halab),SY,Aleppo (Halab),SY-HL,FALSE
sy|al-raqqah,SY,Al-Raqqah,SY-RA,FALSE
sy|al rakka,SY,Al Rakka,SY-RA,FALSE
sy|raqqa,SY,Raqqa,SY-RA,FALSE
sy|al rashid,SY,Al Rashid,SY-RA,FALSE
sy|rashid,SY,Rashid,SY-RA,FALSE
sy|muhafazat ar raqqah,SY,Muhafazat ar Raqqah,SY-RA,FALSE
sy|as suwayda,SY,As Suwayda,SY-SU,FALSE
sy|as-suwayda,SY,As-Suwayda,SY-SU,FALSE
sy|djebel druze,SY,Djebel Druze,SY-SU,FALSE
sy|jabal druze,SY,Jabal Druze,SY-SU,FALSE
sy|jebel druse,SY,Jebel Druse,SY-SU,FALSE
sy|jebel ed druz,SY,Jebel ed Druz,SY-SU,FALSE
sy|al sueida,SY,Al Sueida,SY-SU,FALSE
sy|es sueida,SY,Es Sueida,SY-SU,FALSE
sy|es suweida,SY,Es Suweida,SY-SU,FALSE
sy|soueida,SY,Soueida,SY-SU,FALSE
sy|suwaidaa,SY,Suwaidaa,SY-SU,FALSE
sy|muhafazat as suwayda',SY,Muhafazat as Suwayda',SY-SU,FALSE
sy|muhafazat as suwayda,SY,Muhafazat as Suwayda,SY-SU,FALSE
sy|muhafazat dimashq,SY,Muhafazat Dimashq,SY-DI,FALSE
sy|dimashq,SY,Dimashq,SY-DI,FALSE
sy|dar'a,SY,Dar'a,SY-DR,FALSE
sy|dara,SY,Dara,SY-DR,FALSE
sy|daraa,SY,Daraa,SY-DR,FALSE
sy|dara'a,SY,Dara'a,SY-DR,FALSE
sy|dária,SY,Dária,SY-DR,FALSE
sy|daria,SY,Daria,SY-DR,FALSE
sy|dera`a,SY,Dera`a,SY-DR,FALSE
sy|dera'a,SY,Dera'a,SY-DR,FALSE
sy|deraa,SY,Deraa,SY-DR,FALSE
sy|derraa,SY,Derraa,SY-DR,FALSE
sy|hauran,SY,Hauran,SY-DR,FALSE
sy|muhafazat dar`a,SY,Muhafazat Dar`a,SY-DR,FALSE
sy|muhafazat dar'a,SY,Muhafazat Dar'a,SY-DR,FALSE
sy|muhafazat dara,SY,Muhafazat Dara,SY-DR,FALSE
sy|deir ez-zor,SY,Deir ez-Zor,SY-DY,FALSE
sy|dair-ezzor,SY,Dair-Ezzor,SY-DY,FALSE
sy|dayr az zaur,SY,Dayr az Zaur,SY-DY,FALSE
sy|deir al zour,SY,Deir Al Zour,SY-DY,FALSE
sy|deir ez zor,SY,Deir ez Zor,SY-DY,FALSE
sy|der azzor,SY,Der Azzor,SY-DY,FALSE
sy|dier elzour,SY,Dier Elzour,SY-DY,FALSE
sy|muhafazat dayr az zawr,SY,Muhafazat Dayr az Zawr,SY-DY,FALSE
sy|hama,SY,Hama,SY-HM,FALSE
sy|ḥamāh,SY,Ḥamāh,SY-HM,FALSE
sy|muhafazat hamah,SY,Muhafazat Hamah,SY-HM,FALSE
sy|al-hasakah,SY,Al-Hasakah,SY-HA,FALSE
sy|al hasaka,SY,Al Hasaka,SY-HA,FALSE
sy|al-haska,SY,Al-Haska,SY-HA,FALSE
sy|al hassake,SY,Al Hassake,SY-HA,FALSE
sy|el haseke,SY,El Haseke,SY-HA,FALSE
sy|haseke,SY,Haseke,SY-HA,FALSE
sy|hassakeh,SY,Hassakeh,SY-HA,FALSE
sy|hazakieh,SY,Hazakieh,SY-HA,FALSE
sy|hassetché,SY,Hassetché,SY-HA,FALSE
sy|hassetche,SY,Hassetche,SY-HA,FALSE
sy|al jezira,SY,Al Jezira,SY-HA,FALSE
sy|jezireh,SY,Jezireh,SY-HA,FALSE
sy|muhafazat al hasakah,SY,Muhafazat al Hasakah,SY-HA,FALSE
sy|homs,SY,Homs,SY-HI,FALSE
sy|hims,SY,Hims,SY-HI,FALSE
sy|muhafazat hims,SY,Muhafazat Hims,SY-HI,FALSE
sy|adlib,SY,Adlib,SY-ID,FALSE
sy|edleb,SY,Edleb,SY-ID,FALSE
sy|idleb,SY,Idleb,SY-ID,FALSE
sy|muhafazat idlib,SY,Muhafazat Idlib,SY-ID,FALSE
sy|latakia,SY,Latakia,SY-LA,FALSE
sy|al ladhiqiyah,SY,Al Ladhiqiyah,SY-LA,FALSE
sy|el ladhiqiya,SY,El Ladhiqiya,SY-LA,FALSE
sy|lattakieh,SY,Lattakieh,SY-LA,FALSE
sy|lattikia,SY,Lattikia,SY-LA,FALSE
sy|lattaquie,SY,Lattaquie,SY-LA,FALSE
sy|muhafazat al ladhiqiyah,SY,Muhafazat al Ladhiqiyah,SY-LA,FALSE
sy|lattakia (al ladhiqiyah),SY,Lattakia (Al Ladhiqiyah),SY-LA,FALSE
sy|al qunatirah,SY,Al Qunatirah,SY-QU,FALSE
sy|al qunaytirah,SY,Al Qunaytirah,SY-QU,FALSE
sy|al quneitera,SY,Al Quneitera,SY-QU,FALSE
sy|el quneitra,SY,El Quneitra,SY-QU,FALSE
sy|el kenitra,SY,El Kenitra,SY-QU,FALSE
sy|kunaitra,SY,Kunaitra,SY-QU,FALSE
sy|kuneitra,SY,Kuneitra,SY-QU,FALSE
sy|qunaytira,SY,Qunaytira,SY-QU,FALSE
sy|muhafazat al qunaytirah,SY,Muhafazat al Qunaytirah,SY-QU,FALSE
sy|muhafazat rif dimashq,SY,Muhafazat Rif Dimashq,SY-RD,FALSE
sy|tartaus,SY,Tartaus,SY-TA,FALSE
sy|tartous,SY,Tartous,SY-TA,FALSE
sy|muhafazat tartus,SY,Muhafazat Tartus,SY-TA,FALSE
sy|western al-samadania,SY,Western al-Samadania,SY-~5261,FALSE
sy|united nations neutral zone,SY,United Nations Neutral Zone,SY-~5261,FALSE
sz|hhohho district,SZ,Hhohho District,SZ-HH,FALSE
sz|lubombo district,SZ,Lubombo District,SZ-LU,FALSE
sz|manzini district,SZ,Manzini District,SZ-MA,FALSE
sz|shiselwini,SZ,Shiselwini,SZ-SH,FALSE
sz|shiselweni district,SZ,Shiselweni District,SZ-SH,FALSE
tc|gand turk,TC,Gand Turk,TC-~5007,FALSE
tc|providencales and west caicos,TC,Providencales and West Caicos,TC-~5005,FALSE
tc|south and east caicos,TC,South and East Caicos,TC-~5006,FALSE
td|bahr el gazel,TD,Bahr el Gazel,TD-BG,FALSE
td|batha region,TD,Batha Region,TD-BA,FALSE
td|borkou region,TD,Borkou Region,TD-BO,FALSE
td|bet,TD,Bet,TD-BO,FALSE
td|chari-baguirmi region,TD,Chari-Baguirmi Region,TD-CB,FALSE
td|ennedi region,TD,Ennedi Region,TD-~5579,FALSE
td|guera,TD,Guera,TD-GR,FALSE
td|baguirmi,TD,Baguirmi,TD-GR,FALSE
td|guera region,TD,Guera Region,TD-GR,FALSE
td|kanem region,TD,Kanem Region,TD-KA,FALSE
td|lac region,TD,Lac Region,TD-LC,FALSE
td|logone-occidental,TD,Logone-Occidental,TD-LO,FALSE
td|logone occidental region,TD,Logone Occidental Region,TD-LO,FALSE
td|logone-oriental,TD,Logone-Oriental,TD-LR,FALSE
td|logone oriental region,TD,Logone Oriental Region,TD-LR,FALSE
td|mayo-kebbi east region,TD,Mayo-Kebbi East Region,TD-ME,FALSE
td|mayo-kebbi west region,TD,Mayo-Kebbi West Region,TD-MO,FALSE
td|moyen-chari region,TD,Moyen-Chari Region,TD-MC,FALSE
td|ouaddai,TD,Ouaddai,TD-OD,FALSE
td|ouadaï,TD,Ouadaï,TD-OD,FALSE
td|ouadai,TD,Ouadai,TD-OD,FALSE
td|ouaddai region,TD,Ouaddai Region,TD-OD,FALSE
td|salamat region,TD,Salamat Region,TD-SA,FALSE
td|tandjile,TD,Tandjile,TD-TA,FALSE
td|tandjile region,TD,Tandjile Region,TD-TA,FALSE
td|tibesti region,TD,Tibesti Region,TD-TI,FALSE
td|ville de ndjamena,TD,Ville de NDjamena,TD-ND,FALSE
td|n'djamena,TD,N'Djamena,TD-ND,FALSE
td|ndjamena,TD,NDjamena,TD-ND,FALSE
td|biltine,TD,Biltine,TD-WF,FALSE
td|wadi fira region,TD,Wadi Fira Region,TD-WF,FALSE
tf|crozet islands,TF,Crozet Islands,TF-~5917,FALSE
tf|french southern territories,TF,French Southern Territories,TF-~5917,FALSE
tf|kerguelen islands,TF,Kerguelen Islands,TF-~5916,FALSE
tf|iles eparses de locean indien,TF,Iles Eparses de locean Indien,TF-~5919,FALSE
tf|scattered islands in the indian ocean,TF,Scattered Islands in the Indian Ocean,TF-~5919,FALSE
tf|amsterdam and saint-paul islands,TF,Amsterdam and Saint-Paul Islands,TF-~5918,FALSE
"tg|région centrale, région du centre",TG,"Région Centrale, Région du Centre",TG-C,FALSE
"tg|region centrale, region du centre",TG,"Region Centrale, Region du Centre",TG-C,FALSE
tg|region centrale,TG,Region Centrale,TG-C,FALSE
tg|région de la kara,TG,Région de la Kara,TG-K,FALSE
tg|region de la kara,TG,Region de la Kara,TG-K,FALSE
tg|région maritime,TG,Région Maritime,TG-M,FALSE
tg|region maritime,TG,Region Maritime,TG-M,FALSE
tg|région des plateaux,TG,Région des Plateaux,TG-P,FALSE
tg|region des plateaux,TG,Region des Plateaux,TG-P,FALSE
tg|région des savanes,TG,Région des Savanes,TG-S,FALSE
tg|region des savanes,TG,Region des Savanes,TG-S,FALSE
th|changwat amnat charoen,TH,Changwat Amnat Charoen,TH-37,FALSE
th|changwat ang thong,TH,Changwat Ang Thong,TH-15,FALSE
th|bangkok,TH,Bangkok,TH-10,FALSE
th|krung thep,TH,Krung Thep,TH-10,FALSE
th|krung thep maha nakhon,TH,Krung Thep Maha Nakhon,TH-10,FALSE
th|phra nakhon-thonburi,TH,Phra Nakhon-Thonburi,TH-10,FALSE
th|krung thep mahanakhon,TH,Krung Thep Mahanakhon,TH-10,FALSE
th|บึงกาฬ,TH,บึงกาฬ,TH-38,FALSE
th|changwat bueng kan,TH,Changwat Bueng Kan,TH-38,FALSE
th|buri rum,TH,Buri Rum,TH-31,FALSE
th|changwat buriram,TH,Changwat Buriram,TH-31,FALSE
th|chaxerngsao,TH,Chaxerngsao,TH-24,FALSE
th|pad rew,TH,Pad Rew,TH-24,FALSE
th|paed riu,TH,Paed Riu,TH-24,FALSE
th|petrieu,TH,Petrieu,TH-24,FALSE
th|shajeun dhrao,TH,Shajeun Dhrao,TH-24,FALSE
th|changwat chachoengsao,TH,Changwat Chachoengsao,TH-24,FALSE
th|chainat,TH,Chainat,TH-18,FALSE
th|changwat chai nat,TH,Changwat Chai Nat,TH-18,FALSE
th|changwat chaiyaphum,TH,Changwat Chaiyaphum,TH-36,FALSE
th|chantaburi,TH,Chantaburi,TH-22,FALSE
th|muang chan,TH,Muang Chan,TH-22,FALSE
th|changwat chanthaburi,TH,Changwat Chanthaburi,TH-22,FALSE
th|chiang mai province,TH,Chiang Mai Province,TH-50,FALSE
th|changwat chiang rai,TH,Changwat Chiang Rai,TH-57,FALSE
th|changwat chon buri,TH,Changwat Chon Buri,TH-20,FALSE
th|changwat chumphon,TH,Changwat Chumphon,TH-86,FALSE
th|changwat kalasin,TH,Changwat Kalasin,TH-46,FALSE
th|gampheang phet,TH,Gampheang Phet,TH-62,FALSE
th|kambhengbhej,TH,Kambhengbhej,TH-62,FALSE
th|changwat kamphaeng phet,TH,Changwat Kamphaeng Phet,TH-62,FALSE
th|kan buri,TH,Kan Buri,TH-71,FALSE
th|park prag,TH,Park Prag,TH-71,FALSE
th|changwat kanchanaburi,TH,Changwat Kanchanaburi,TH-71,FALSE
th|changwat khon kaen,TH,Changwat Khon Kaen,TH-40,FALSE
th|changwat krabi,TH,Changwat Krabi,TH-81,FALSE
th|changwat lampang,TH,Changwat Lampang,TH-52,FALSE
th|hariphunchai,TH,Hariphunchai,TH-51,FALSE
th|lampoon,TH,Lampoon,TH-51,FALSE
th|changwat lamphun,TH,Changwat Lamphun,TH-51,FALSE
th|changwat loei,TH,Changwat Loei,TH-42,FALSE
th|lopburi,TH,Lopburi,TH-16,FALSE
th|changwat lop buri,TH,Changwat Lop Buri,TH-16,FALSE
th|changwat mae hong son,TH,Changwat Mae Hong Son,TH-58,FALSE
th|changwat maha sarakham,TH,Changwat Maha Sarakham,TH-44,FALSE
th|changwat mukdahan,TH,Changwat Mukdahan,TH-49,FALSE
th|nakon nayok,TH,Nakon Nayok,TH-26,FALSE
th|changwat nakhon nayok,TH,Changwat Nakhon Nayok,TH-26,FALSE
th|changwat nakhon pathom,TH,Changwat Nakhon Pathom,TH-73,FALSE
th|changwat nakhon phanom,TH,Changwat Nakhon Phanom,TH-48,FALSE
th|khorat,TH,Khorat,TH-30,FALSE
th|nagara rajasima,TH,Nagara Rajasima,TH-30,FALSE
th|nakaun rachasima,TH,Nakaun Rachasima,TH-30,FALSE
th|changwat nakhon ratchasima,TH,Changwat Nakhon Ratchasima,TH-30,FALSE
th|changwat nakhon sawan,TH,Changwat Nakhon Sawan,TH-60,FALSE
th|nakhon thammarat,TH,Nakhon Thammarat,TH-80,FALSE
th|nagara sridharmaraj,TH,Nagara Sridharmaraj,TH-80,FALSE
th|nakhon sri thammarat,TH,Nakhon Sri Thammarat,TH-80,FALSE
th|nakhornsrithamrat,TH,Nakhornsrithamrat,TH-80,FALSE
th|nakornsrithamaraj,TH,Nakornsrithamaraj,TH-80,FALSE
th|changwat nakhon si thammarat,TH,Changwat Nakhon Si Thammarat,TH-80,FALSE
th|changwat nan,TH,Changwat Nan,TH-55,FALSE
th|changwat narathiwat,TH,Changwat Narathiwat,TH-96,FALSE
th|nong bua lamphu,TH,Nong Bua Lamphu,TH-39,FALSE
th|changwat nong bua lamphu,TH,Changwat Nong Bua Lamphu,TH-39,FALSE
th|changwat nong khai,TH,Changwat Nong Khai,TH-43,FALSE
th|changwat nonthaburi,TH,Changwat Nonthaburi,TH-12,FALSE
th|changwat pathum thani,TH,Changwat Pathum Thani,TH-13,FALSE
th|changwat pattani,TH,Changwat Pattani,TH-94,FALSE
th|phang nga,TH,Phang Nga,TH-82,FALSE
th|changwat phangnga,TH,Changwat Phangnga,TH-82,FALSE
th|changwat phatthalung,TH,Changwat Phatthalung,TH-93,FALSE
th|changwat phayao,TH,Changwat Phayao,TH-56,FALSE
th|changwat phetchabun,TH,Changwat Phetchabun,TH-67,FALSE
th|phetcha buri,TH,Phetcha Buri,TH-76,FALSE
th|bejraburi,TH,Bejraburi,TH-76,FALSE
th|petchburi,TH,Petchburi,TH-76,FALSE
th|phet buri,TH,Phet Buri,TH-76,FALSE
th|tetchburit,TH,Tetchburit,TH-76,FALSE
th|changwat phetchaburi,TH,Changwat Phetchaburi,TH-76,FALSE
th|changwat phichit,TH,Changwat Phichit,TH-66,FALSE
th|bisnulok,TH,Bisnulok,TH-65,FALSE
th|phisanulauk,TH,Phisanulauk,TH-65,FALSE
th|phitsnulok,TH,Phitsnulok,TH-65,FALSE
th|pitsanuloke,TH,Pitsanuloke,TH-65,FALSE
th|changwat phitsanulok,TH,Changwat Phitsanulok,TH-65,FALSE
th|phranakhon si ayutthaya,TH,Phranakhon Si Ayutthaya,TH-14,FALSE
th|ayudhya,TH,Ayudhya,TH-14,FALSE
th|ayutthaya,TH,Ayutthaya,TH-14,FALSE
th|phranakhornsri-ayuthaya,TH,Phranakhornsri-ayuthaya,TH-14,FALSE
th|changwat phra nakhon si ayutthaya,TH,Changwat Phra Nakhon Si Ayutthaya,TH-14,FALSE
th|changwat phrae,TH,Changwat Phrae,TH-54,FALSE
th|phuket province,TH,Phuket Province,TH-83,FALSE
th|changwat prachin buri,TH,Changwat Prachin Buri,TH-25,FALSE
th|korh luxk,TH,Korh Luxk,TH-77,FALSE
th|prachuab girikhand,TH,Prachuab Girikhand,TH-77,FALSE
th|prachuapkirikhan,TH,Prachuapkirikhan,TH-77,FALSE
th|prachut khirikhan,TH,Prachut Khirikhan,TH-77,FALSE
th|changwat prachuap khiri khan,TH,Changwat Prachuap Khiri Khan,TH-77,FALSE
th|changwat ranong,TH,Changwat Ranong,TH-85,FALSE
th|changwat ratchaburi,TH,Changwat Ratchaburi,TH-70,FALSE
th|changwat rayong,TH,Changwat Rayong,TH-21,FALSE
th|changwat roi et,TH,Changwat Roi Et,TH-45,FALSE
th|srakaeo,TH,Srakaeo,TH-27,FALSE
th|changwat sa kaeo,TH,Changwat Sa Kaeo,TH-27,FALSE
th|changwat sakon nakhon,TH,Changwat Sakon Nakhon,TH-47,FALSE
th|pak nam,TH,Pak Nam,TH-11,FALSE
th|samudh prakarn,TH,Samudh Prakarn,TH-11,FALSE
th|samudraprakar,TH,Samudraprakar,TH-11,FALSE
th|samut phrakhan,TH,Samut Phrakhan,TH-11,FALSE
th|changwat samut prakan,TH,Changwat Samut Prakan,TH-11,FALSE
th|krokkrak maha chai,TH,Krokkrak Maha Chai,TH-74,FALSE
th|mahachai,TH,Mahachai,TH-74,FALSE
th|samudrasagara,TH,Samudrasagara,TH-74,FALSE
th|changwat samut sakhon,TH,Changwat Samut Sakhon,TH-74,FALSE
th|mae klong,TH,Mae Klong,TH-75,FALSE
th|samudrasonggram,TH,Samudrasonggram,TH-75,FALSE
th|changwat samut songkhram,TH,Changwat Samut Songkhram,TH-75,FALSE
th|sara buri,TH,Sara Buri,TH-19,FALSE
th|changwat sara buri,TH,Changwat Sara Buri,TH-19,FALSE
th|changwat satun,TH,Changwat Satun,TH-91,FALSE
th|sisaket,TH,Sisaket,TH-33,FALSE
th|khukhan,TH,Khukhan,TH-33,FALSE
th|khukhandh,TH,Khukhandh,TH-33,FALSE
th|srisaket,TH,Srisaket,TH-33,FALSE
th|changwat sisaket,TH,Changwat Sisaket,TH-33,FALSE
th|changwat sing buri,TH,Changwat Sing Buri,TH-17,FALSE
th|changwat songkhla,TH,Changwat Songkhla,TH-90,FALSE
th|sawankhalokt,TH,Sawankhalokt,TH-64,FALSE
th|sukhotai,TH,Sukhotai,TH-64,FALSE
th|sukothai,TH,Sukothai,TH-64,FALSE
th|svargalok,TH,Svargalok,TH-64,FALSE
th|changwat sukhothai,TH,Changwat Sukhothai,TH-64,FALSE
th|changwat suphan buri,TH,Changwat Suphan Buri,TH-72,FALSE
th|changwat surat thani,TH,Changwat Surat Thani,TH-84,FALSE
th|changwat surin,TH,Changwat Surin,TH-32,FALSE
th|changwat tak,TH,Changwat Tak,TH-63,FALSE
th|tab tiang,TH,Tab Tiang,TH-92,FALSE
th|changwat trang,TH,Changwat Trang,TH-92,FALSE
th|changwat trat,TH,Changwat Trat,TH-23,FALSE
th|changwat ubon ratchathani,TH,Changwat Ubon Ratchathani,TH-34,FALSE
th|changwat udon thani,TH,Changwat Udon Thani,TH-41,FALSE
th|changwat uthai thani,TH,Changwat Uthai Thani,TH-61,FALSE
th|changwat uttaradit,TH,Changwat Uttaradit,TH-53,FALSE
th|changwat yala,TH,Changwat Yala,TH-95,FALSE
th|changwat yasothon,TH,Changwat Yasothon,TH-35,FALSE
tj|badakhshoni kuni,TJ,Badakhshoni Kuni,TJ-GB,FALSE
tj|autonomes gebiet der berg-badachschanen,TJ,Autonomes Gebiet der Berg-Badachschanen,TJ-GB,FALSE
tj|gorno-badahshanskaya avtonomnaya oblast',TJ,Gorno-Badahshanskaya avtonomnaya oblast',TJ-GB,FALSE
tj|gorno-badahshanskaya avtonomnaya oblast,TJ,Gorno-Badahshanskaya avtonomnaya oblast,TJ-GB,FALSE
tj|go,TJ,Go,TJ-GB,FALSE
tj|viloyati mukhtori kuhistoni badakhshon,TJ,Viloyati Mukhtori Kuhistoni Badakhshon,TJ-GB,FALSE
tj|hationskaya oblast',TJ,Hationskaya oblast',TJ-KT,FALSE
tj|hationskaya oblast,TJ,Hationskaya oblast,TJ-KT,FALSE
tj|hatlonskaja oblast',TJ,Hatlonskaja oblast',TJ-KT,FALSE
tj|hatlonskaja oblast,TJ,Hatlonskaja oblast,TJ-KT,FALSE
tj|viloyati khatlon,TJ,Viloyati Khatlon,TJ-KT,FALSE
tj|khujand,TJ,Khujand,TJ-SU,FALSE
tj|sogd,TJ,Sogd,TJ-SU,FALSE
tj|hodžent,TJ,Hodžent,TJ-SU,FALSE
tj|hodzent,TJ,Hodzent,TJ-SU,FALSE
tj|khodzhent,TJ,Khodzhent,TJ-SU,FALSE
tj|leninabadskaya oblast',TJ,Leninabadskaya oblast',TJ-SU,FALSE
tj|leninabadskaya oblast,TJ,Leninabadskaya oblast,TJ-SU,FALSE
tj|leninobod,TJ,Leninobod,TJ-SU,FALSE
tj|sogdiyskaya oblast',TJ,Sogdiyskaya oblast',TJ-SU,FALSE
tj|sogdiyskaya oblast,TJ,Sogdiyskaya oblast,TJ-SU,FALSE
tj|sogdskaja oblast,TJ,Sogdskaja oblast,TJ-SU,FALSE
tj|viloyati sughd,TJ,Viloyati Sughd,TJ-SU,FALSE
tj|districts of republican subordination,TJ,districts of Republican Subordination,TJ-~368,FALSE
tj|region of republican subordination,TJ,Region of Republican Subordination,TJ-~368,FALSE
tl|alieau,TL,Alieau,TL-AL,FALSE
tl|distrito aileu,TL,Distrito Aileu,TL-AL,FALSE
tl|distrito ainaro,TL,Distrito Ainaro,TL-AN,FALSE
tl|oe-cusse ambeno,TL,Oe-Cusse Ambeno,TL-OE,FALSE
tl|ambino,TL,Ambino,TL-OE,FALSE
tl|oecussi,TL,Oecussi,TL-OE,FALSE
tl|distrito oecussi-ambeno,TL,Distrito Oecussi-Ambeno,TL-OE,FALSE
tl|baukau,TL,Baukau,TL-BA,FALSE
tl|distrito bacau,TL,Distrito Bacau,TL-BA,FALSE
tl|distrito bobonaro,TL,Distrito Bobonaro,TL-BO,FALSE
tl|covalima,TL,Covalima,TL-CO,FALSE
tl|kova-lima,TL,Kova-Lima,TL-CO,FALSE
tl|distrito cova lima,TL,Distrito Cova Lima,TL-CO,FALSE
tl|dilli,TL,Dilli,TL-DI,FALSE
tl|distrito dili,TL,Distrito Dili,TL-DI,FALSE
tl|distrito ermera,TL,Distrito Ermera,TL-ER,FALSE
tl|lautem,TL,Lautem,TL-LA,FALSE
tl|distrito lautem,TL,Distrito Lautem,TL-LA,FALSE
tl|liquiçá,TL,Liquiçá,TL-LI,FALSE
tl|likisia,TL,Likisia,TL-LI,FALSE
tl|distrito liquica,TL,Distrito Liquica,TL-LI,FALSE
tl|distrito manatuto,TL,Distrito Manatuto,TL-MT,FALSE
tl|distrito manufahi,TL,Distrito Manufahi,TL-MF,FALSE
tl|vikeke,TL,Vikeke,TL-VI,FALSE
tl|distrito viqueque,TL,Distrito Viqueque,TL-VI,FALSE
tm|akhal,TM,Akhal,TM-A,FALSE
tm|ashkhabad,TM,Ashkhabad,TM-A,FALSE
tm|ashkhabadskaya oblast,TM,Ashkhabadskaya Oblast,TM-A,FALSE
"tm|krasnovodsk, krasnovodskaya oblast",TM,"Krasnovodsk, Krasnovodskaya Oblast",TM-B,FALSE
tm|lebap,TM,Lebap,TM-L,FALSE
tm|chardzhouskaya oblast,TM,Chardzhouskaya Oblast,TM-L,FALSE
tm|maruy,TM,Maruy,TM-M,FALSE
tm|marysk,TM,Marysk,TM-M,FALSE
tm|maryyskaya oblast,TM,Maryyskaya Oblast,TM-M,FALSE
tm|daşoguz,TM,Daşoguz,TM-D,FALSE
tm|dasoguz,TM,Dasoguz,TM-D,FALSE
tm|dashoguz,TM,Dashoguz,TM-D,FALSE
tm|dashhowuz,TM,Dashhowuz,TM-D,FALSE
tm|dashkhovuz,TM,Dashkhovuz,TM-D,FALSE
tm|tashauzskaya oblast,TM,Tashauzskaya Oblast,TM-D,FALSE
tm|dasoguz welayaty,TM,Dasoguz Welayaty,TM-D,FALSE
tn|beja,TN,Beja,TN-31,FALSE
tn|bājah,TN,Bājah,TN-31,FALSE
tn|bajah,TN,Bajah,TN-31,FALSE
tn|gouvernorat de beja,TN,Gouvernorat de Beja,TN-31,FALSE
tn|ben arous,TN,Ben Arous,TN-13,FALSE
tn|bin `arūs,TN,Bin `Arūs,TN-13,FALSE
tn|bin 'arus,TN,Bin 'Arus,TN-13,FALSE
tn|bin arūs,TN,Bin Arūs,TN-13,FALSE
tn|bin arus,TN,Bin Arus,TN-13,FALSE
tn|tunis ben arous,TN,Tunis Ben Arous,TN-13,FALSE
tn|gouvernorat de ben arous,TN,Gouvernorat de Ben Arous,TN-13,FALSE
tn|banzartbanzart,TN,BanzartBanzart,TN-23,FALSE
tn|bensert,TN,Bensert,TN-23,FALSE
tn|binzart,TN,Binzart,TN-23,FALSE
tn|biserta,TN,Biserta,TN-23,FALSE
tn|bizerta,TN,Bizerta,TN-23,FALSE
tn|gouvernorat de bizerte,TN,Gouvernorat de Bizerte,TN-23,FALSE
tn|gabes,TN,Gabes,TN-81,FALSE
tn|qābis,TN,Qābis,TN-81,FALSE
tn|qabis,TN,Qabis,TN-81,FALSE
tn|gabās,TN,Gabās,TN-81,FALSE
tn|gabas,TN,Gabas,TN-81,FALSE
tn|gouvernorat de gabes,TN,Gouvernorat de Gabes,TN-81,FALSE
tn|gafṣah,TN,Gafṣah,TN-71,FALSE
tn|gafsah,TN,Gafsah,TN-71,FALSE
tn|qafṣah,TN,Qafṣah,TN-71,FALSE
tn|qafsah,TN,Qafsah,TN-71,FALSE
tn|gouvernorat de gafsa,TN,Gouvernorat de Gafsa,TN-71,FALSE
tn|jendoûbah,TN,Jendoûbah,TN-32,FALSE
tn|jendoubah,TN,Jendoubah,TN-32,FALSE
tn|jenduba,TN,Jenduba,TN-32,FALSE
tn|jondouba,TN,Jondouba,TN-32,FALSE
tn|jundūbah,TN,Jundūbah,TN-32,FALSE
tn|jundubah,TN,Jundubah,TN-32,FALSE
tn|souk-el-arba,TN,Souk-El-Arba,TN-32,FALSE
tn|dschunduba,TN,Dschunduba,TN-32,FALSE
tn|gouvernorat de jendouba,TN,Gouvernorat de Jendouba,TN-32,FALSE
tn|al qayrawān,TN,Al Qayrawān,TN-41,FALSE
tn|al qayrawan,TN,Al Qayrawan,TN-41,FALSE
tn|al qīrwān,TN,Al Qīrwān,TN-41,FALSE
tn|al qirwan,TN,Al Qirwan,TN-41,FALSE
tn|qairouân,TN,Qairouân,TN-41,FALSE
tn|qairouan,TN,Qairouan,TN-41,FALSE
tn|kairuã,TN,Kairuã,TN-41,FALSE
tn|kairua,TN,Kairua,TN-41,FALSE
tn|kairouwan,TN,Kairouwan,TN-41,FALSE
tn|gouvernorat de kairouan,TN,Gouvernorat de Kairouan,TN-41,FALSE
tn|kasserine,TN,Kasserine,TN-42,FALSE
tn|al qaṣrayn,TN,Al Qaṣrayn,TN-42,FALSE
tn|al qasrayn,TN,Al Qasrayn,TN-42,FALSE
tn|al gaṣrīn,TN,Al Gaṣrīn,TN-42,FALSE
tn|al gasrin,TN,Al Gasrin,TN-42,FALSE
tn|al qasrin,TN,Al Qasrin,TN-42,FALSE
tn|kasserim,TN,Kasserim,TN-42,FALSE
tn|sbeitla,TN,Sbeitla,TN-42,FALSE
tn|gouvernorat de kasserine,TN,Gouvernorat de Kasserine,TN-42,FALSE
tn|kebilli,TN,Kebilli,TN-73,FALSE
tn|qbili,TN,Qbili,TN-73,FALSE
tn|qibilī,TN,Qibilī,TN-73,FALSE
tn|qibili,TN,Qibili,TN-73,FALSE
tn|gouvernorat de kebili,TN,Gouvernorat de Kebili,TN-73,FALSE
tn|kef,TN,Kef,TN-33,FALSE
tn|al kāf,TN,Al Kāf,TN-33,FALSE
tn|al kaf,TN,Al Kaf,TN-33,FALSE
tn|el kef,TN,El Kef,TN-33,FALSE
tn|kaf,TN,Kaf,TN-33,FALSE
tn|gouvernorat de kef,TN,Gouvernorat de Kef,TN-33,FALSE
tn|al madīyah,TN,Al Madīyah,TN-53,FALSE
tn|al madiyah,TN,Al Madiyah,TN-53,FALSE
tn|al mahdiyya,TN,Al Mahdiyya,TN-53,FALSE
tn|mahdiâh,TN,Mahdiâh,TN-53,FALSE
tn|mahdiah,TN,Mahdiah,TN-53,FALSE
tn|gouvernorat de mahdia,TN,Gouvernorat de Mahdia,TN-53,FALSE
tn|manouba,TN,Manouba,TN-14,FALSE
tn|gouvernorat de la manouba,TN,Gouvernorat de la Manouba,TN-14,FALSE
tn|medenine,TN,Medenine,TN-82,FALSE
tn|madanīyīn,TN,Madanīyīn,TN-82,FALSE
tn|madaniyin,TN,Madaniyin,TN-82,FALSE
tn|madanīn,TN,Madanīn,TN-82,FALSE
tn|madanin,TN,Madanin,TN-82,FALSE
tn|medenin,TN,Medenin,TN-82,FALSE
tn|gouvernorat de medenine,TN,Gouvernorat de Medenine,TN-82,FALSE
tn|al munastīr,TN,Al Munastīr,TN-52,FALSE
tn|al munastir,TN,Al Munastir,TN-52,FALSE
tn|gouvernorat de monastir,TN,Gouvernorat de Monastir,TN-52,FALSE
tn|cap bon,TN,Cap Bon,TN-21,FALSE
tn|nabil,TN,Nabil,TN-21,FALSE
tn|nābol,TN,Nābol,TN-21,FALSE
tn|nabol,TN,Nabol,TN-21,FALSE
tn|nābul,TN,Nābul,TN-21,FALSE
tn|nabul,TN,Nabul,TN-21,FALSE
tn|gouvernorat de nabeul,TN,Gouvernorat de Nabeul,TN-21,FALSE
tn|safāqis,TN,Safāqis,TN-61,FALSE
tn|safaqis,TN,Safaqis,TN-61,FALSE
tn|ṣafāqis,TN,Ṣafāqis,TN-61,FALSE
tn|ṣfāqis,TN,Ṣfāqis,TN-61,FALSE
tn|sfaqis,TN,Sfaqis,TN-61,FALSE
tn|gouvernorat de sfax,TN,Gouvernorat de Sfax,TN-61,FALSE
tn|sidi bouzid,TN,Sidi Bouzid,TN-43,FALSE
tn|sīdī bū zayd,TN,Sīdī Bū Zayd,TN-43,FALSE
tn|sidi bu zayd,TN,Sidi Bu Zayd,TN-43,FALSE
tn|qamudah,TN,Qamudah,TN-43,FALSE
tn|sidi boû sa`îd,TN,Sidi Boû Sa`îd,TN-43,FALSE
tn|sidi bou sa'id,TN,Sidi Bou Sa'id,TN-43,FALSE
tn|sidi boû saîd,TN,Sidi Boû Saîd,TN-43,FALSE
tn|sidi bou said,TN,Sidi Bou Said,TN-43,FALSE
tn|sidi buzid,TN,Sidi Buzid,TN-43,FALSE
tn|sidi bū sa`īd,TN,Sidi Bū Sa`īd,TN-43,FALSE
tn|sidi bu sa'id,TN,Sidi Bu Sa'id,TN-43,FALSE
tn|sidi bū saīd,TN,Sidi Bū Saīd,TN-43,FALSE
tn|sidi bu said,TN,Sidi Bu Said,TN-43,FALSE
tn|gouvernorat de sidi bou zid,TN,Gouvernorat de Sidi Bou Zid,TN-43,FALSE
tn|siliānah,TN,Siliānah,TN-34,FALSE
tn|silianah,TN,Silianah,TN-34,FALSE
tn|silyānah,TN,Silyānah,TN-34,FALSE
tn|silyanah,TN,Silyanah,TN-34,FALSE
tn|gouvernorat de siliana,TN,Gouvernorat de Siliana,TN-34,FALSE
tn|sousa,TN,Sousa,TN-51,FALSE
tn|sussa,TN,Sussa,TN-51,FALSE
tn|susse,TN,Susse,TN-51,FALSE
tn|susa,TN,Susa,TN-51,FALSE
tn|sūsah,TN,Sūsah,TN-51,FALSE
tn|susah,TN,Susah,TN-51,FALSE
tn|gouvernorat de sousse,TN,Gouvernorat de Sousse,TN-51,FALSE
tn|foum tataouine,TN,Foum Tataouine,TN-83,FALSE
tn|tatahouine,TN,Tatahouine,TN-83,FALSE
tn|tatuine,TN,Tatuine,TN-83,FALSE
tn|taţāwīn,TN,Taţāwīn,TN-83,FALSE
tn|tatawin,TN,Tatawin,TN-83,FALSE
tn|gouvernorat de tataouine,TN,Gouvernorat de Tataouine,TN-83,FALSE
tn|tawzar,TN,Tawzar,TN-72,FALSE
tn|touzar,TN,Touzar,TN-72,FALSE
tn|tūzar,TN,Tūzar,TN-72,FALSE
tn|tuzar,TN,Tuzar,TN-72,FALSE
tn|gouvernorat de tozeur,TN,Gouvernorat de Tozeur,TN-72,FALSE
tn|tounis,TN,Tounis,TN-11,FALSE
tn|tunis city,TN,Tunis City,TN-11,FALSE
tn|tūnus,TN,Tūnus,TN-11,FALSE
tn|tunus,TN,Tunus,TN-11,FALSE
tn|túnez,TN,Túnez,TN-11,FALSE
tn|tunez,TN,Tunez,TN-11,FALSE
tn|túnis,TN,Túnis,TN-11,FALSE
tn|tunisi,TN,Tunisi,TN-11,FALSE
tn|tūnis,TN,Tūnis,TN-11,FALSE
tn|gouvernorat de tunis,TN,Gouvernorat de Tunis,TN-11,FALSE
tn|tunis south,TN,Tunis South,TN-22,FALSE
tn|zachouan,TN,Zachouan,TN-22,FALSE
tn|zaguan,TN,Zaguan,TN-22,FALSE
tn|zaghwān,TN,Zaghwān,TN-22,FALSE
tn|zaghwan,TN,Zaghwan,TN-22,FALSE
tn|saghuan,TN,Saghuan,TN-22,FALSE
tn|gouvernorat de zaghouan,TN,Gouvernorat de Zaghouan,TN-22,FALSE
to|ʻeua,TO,ʻEua,TO-01,FALSE
to|'eua,TO,'Eua,TO-01,FALSE
to|haapai,TO,Haapai,TO-02,FALSE
to|haʻapai,TO,Haʻapai,TO-02,FALSE
to|ha`apai,TO,Ha`apai,TO-02,FALSE
to|vavau,TO,Vavau,TO-05,FALSE
to|vavaʻu,TO,Vavaʻu,TO-05,FALSE
to|vava`u,TO,Vava`u,TO-05,FALSE
to|vava'eu,TO,Vava'eu,TO-05,FALSE
to|vavaeu,TO,Vavaeu,TO-05,FALSE
tr|seyhan,TR,Seyhan,TR-01,FALSE
tr|adıyaman,TR,Adıyaman,TR-02,FALSE
tr|afyon,TR,Afyon,TR-03,FALSE
tr|ağrı,TR,Ağrı,TR-04,FALSE
tr|ağri,TR,Ağri,TR-04,FALSE
tr|karaköse,TR,Karaköse,TR-04,FALSE
tr|karakose,TR,Karakose,TR-04,FALSE
tr|ancara,TR,Ancara,TR-06,FALSE
tr|angora,TR,Angora,TR-06,FALSE
tr|adalia,TR,Adalia,TR-07,FALSE
tr|anatolia,TR,Anatolia,TR-07,FALSE
tr|çoruh,TR,Çoruh,TR-08,FALSE
tr|coruh,TR,Coruh,TR-08,FALSE
tr|aydın,TR,Aydın,TR-09,FALSE
tr|balıkesir,TR,Balıkesir,TR-10,FALSE
tr|balikisri,TR,Balikisri,TR-10,FALSE
tr|bartin,TR,Bartin,TR-74,FALSE
tr|bingol,TR,Bingol,TR-12,FALSE
tr|çapakçur,TR,Çapakçur,TR-12,FALSE
tr|capakcur,TR,Capakcur,TR-12,FALSE
tr|bingoel,TR,Bingoel,TR-12,FALSE
tr|burssa,TR,Burssa,TR-16,FALSE
tr|brusa,TR,Brusa,TR-16,FALSE
tr|brussa,TR,Brussa,TR-16,FALSE
tr|brousse,TR,Brousse,TR-16,FALSE
tr|canakkale,TR,Canakkale,TR-17,FALSE
tr|cankiri,TR,Cankiri,TR-18,FALSE
tr|çankırı,TR,Çankırı,TR-18,FALSE
tr|changra,TR,Changra,TR-18,FALSE
tr|corum,TR,Corum,TR-19,FALSE
tr|diyarbakır,TR,Diyarbakır,TR-21,FALSE
tr|duzce,TR,Duzce,TR-81,FALSE
tr|duezce,TR,Duezce,TR-81,FALSE
tr|adrianople,TR,Adrianople,TR-22,FALSE
tr|adrianopel,TR,Adrianopel,TR-22,FALSE
tr|elazığ,TR,Elazığ,TR-23,FALSE
tr|eskişehir,TR,Eskişehir,TR-26,FALSE
tr|kerasund,TR,Kerasund,TR-28,FALSE
tr|gumushane,TR,Gumushane,TR-29,FALSE
tr|gümüşhane,TR,Gümüşhane,TR-29,FALSE
tr|guemueshane,TR,Guemueshane,TR-29,FALSE
tr|hakkâri,TR,Hakkâri,TR-30,FALSE
tr|igdir,TR,Igdir,TR-76,FALSE
tr|iğdır,TR,Iğdır,TR-76,FALSE
tr|iäÿdä±r,TR,IÄŸdÄ±r,TR-76,FALSE
tr|iayda±r,TR,IAYdA±r,TR-76,FALSE
tr|i̇stanbul,TR,İstanbul,TR-34,FALSE
tr|constantinople,TR,Constantinople,TR-34,FALSE
tr|estambul,TR,Estambul,TR-34,FALSE
tr|istambul,TR,Istambul,TR-34,FALSE
tr|konstantinopel,TR,Konstantinopel,TR-34,FALSE
tr|stamboul,TR,Stamboul,TR-34,FALSE
tr|i̇zmir,TR,İzmir,TR-35,FALSE
tr|esmirna,TR,Esmirna,TR-35,FALSE
tr|smirne,TR,Smirne,TR-35,FALSE
tr|smyrna,TR,Smyrna,TR-35,FALSE
tr|kahramanmaraş,TR,Kahramanmaraş,TR-46,FALSE
tr|kahramanmaras,TR,Kahramanmaras,TR-46,FALSE
tr|karabuk,TR,Karabuk,TR-78,FALSE
tr|karabuek,TR,Karabuek,TR-78,FALSE
tr|kırıkkale,TR,Kırıkkale,TR-71,FALSE
tr|kirikkale,TR,Kirikkale,TR-71,FALSE
tr|kırklareli,TR,Kırklareli,TR-39,FALSE
tr|kırşehir,TR,Kırşehir,TR-40,FALSE
tr|i̇zmit,TR,İzmit,TR-41,FALSE
tr|izmit,TR,Izmit,TR-41,FALSE
tr|konieh,TR,Konieh,TR-42,FALSE
tr|kunja,TR,Kunja,TR-42,FALSE
tr|kutahya,TR,Kutahya,TR-43,FALSE
tr|kütanya,TR,Kütanya,TR-43,FALSE
tr|kutanya,TR,Kutanya,TR-43,FALSE
tr|kuetahya,TR,Kuetahya,TR-43,FALSE
tr|i̇çel,TR,İçel,TR-33,FALSE
tr|icel,TR,Icel,TR-33,FALSE
tr|muğla,TR,Muğla,TR-48,FALSE
tr|muş,TR,Muş,TR-49,FALSE
tr|nevşehir,TR,Nevşehir,TR-50,FALSE
tr|niğde,TR,Niğde,TR-51,FALSE
tr|şanlıurfa,TR,Şanlıurfa,TR-63,FALSE
tr|urfa,TR,Urfa,TR-63,FALSE
tr|şırnak,TR,Şırnak,TR-73,FALSE
tr|tekirdağ,TR,Tekirdağ,TR-59,FALSE
tr|trapezunt,TR,Trapezunt,TR-61,FALSE
tr|trebizond,TR,Trebizond,TR-61,FALSE
tr|trebizonda,TR,Trebizonda,TR-61,FALSE
tr|trébizonde,TR,Trébizonde,TR-61,FALSE
tr|trebizonde,TR,Trebizonde,TR-61,FALSE
tr|uşak,TR,Uşak,TR-64,FALSE
tr|zonguldak,TR,Zonguldak,TR-67,FALSE
tt|couva,TT,Couva,TT-CTT,FALSE
tt|diego martin regional corporation,TT,Diego Martin Regional Corporation,TT-DMN,FALSE
tt|petit valley,TT,Petit Valley,TT-DMN,FALSE
tt|tobago,TT,Tobago,TT-ETO,FALSE
tt|tabago,TT,Tabago,TT-ETO,FALSE
tt|penal-debe regional corporation,TT,Penal-Debe Regional Corporation,TT-PED,FALSE
tt|penal,TT,Penal,TT-PED,FALSE
tt|penal/debe,TT,Penal/Debe,TT-PED,FALSE
tt|port-of-spain,TT,Port-of-Spain,TT-POS,FALSE
tt|puer,TT,Puer,TT-POS,FALSE
tt|city of port of spain,TT,City of Port of Spain,TT-POS,FALSE
tt|mayaro-rio claro,TT,Mayaro-Rio Claro,TT-RCM,FALSE
tt|mayaro,TT,Mayaro,TT-RCM,FALSE
tt|rio claro,TT,Rio Claro,TT-RCM,FALSE
tt|san juan–laventille,TT,San Juan–Laventille,TT-SJL,FALSE
tt|laventille,TT,Laventille,TT-SJL,FALSE
tt|san juan/laventille,TT,San Juan/Laventille,TT-SJL,FALSE
tt|sangre grande regional corporation,TT,Sangre Grande Regional Corporation,TT-SGE,FALSE
tt|siparia regional corporation,TT,Siparia Regional Corporation,TT-SIP,FALSE
tt|tunapuna-piarco regional corporation,TT,Tunapuna-Piarco Regional Corporation,TT-TUP,FALSE
tt|tunapuna,TT,Tunapuna,TT-TUP,FALSE
tw|zhanghua,TW,Zhanghua,TW-CHA,FALSE
tw|changhwa,TW,Changhwa,TW-CHA,FALSE
tw|changhua county,TW,Changhua County,TW-CHA,FALSE
tw|jiayi,TW,Jiayi,TW-CYQ,FALSE
tw|chiai,TW,Chiai,TW-CYQ,FALSE
tw|chiayi county,TW,Chiayi County,TW-CYQ,FALSE
tw|jiayi shi,TW,Jiayi Shi,TW-CYI,FALSE
tw|chiai city,TW,Chiai City,TW-CYI,FALSE
tw|xinzhu,TW,Xinzhu,TW-HSQ,FALSE
tw|hsinchu county,TW,Hsinchu County,TW-HSQ,FALSE
tw|xinzhu shi,TW,Xinzhu Shi,TW-HSZ,FALSE
tw|hualian,TW,Hualian,TW-HUA,FALSE
tw|hualien county,TW,Hualien County,TW-HUA,FALSE
tw|kaohsiung,TW,Kaohsiung,TW-KHH,FALSE
tw|gaoxiong shi,TW,Gaoxiong Shi,TW-KHH,FALSE
tw|kao-hsiung hsien,TW,Kao-hsiung Hsien,TW-KHH,FALSE
tw|keelung,TW,Keelung,TW-KEE,FALSE
tw|jilong shi,TW,Jilong Shi,TW-KEE,FALSE
tw|chilung city,TW,Chilung City,TW-KEE,FALSE
tw|chinmen,TW,Chinmen,TW-KIN,FALSE
tw|jinmen,TW,Jinmen,TW-KIN,FALSE
tw|miaoli county,TW,Miaoli County,TW-MIA,FALSE
tw|nantou county,TW,Nantou County,TW-NAN,FALSE
tw|new taipei,TW,New Taipei,TW-TPQ,FALSE
tw|xinbei shi,TW,Xinbei Shi,TW-TPQ,FALSE
tw|taipei,TW,Taipei,TW-TPQ,FALSE
tw|taipei county,TW,Taipei County,TW-TPQ,FALSE
tw|penghu county,TW,Penghu County,TW-PEN,FALSE
tw|pingdong,TW,Pingdong,TW-PIF,FALSE
tw|pingtung county,TW,Pingtung County,TW-PIF,FALSE
tw|taizhong shi,TW,Taizhong Shi,TW-TXG,FALSE
tw|taichung,TW,Taichung,TW-TXG,FALSE
tw|tainan,TW,Tainan,TW-TNN,FALSE
tw|tainan shi,TW,Tainan Shi,TW-TNN,FALSE
tw|taibei shi,TW,Taibei Shi,TW-TPE,FALSE
tw|t'ai-pei shih,TW,T'ai-pei Shih,TW-TPE,FALSE
tw|tai-pei shih,TW,Tai-pei Shih,TW-TPE,FALSE
tw|taidong,TW,Taidong,TW-TTT,FALSE
tw|taitung county,TW,Taitung County,TW-TTT,FALSE
tw|taoyuan county,TW,Taoyuan County,TW-TAO,FALSE
tw|ilan,TW,Ilan,TW-ILA,FALSE
tw|yilan county,TW,Yilan County,TW-ILA,FALSE
tw|yüanlin,TW,Yüanlin,TW-YUN,FALSE
tw|yuanlin,TW,Yuanlin,TW-YUN,FALSE
tw|yunlin county,TW,Yunlin County,TW-YUN,FALSE
tz|arusha region,TZ,Arusha Region,TZ-01,FALSE
tz|dar es salaam,TZ,Dar es Salaam,TZ-02,FALSE
tz|dar es salaam region,TZ,Dar es Salaam Region,TZ-02,FALSE
tz|dodoma region,TZ,Dodoma Region,TZ-03,FALSE
tz|iringa region,TZ,Iringa Region,TZ-04,FALSE
tz|kagera region,TZ,Kagera Region,TZ-05,FALSE
tz|north pemba,TZ,North Pemba,TZ-06,FALSE
tz|pemba north,TZ,Pemba North,TZ-06,FALSE
tz|pemba north region,TZ,Pemba North Region,TZ-06,FALSE
tz|unguja north,TZ,Unguja North,TZ-07,FALSE
tz|zanzibar north,TZ,Zanzibar North,TZ-07,FALSE
tz|zanzibar north region,TZ,Zanzibar North Region,TZ-07,FALSE
tz|kigoma region,TZ,Kigoma Region,TZ-08,FALSE
tz|kilimanjaro region,TZ,Kilimanjaro Region,TZ-09,FALSE
tz|south pemba,TZ,South Pemba,TZ-10,FALSE
tz|pemba south,TZ,Pemba South,TZ-10,FALSE
tz|pemba south region,TZ,Pemba South Region,TZ-10,FALSE
tz|lindi region,TZ,Lindi Region,TZ-12,FALSE
tz|manyara region,TZ,Manyara Region,TZ-26,FALSE
tz|mara region,TZ,Mara Region,TZ-13,FALSE
tz|mbeya region,TZ,Mbeya Region,TZ-14,FALSE
tz|morogoro region,TZ,Morogoro Region,TZ-16,FALSE
tz|mtwara region,TZ,Mtwara Region,TZ-17,FALSE
tz|mwanza region,TZ,Mwanza Region,TZ-18,FALSE
tz|coast region,TZ,Coast Region,TZ-19,FALSE
tz|rukwa region,TZ,Rukwa Region,TZ-20,FALSE
tz|ruvuma region,TZ,Ruvuma Region,TZ-21,FALSE
tz|shinyanga region,TZ,Shinyanga Region,TZ-22,FALSE
tz|singida region,TZ,Singida Region,TZ-23,FALSE
tz|tabora region,TZ,Tabora Region,TZ-24,FALSE
tz|tanga region,TZ,Tanga Region,TZ-25,FALSE
tz|unguja south,TZ,Unguja South,TZ-11,FALSE
tz|kusini unguja,TZ,Kusini Unguja,TZ-11,FALSE
tz|zanzibar central/south,TZ,Zanzibar Central/South,TZ-11,FALSE
tz|zanzibar central/south region,TZ,Zanzibar Central/South Region,TZ-11,FALSE
tz|mjini magharibi,TZ,Mjini Magharibi,TZ-15,FALSE
tz|mjini-magharibi,TZ,Mjini-Magharibi,TZ-15,FALSE
tz|zanzibar urban/west,TZ,Zanzibar Urban/West,TZ-15,FALSE
tz|zanzibar urban/west region,TZ,Zanzibar Urban/West Region,TZ-15,FALSE
ua|cherkas'ka oblast',UA,Cherkas'ka Oblast',UA-71,FALSE
ua|cherkaska oblast,UA,Cherkaska Oblast,UA-71,FALSE
ua|cherkasskaya oblast',UA,Cherkasskaya Oblast',UA-71,FALSE
ua|cherkasskaya oblast,UA,Cherkasskaya Oblast,UA-71,FALSE
ua|cherkassy,UA,Cherkassy,UA-71,FALSE
ua|chernigov,UA,Chernigov,UA-74,FALSE
ua|tschernigow,UA,Tschernigow,UA-74,FALSE
ua|chernihivs'ka oblast',UA,Chernihivs'ka Oblast',UA-74,FALSE
ua|chernihivska oblast,UA,Chernihivska Oblast,UA-74,FALSE
ua|chernivets'ka oblast',UA,Chernivets'ka Oblast',UA-77,FALSE
ua|chernivetska oblast,UA,Chernivetska Oblast,UA-77,FALSE
ua|chernovitskaya oblast',UA,Chernovitskaya Oblast',UA-77,FALSE
ua|chernovitskaya oblast,UA,Chernovitskaya Oblast,UA-77,FALSE
ua|chernovtsy,UA,Chernovtsy,UA-77,FALSE
ua|czernowitz,UA,Czernowitz,UA-77,FALSE
ua|tschernowzy,UA,Tschernowzy,UA-77,FALSE
ua|tchernovtsy,UA,Tchernovtsy,UA-77,FALSE
ua|dnipropetrovsk,UA,Dnipropetrovsk,UA-12,FALSE
ua|dniepropietrovsk,UA,Dniepropietrovsk,UA-12,FALSE
ua|dnjepropetrowsk,UA,Dnjepropetrowsk,UA-12,FALSE
ua|dnipropetrovska oblast',UA,Dnipropetrovska Oblast',UA-12,FALSE
ua|dnipropetrovska oblast,UA,Dnipropetrovska Oblast,UA-12,FALSE
ua|donetsk,UA,Donetsk,UA-14,FALSE
ua|donetskaya oblast',UA,Donetskaya Oblast',UA-14,FALSE
ua|donetskaya oblast,UA,Donetskaya Oblast,UA-14,FALSE
ua|donezk,UA,Donezk,UA-14,FALSE
ua|stalino,UA,Stalino,UA-14,FALSE
ua|donets'ka oblast',UA,Donets'ka Oblast',UA-14,FALSE
ua|donetska oblast,UA,Donetska Oblast,UA-14,FALSE
ua|ivano-frankivsk,UA,Ivano-Frankivsk,UA-26,FALSE
ua|ivano-frankovsk,UA,Ivano-Frankovsk,UA-26,FALSE
ua|ivano-frankovskaya oblast',UA,Ivano-Frankovskaya Oblast',UA-26,FALSE
ua|ivano-frankovskaya oblast,UA,Ivano-Frankovskaya Oblast,UA-26,FALSE
ua|stanislav,UA,Stanislav,UA-26,FALSE
ua|ivano-frankivs'ka oblast',UA,Ivano-Frankivs'ka Oblast',UA-26,FALSE
ua|ivano-frankivska oblast,UA,Ivano-Frankivska Oblast,UA-26,FALSE
ua|charkow,UA,Charkow,UA-63,FALSE
ua|jarkov,UA,Jarkov,UA-63,FALSE
ua|karkov,UA,Karkov,UA-63,FALSE
ua|khar'kov,UA,Khar'kov,UA-63,FALSE
ua|kharkov,UA,Kharkov,UA-63,FALSE
ua|kharkivs'ka oblast',UA,Kharkivs'ka Oblast',UA-63,FALSE
ua|kharkivska oblast,UA,Kharkivska Oblast,UA-63,FALSE
ua|khersons'ka oblast',UA,Khersons'ka Oblast',UA-65,FALSE
ua|khersonska oblast,UA,Khersonska Oblast,UA-65,FALSE
ua|kherson oblast,UA,Kherson Oblast,UA-65,FALSE
ua|khmelnytskyy,UA,Khmelnytskyy,UA-68,FALSE
ua|khmelnytskyi,UA,Khmelnytskyi,UA-68,FALSE
ua|khmelnitsky,UA,Khmelnitsky,UA-68,FALSE
ua|chmelnizkij,UA,Chmelnizkij,UA-68,FALSE
ua|hmelnicki,UA,Hmelnicki,UA-68,FALSE
ua|kamenets-podol'skaya oblast',UA,Kamenets-Podol'skaya Oblast',UA-68,FALSE
ua|kamenets-podolskaya oblast,UA,Kamenets-Podolskaya Oblast,UA-68,FALSE
ua|khmel'nyts'ka oblast',UA,Khmel'nyts'ka Oblast',UA-68,FALSE
ua|khmelnytska oblast,UA,Khmelnytska Oblast,UA-68,FALSE
ua|kyiv,UA,Kyiv,UA-32,FALSE
ua|kiev oblast,UA,Kiev Oblast,UA-32,FALSE
ua|kiew,UA,Kiew,UA-32,FALSE
ua|kijew,UA,Kijew,UA-32,FALSE
ua|kiiv,UA,Kiiv,UA-32,FALSE
ua|kijev,UA,Kijev,UA-32,FALSE
ua|kiyev,UA,Kiyev,UA-32,FALSE
ua|kyjiv,UA,Kyjiv,UA-32,FALSE
ua|kyyiv,UA,Kyyiv,UA-32,FALSE
ua|kyyivs'ka oblast',UA,Kyyivs'ka Oblast',UA-32,FALSE
ua|kyyivska oblast,UA,Kyyivska Oblast,UA-32,FALSE
ua|kyïvs'ka mis'ka rada,UA,Kyïvs'ka mis'ka rada,UA-30,FALSE
ua|kyivs'ka mis'ka rada,UA,Kyivs'ka mis'ka rada,UA-30,FALSE
ua|kyïvska miska rada,UA,Kyïvska miska rada,UA-30,FALSE
ua|kyivska miska rada,UA,Kyivska miska rada,UA-30,FALSE
ua|misto kyyiv,UA,Misto Kyyiv,UA-30,FALSE
ua|kiev city municipality,UA,Kiev City Municipality,UA-30,FALSE
ua|kirovograd,UA,Kirovograd,UA-35,FALSE
ua|kirovogradskaya oblast',UA,Kirovogradskaya Oblast',UA-35,FALSE
ua|kirovogradskaya oblast,UA,Kirovogradskaya Oblast,UA-35,FALSE
ua|kirovohrads'ka oblast',UA,Kirovohrads'ka Oblast',UA-35,FALSE
ua|kirovohradska oblast,UA,Kirovohradska Oblast,UA-35,FALSE
ua|lviv,UA,Lviv,UA-46,FALSE
ua|lemberg,UA,Lemberg,UA-46,FALSE
ua|llvov,UA,Llvov,UA-46,FALSE
ua|l'vov,UA,L'vov,UA-46,FALSE
ua|lvov,UA,Lvov,UA-46,FALSE
ua|lwow,UA,Lwow,UA-46,FALSE
ua|l'vivs'ka oblast',UA,L'vivs'ka Oblast',UA-46,FALSE
ua|lvivska oblast,UA,Lvivska Oblast,UA-46,FALSE
ua|luhansk,UA,Luhansk,UA-09,FALSE
ua|lugansk,UA,Lugansk,UA-09,FALSE
ua|luhans'ka oblast',UA,Luhans'ka Oblast',UA-09,FALSE
ua|luhanska oblast,UA,Luhanska Oblast,UA-09,FALSE
ua|voroshilovgrad,UA,Voroshilovgrad,UA-09,FALSE
ua|mykolaiv,UA,Mykolaiv,UA-48,FALSE
ua|nikolajew,UA,Nikolajew,UA-48,FALSE
ua|nikolayev,UA,Nikolayev,UA-48,FALSE
ua|mykolayivs'ka oblast',UA,Mykolayivs'ka Oblast',UA-48,FALSE
ua|mykolayivska oblast,UA,Mykolayivska Oblast,UA-48,FALSE
ua|odesa,UA,Odesa,UA-51,FALSE
ua|odes'ka oblast',UA,Odes'ka Oblast',UA-51,FALSE
ua|odeska oblast,UA,Odeska Oblast,UA-51,FALSE
ua|odesskaya oblast',UA,Odesskaya Oblast',UA-51,FALSE
ua|odesskaya oblast,UA,Odesskaya Oblast,UA-51,FALSE
ua|poltavs'ka oblast',UA,Poltavs'ka Oblast',UA-53,FALSE
ua|poltavska oblast,UA,Poltavska Oblast,UA-53,FALSE
ua|rovno,UA,Rovno,UA-56,FALSE
ua|rivnens'ka oblast',UA,Rivnens'ka Oblast',UA-56,FALSE
ua|rivnenska oblast,UA,Rivnenska Oblast,UA-56,FALSE
ua|rovenskaya oblast',UA,Rovenskaya Oblast',UA-56,FALSE
ua|rovenskaya oblast,UA,Rovenskaya Oblast,UA-56,FALSE
ua|sums'ka oblast',UA,Sums'ka Oblast',UA-59,FALSE
ua|sumska oblast,UA,Sumska Oblast,UA-59,FALSE
ua|ternopil,UA,Ternopil,UA-61,FALSE
ua|ternopol,UA,Ternopol,UA-61,FALSE
ua|ternopol',UA,Ternopol',UA-61,FALSE
ua|ternopil's'ka oblast',UA,Ternopil's'ka Oblast',UA-61,FALSE
ua|ternopilska oblast,UA,Ternopilska Oblast,UA-61,FALSE
ua|zakarpattia,UA,Zakarpattia,UA-21,FALSE
ua|transcarpathian,UA,Transcarpathian,UA-21,FALSE
ua|ruthenia,UA,Ruthenia,UA-21,FALSE
ua|zakarpats'ka oblast',UA,Zakarpats'ka Oblast',UA-21,FALSE
ua|zakarpatska oblast,UA,Zakarpatska Oblast,UA-21,FALSE
ua|zakarpatskaya oblast',UA,Zakarpatskaya Oblast',UA-21,FALSE
ua|zakarpatskaya oblast,UA,Zakarpatskaya Oblast,UA-21,FALSE
ua|zakarpattia oblast,UA,Zakarpattia Oblast,UA-21,FALSE
ua|vinnytsia,UA,Vinnytsia,UA-05,FALSE
ua|vinnitskaya oblast',UA,Vinnitskaya Oblast',UA-05,FALSE
ua|vinnitskaya oblast,UA,Vinnitskaya Oblast,UA-05,FALSE
ua|vinnyts'ka oblast,UA,Vinnyts'ka Oblast,UA-05,FALSE
ua|vinnytska oblast,UA,Vinnytska Oblast,UA-05,FALSE
ua|winniza,UA,Winniza,UA-05,FALSE
ua|vinnyts'ka oblast',UA,Vinnyts'ka Oblast',UA-05,FALSE
ua|volhynia,UA,Volhynia,UA-07,FALSE
ua|volyns'ka oblast',UA,Volyns'ka Oblast',UA-07,FALSE
ua|volynska oblast,UA,Volynska Oblast,UA-07,FALSE
ua|volynskaya oblast',UA,Volynskaya Oblast',UA-07,FALSE
ua|volynskaya oblast,UA,Volynskaya Oblast,UA-07,FALSE
ua|wolynien,UA,Wolynien,UA-07,FALSE
ua|zaporizhzhia,UA,Zaporizhzhia,UA-23,FALSE
ua|saporoshje,UA,Saporoshje,UA-23,FALSE
ua|zaporizhia,UA,Zaporizhia,UA-23,FALSE
ua|zaporiz'ka oblast',UA,Zaporiz'ka Oblast',UA-23,FALSE
ua|zaporizka oblast,UA,Zaporizka Oblast,UA-23,FALSE
ua|zaporojie,UA,Zaporojie,UA-23,FALSE
ua|zaporozhskaya oblast',UA,Zaporozhskaya Oblast',UA-23,FALSE
ua|zaporozhskaya oblast,UA,Zaporozhskaya Oblast,UA-23,FALSE
ua|zaporozh'ye,UA,Zaporozh'ye,UA-23,FALSE
ua|zaporozhye,UA,Zaporozhye,UA-23,FALSE
ua|zaporožje,UA,Zaporožje,UA-23,FALSE
ua|zaporozje,UA,Zaporozje,UA-23,FALSE
ua|zhitomir,UA,Zhitomir,UA-18,FALSE
ua|jitomir,UA,Jitomir,UA-18,FALSE
ua|shitomir,UA,Shitomir,UA-18,FALSE
ua|zhitomirskaya oblast',UA,Zhitomirskaya Oblast',UA-18,FALSE
ua|zhitomirskaya oblast,UA,Zhitomirskaya Oblast,UA-18,FALSE
ua|zhytomyrs'ka oblast',UA,Zhytomyrs'ka Oblast',UA-18,FALSE
ua|zhytomyrska oblast,UA,Zhytomyrska Oblast,UA-18,FALSE
ug|abim district,UG,Abim District,UG-317,FALSE
ug|adjumani district,UG,Adjumani District,UG-301,FALSE
ug|agago district,UG,Agago District,UG-322,FALSE
ug|alebtong district,UG,Alebtong District,UG-323,FALSE
ug|amolatar district,UG,Amolatar District,UG-314,FALSE
ug|amudat district,UG,Amudat District,UG-324,FALSE
ug|amuria district,UG,Amuria District,UG-216,FALSE
ug|amuru district,UG,Amuru District,UG-319,FALSE
ug|apac district,UG,Apac District,UG-302,FALSE
ug|arua district,UG,Arua District,UG-303,FALSE
ug|arua municipality,UG,Arua Municipality,UG-303,FALSE
ug|budaka district,UG,Budaka District,UG-217,FALSE
ug|bududa district,UG,Bududa District,UG-223,FALSE
ug|bugiri district,UG,Bugiri District,UG-201,FALSE
ug|buhweju district,UG,Buhweju District,UG-325,FALSE
ug|buikwe district,UG,Buikwe District,UG-117,FALSE
ug|bukedea district,UG,Bukedea District,UG-224,FALSE
ug|bukomansimbi district,UG,Bukomansimbi District,UG-118,FALSE
ug|bukwo,UG,Bukwo,UG-218,FALSE
ug|bukwa district,UG,Bukwa District,UG-218,FALSE
ug|bulambuli district,UG,Bulambuli District,UG-225,FALSE
ug|bulisa district,UG,Bulisa District,UG-419,FALSE
ug|bundibugyo district,UG,Bundibugyo District,UG-401,FALSE
ug|bushenyi district,UG,Bushenyi District,UG-402,FALSE
ug|busia district,UG,Busia District,UG-202,FALSE
ug|butaleja district,UG,Butaleja District,UG-219,FALSE
ug|butambala district,UG,Butambala District,UG-119,FALSE
ug|buvuma district,UG,Buvuma District,UG-120,FALSE
ug|buyende district,UG,Buyende District,UG-226,FALSE
ug|dokolo district,UG,Dokolo District,UG-318,FALSE
ug|gomba district,UG,Gomba District,UG-121,FALSE
ug|gulu district,UG,Gulu District,UG-304,FALSE
ug|hoima district,UG,Hoima District,UG-403,FALSE
ug|ibanda district,UG,Ibanda District,UG-416,FALSE
ug|iganga district,UG,Iganga District,UG-203,FALSE
ug|isingiro district,UG,Isingiro District,UG-417,FALSE
ug|jinja district,UG,Jinja District,UG-204,FALSE
ug|kaabong district,UG,Kaabong District,UG-315,FALSE
ug|kabale district,UG,Kabale District,UG-404,FALSE
ug|kabarole district,UG,Kabarole District,UG-405,FALSE
ug|kaberamaido district,UG,Kaberamaido District,UG-213,FALSE
ug|kalangala district,UG,Kalangala District,UG-101,FALSE
ug|kaliro district,UG,Kaliro District,UG-220,FALSE
ug|kalungu district,UG,Kalungu District,UG-122,FALSE
ug|kampala district,UG,Kampala District,UG-102,FALSE
ug|kamuli district,UG,Kamuli District,UG-205,FALSE
ug|kamwenge district,UG,Kamwenge District,UG-413,FALSE
ug|kanungu district,UG,Kanungu District,UG-414,FALSE
ug|kapchorwa district,UG,Kapchorwa District,UG-206,FALSE
ug|kasese district,UG,Kasese District,UG-406,FALSE
ug|katakwi district,UG,Katakwi District,UG-207,FALSE
ug|kayunga district,UG,Kayunga District,UG-112,FALSE
ug|kibaale,UG,Kibaale,UG-407,FALSE
ug|kibale district,UG,Kibale District,UG-407,FALSE
ug|kiboga district,UG,Kiboga District,UG-103,FALSE
ug|kibuku district,UG,Kibuku District,UG-227,FALSE
ug|kiryandongo district,UG,Kiryandongo District,UG-420,FALSE
ug|kisoro district,UG,Kisoro District,UG-408,FALSE
ug|kitgum district,UG,Kitgum District,UG-305,FALSE
ug|koboko district,UG,Koboko District,UG-316,FALSE
ug|kole district,UG,Kole District,UG-326,FALSE
ug|kotido district,UG,Kotido District,UG-306,FALSE
ug|kumi district,UG,Kumi District,UG-208,FALSE
ug|kween district,UG,Kween District,UG-228,FALSE
ug|kyankwanzi district,UG,Kyankwanzi District,UG-123,FALSE
ug|kyegegwa district,UG,Kyegegwa District,UG-421,FALSE
ug|toro district,UG,Toro District,UG-415,FALSE
ug|lamwo district,UG,Lamwo District,UG-327,FALSE
ug|lira district,UG,Lira District,UG-307,FALSE
ug|luuka district,UG,Luuka District,UG-229,FALSE
ug|luwero,UG,Luwero,UG-104,FALSE
ug|luwero district,UG,Luwero District,UG-104,FALSE
ug|lwengo district,UG,Lwengo District,UG-124,FALSE
ug|lyantonde district,UG,Lyantonde District,UG-116,FALSE
ug|bubuulo,UG,Bubuulo,UG-221,FALSE
ug|manafa,UG,Manafa,UG-221,FALSE
ug|manafwa district,UG,Manafwa District,UG-221,FALSE
ug|maracha district,UG,Maracha District,UG-320,FALSE
ug|masaka district,UG,Masaka District,UG-105,FALSE
ug|masindi district,UG,Masindi District,UG-409,FALSE
ug|mayuge district,UG,Mayuge District,UG-214,FALSE
ug|mbale district,UG,Mbale District,UG-209,FALSE
ug|kiruhura district,UG,Kiruhura District,UG-410,FALSE
ug|mbarara district,UG,Mbarara District,UG-410,FALSE
ug|mitoma district,UG,Mitoma District,UG-422,FALSE
ug|mityana district,UG,Mityana District,UG-114,FALSE
ug|moroto district,UG,Moroto District,UG-308,FALSE
ug|moyo district,UG,Moyo District,UG-309,FALSE
ug|mpigi district,UG,Mpigi District,UG-106,FALSE
ug|mubende district,UG,Mubende District,UG-107,FALSE
ug|mukono district,UG,Mukono District,UG-108,FALSE
ug|nakapiripirit district,UG,Nakapiripirit District,UG-311,FALSE
ug|nakaseke district,UG,Nakaseke District,UG-115,FALSE
ug|nakasongola district,UG,Nakasongola District,UG-109,FALSE
ug|namayingo district,UG,Namayingo District,UG-230,FALSE
ug|namutumba district,UG,Namutumba District,UG-222,FALSE
ug|napak district,UG,Napak District,UG-328,FALSE
ug|nebbi district,UG,Nebbi District,UG-310,FALSE
ug|ngora district,UG,Ngora District,UG-231,FALSE
ug|ntoroko district,UG,Ntoroko District,UG-423,FALSE
ug|ntungamo district,UG,Ntungamo District,UG-411,FALSE
ug|nwoya district,UG,Nwoya District,UG-329,FALSE
ug|otuke district,UG,Otuke District,UG-330,FALSE
ug|oyam district,UG,Oyam District,UG-321,FALSE
ug|pader district,UG,Pader District,UG-312,FALSE
ug|pallisa district,UG,Pallisa District,UG-210,FALSE
ug|rakai district,UG,Rakai District,UG-110,FALSE
ug|rubirizi district,UG,Rubirizi District,UG-424,FALSE
ug|rukungiri district,UG,Rukungiri District,UG-412,FALSE
ug|ssembabule,UG,Ssembabule,UG-111,FALSE
ug|sembabule district,UG,Sembabule District,UG-111,FALSE
ug|serere district,UG,Serere District,UG-232,FALSE
ug|sheema district,UG,Sheema District,UG-425,FALSE
ug|sironko district,UG,Sironko District,UG-215,FALSE
ug|soroti district,UG,Soroti District,UG-211,FALSE
ug|tororo district,UG,Tororo District,UG-212,FALSE
ug|wakiso district,UG,Wakiso District,UG-113,FALSE
ug|yumbe district,UG,Yumbe District,UG-313,FALSE
ug|zombo district,UG,Zombo District,UG-331,FALSE
us|al,US,AL,US-AL,FALSE
us|ala.,US,Ala.,US-AL,FALSE
us|ak,US,AK,US-AK,FALSE
us|az,US,AZ,US-AZ,FALSE
us|ariz.,US,Ariz.,US-AZ,FALSE
us|ar,US,AR,US-AR,FALSE
us|ark.,US,Ark.,US-AR,FALSE
us|ca,US,CA,US-CA,FALSE
us|calif.,US,Calif.,US-CA,FALSE
us|co,US,CO,US-CO,FALSE
us|colo.,US,Colo.,US-CO,FALSE
us|ct,US,CT,US-CT,FALSE
us|conn.,US,Conn.,US-CT,FALSE
us|de,US,DE,US-DE,FALSE
us|del.,US,Del.,US-DE,FALSE
us|dc,US,DC,US-DC,FALSE
us|d.c.,US,D.C.,US-DC,FALSE
us|fl,US,FL,US-FL,FALSE
us|fla.,US,Fla.,US-FL,FALSE
us|ga,US,GA,US-GA,FALSE
us|ga.,US,Ga.,US-GA,FALSE
us|hi,US,HI,US-HI,FALSE
us|id,US,ID,US-ID,FALSE
us|il,US,IL,US-IL,FALSE
us|ill.,US,Ill.,US-IL,FALSE
us|in,US,IN,US-IN,FALSE
us|ind.,US,Ind.,US-IN,FALSE
us|ia,US,IA,US-IA,FALSE
us|ks,US,KS,US-KS,FALSE
us|kans.,US,Kans.,US-KS,FALSE
us|commonwealth of kentucky,US,Commonwealth of Kentucky,US-KY,FALSE
us|ky,US,KY,US-KY,FALSE
us|la,US,LA,US-LA,FALSE
us|me,US,ME,US-ME,FALSE
us|md,US,MD,US-MD,FALSE
us|commonwealth of massachusetts,US,Commonwealth of Massachusetts,US-MA,FALSE
us|ma,US,MA,US-MA,FALSE
us|mass.,US,Mass.,US-MA,FALSE
us|mi,US,MI,US-MI,FALSE
us|mich.,US,Mich.,US-MI,FALSE
us|mn,US,MN,US-MN,FALSE
us|minn.,US,Minn.,US-MN,FALSE
us|ms,US,MS,US-MS,FALSE
us|miss.,US,Miss.,US-MS,FALSE
us|mo,US,MO,US-MO,FALSE
us|mt,US,MT,US-MT,FALSE
us|mont.,US,Mont.,US-MT,FALSE
us|ne,US,NE,US-NE,FALSE
us|nebr.,US,Nebr.,US-NE,FALSE
us|nv,US,NV,US-NV,FALSE
us|nev.,US,Nev.,US-NV,FALSE
us|nh,US,NH,US-NH,FALSE
us|n.h.,US,N.H.,US-NH,FALSE
us|nj,US,NJ,US-NJ,FALSE
us|n.j.,US,N.J.,US-NJ,FALSE
us|nm,US,NM,US-NM,FALSE
us|n.m.,US,N.M.,US-NM,FALSE
us|ny,US,NY,US-NY,FALSE
us|n.y.,US,N.Y.,US-NY,FALSE
us|nc,US,NC,US-NC,FALSE
us|n.c.,US,N.C.,US-NC,FALSE
us|nd,US,ND,US-ND,FALSE
us|n.d.,US,N.D.,US-ND,FALSE
us|oh,US,OH,US-OH,FALSE
us|ok,US,OK,US-OK,FALSE
us|okla.,US,Okla.,US-OK,FALSE
us|or,US,OR,US-OR,FALSE
us|ore.,US,Ore.,US-OR,FALSE
us|commonwealth of pennsylvania,US,Commonwealth of Pennsylvania,US-PA,FALSE
us|pa,US,PA,US-PA,FALSE
us|state of rhode island and providence plantations,US,State of Rhode Island and Providence Plantations,US-RI,FALSE
us|ri,US,RI,US-RI,FALSE
us|r.i.,US,R.I.,US-RI,FALSE
us|sc,US,SC,US-SC,FALSE
us|s.c.,US,S.C.,US-SC,FALSE
us|sd,US,SD,US-SD,FALSE
us|s.d.,US,S.D.,US-SD,FALSE
us|tn,US,TN,US-TN,FALSE
us|tenn.,US,Tenn.,US-TN,FALSE
us|tx,US,TX,US-TX,FALSE
us|tex.,US,Tex.,US-TX,FALSE
us|ut,US,UT,US-UT,FALSE
us|vt,US,VT,US-VT,FALSE
us|va,US,VA,US-VA,FALSE
us|wa,US,WA,US-WA,FALSE
us|wash.,US,Wash.,US-WA,FALSE
us|wv,US,WV,US-WV,FALSE
us|w.va.,US,W.Va.,US-WV,FALSE
us|wi,US,WI,US-WI,FALSE
us|wis.,US,Wis.,US-WI,FALSE
us|wy,US,WY,US-WY,FALSE
us|wyo.,US,Wyo.,US-WY,FALSE
uy|departamento de artigas,UY,Departamento de Artigas,UY-AR,FALSE
uy|departamento de canelones,UY,Departamento de Canelones,UY-CA,FALSE
uy|departamento de cerro largo,UY,Departamento de Cerro Largo,UY-CL,FALSE
uy|departamento de colonia,UY,Departamento de Colonia,UY-CO,FALSE
uy|departamento de durazno,UY,Departamento de Durazno,UY-DU,FALSE
uy|departamento de flores,UY,Departamento de Flores,UY-FS,FALSE
uy|departamento de florida,UY,Departamento de Florida,UY-FD,FALSE
uy|departamento de lavalleja,UY,Departamento de Lavalleja,UY-LA,FALSE
uy|departamento de maldonado,UY,Departamento de Maldonado,UY-MA,FALSE
uy|montevidéu,UY,Montevidéu,UY-MO,FALSE
uy|montevideu,UY,Montevideu,UY-MO,FALSE
uy|departamento de montevideo,UY,Departamento de Montevideo,UY-MO,FALSE
uy|paysandu,UY,Paysandu,UY-PA,FALSE
uy|departamento de paysandu,UY,Departamento de Paysandu,UY-PA,FALSE
uy|rio negro,UY,Rio Negro,UY-RN,FALSE
uy|departamento de rio negro,UY,Departamento de Rio Negro,UY-RN,FALSE
uy|departamento de rivera,UY,Departamento de Rivera,UY-RV,FALSE
uy|departamento de rocha,UY,Departamento de Rocha,UY-RO,FALSE
uy|departamento de salto,UY,Departamento de Salto,UY-SA,FALSE
uy|san jose,UY,San Jose,UY-SJ,FALSE
uy|departamento de san jose,UY,Departamento de San Jose,UY-SJ,FALSE
uy|departamento de soriano,UY,Departamento de Soriano,UY-SO,FALSE
uy|tacuarembo,UY,Tacuarembo,UY-TA,FALSE
uy|departamento de tacuarembo,UY,Departamento de Tacuarembo,UY-TA,FALSE
uy|departamento de treinta y tres,UY,Departamento de Treinta y Tres,UY-TT,FALSE
uz|andijan,UZ,Andijan,UZ-AN,FALSE
uz|andizhan,UZ,Andizhan,UZ-AN,FALSE
uz|bukhara,UZ,Bukhara,UZ-BU,FALSE
uz|buxoro,UZ,Buxoro,UZ-BU,FALSE
uz|mawarranahr,UZ,Mawarranahr,UZ-BU,FALSE
uz|transoxania,UZ,Transoxania,UZ-BU,FALSE
uz|turan,UZ,Turan,UZ-BU,FALSE
uz|bukhara province,UZ,Bukhara Province,UZ-BU,FALSE
uz|fergana,UZ,Fergana,UZ-FA,FALSE
uz|farghona,UZ,Farghona,UZ-FA,FALSE
uz|farg`ona,UZ,Farg`ona,UZ-FA,FALSE
uz|farg'ona,UZ,Farg'ona,UZ-FA,FALSE
uz|fargona,UZ,Fargona,UZ-FA,FALSE
uz|dzhizak,UZ,Dzhizak,UZ-JI,FALSE
uz|jizzax,UZ,Jizzax,UZ-JI,FALSE
uz|jizzakh province,UZ,Jizzakh Province,UZ-JI,FALSE
uz|qoraqalpog`iston autonomous republic,UZ,Qoraqalpog`iston autonomous republic,UZ-QR,FALSE
uz|qoraqalpog'iston autonomous republic,UZ,Qoraqalpog'iston autonomous republic,UZ-QR,FALSE
uz|qoraqalpogiston autonomous republic,UZ,Qoraqalpogiston autonomous republic,UZ-QR,FALSE
uz|kara-kalpakia,UZ,Kara-Kalpakia,UZ-QR,FALSE
uz|qoraqalpoghiston,UZ,Qoraqalpoghiston,UZ-QR,FALSE
uz|qoraqalpog`iston,UZ,Qoraqalpog`iston,UZ-QR,FALSE
uz|qoraqalpog'iston,UZ,Qoraqalpog'iston,UZ-QR,FALSE
uz|qoraqalpogiston,UZ,Qoraqalpogiston,UZ-QR,FALSE
uz|qoraqalpoghiston respublikasi,UZ,Qoraqalpoghiston Respublikasi,UZ-QR,FALSE
uz|qashqadaryo,UZ,Qashqadaryo,UZ-QA,FALSE
uz|kashka-dar'ya,UZ,Kashka-Dar'ya,UZ-QA,FALSE
uz|kashka-darya,UZ,Kashka-Darya,UZ-QA,FALSE
uz|kashkadar,UZ,Kashkadar,UZ-QA,FALSE
uz|kashkadar'ya,UZ,Kashkadar'ya,UZ-QA,FALSE
uz|qashqadaryo province,UZ,Qashqadaryo Province,UZ-QA,FALSE
uz|xorazm,UZ,Xorazm,UZ-XO,FALSE
uz|khiva,UZ,Khiva,UZ-XO,FALSE
uz|khwarazm,UZ,Khwarazm,UZ-XO,FALSE
uz|khorazm,UZ,Khorazm,UZ-XO,FALSE
uz|xorazm viloyati,UZ,Xorazm Viloyati,UZ-XO,FALSE
uz|namangan province,UZ,Namangan Province,UZ-NG,FALSE
uz|navoiy,UZ,Navoiy,UZ-NW,FALSE
uz|navoiy province,UZ,Navoiy Province,UZ-NW,FALSE
uz|samarqand,UZ,Samarqand,UZ-SA,FALSE
uz|samarqand viloyati,UZ,Samarqand Viloyati,UZ-SA,FALSE
uz|syr-dar'ya,UZ,Syr-Dar'ya,UZ-SI,FALSE
uz|syr-darya,UZ,Syr-Darya,UZ-SI,FALSE
uz|sirdaryo viloyati,UZ,Sirdaryo Viloyati,UZ-SI,FALSE
uz|surxondaryo,UZ,Surxondaryo,UZ-SU,FALSE
uz|sukhan-dar'ya,UZ,Sukhan-Dar'ya,UZ-SU,FALSE
uz|sukhan-darya,UZ,Sukhan-Darya,UZ-SU,FALSE
uz|surkhan-dar'ya,UZ,Surkhan-Dar'ya,UZ-SU,FALSE
uz|surkhan-darya,UZ,Surkhan-Darya,UZ-SU,FALSE
uz|surxondaryo viloyati,UZ,Surxondaryo Viloyati,UZ-SU,FALSE
uz|taschkent,UZ,Taschkent,UZ-TO,FALSE
uz|toshkent,UZ,Toshkent,UZ-TO,FALSE
uz|toshkent viloyati,UZ,Toshkent Viloyati,UZ-TO,FALSE
uz|toshkent shahri,UZ,Toshkent Shahri,UZ-TK,FALSE
vc|parish of charlotte,VC,Parish of Charlotte,VC-01,FALSE
vc|parish of saint andrew,VC,Parish of Saint Andrew,VC-02,FALSE
vc|parish of saint david,VC,Parish of Saint David,VC-03,FALSE
vc|parish of saint george,VC,Parish of Saint George,VC-04,FALSE
vc|parish of saint patrick,VC,Parish of Saint Patrick,VC-05,FALSE
ve|estado amazonas,VE,Estado Amazonas,VE-Z,FALSE
ve|anzoategui,VE,Anzoategui,VE-B,FALSE
ve|estado anzoategui,VE,Estado Anzoategui,VE-B,FALSE
ve|estado apure,VE,Estado Apure,VE-C,FALSE
ve|estado aragua,VE,Estado Aragua,VE-D,FALSE
ve|estado barinas,VE,Estado Barinas,VE-E,FALSE
ve|bolivar,VE,Bolivar,VE-F,FALSE
ve|estado bolivar,VE,Estado Bolivar,VE-F,FALSE
ve|estado carabobo,VE,Estado Carabobo,VE-G,FALSE
ve|estado cojedes,VE,Estado Cojedes,VE-H,FALSE
ve|territorio federal delta amacuro,VE,Territorio Federal Delta Amacuro,VE-Y,FALSE
ve|federal dependencies,VE,Federal Dependencies,VE-W,FALSE
ve|capital,VE,Capital,VE-A,FALSE
ve|falcon,VE,Falcon,VE-I,FALSE
ve|estado falcon,VE,Estado Falcon,VE-I,FALSE
ve|guarico,VE,Guarico,VE-J,FALSE
ve|guárico state,VE,Guárico State,VE-J,FALSE
ve|guarico state,VE,Guarico State,VE-J,FALSE
ve|estado guarico,VE,Estado Guarico,VE-J,FALSE
ve|estado lara,VE,Estado Lara,VE-K,FALSE
ve|merida,VE,Merida,VE-L,FALSE
ve|estado merida,VE,Estado Merida,VE-L,FALSE
ve|estado miranda,VE,Estado Miranda,VE-M,FALSE
ve|estado monagas,VE,Estado Monagas,VE-N,FALSE
ve|estado nueva esparta,VE,Estado Nueva Esparta,VE-O,FALSE
ve|estado portuguesa,VE,Estado Portuguesa,VE-P,FALSE
ve|estado sucre,VE,Estado Sucre,VE-R,FALSE
ve|tachira,VE,Tachira,VE-S,FALSE
ve|estado tachira,VE,Estado Tachira,VE-S,FALSE
ve|estado trujillo,VE,Estado Trujillo,VE-T,FALSE
ve|vargas state,VE,Vargas state,VE-X,FALSE
ve|estado vargas,VE,Estado Vargas,VE-X,FALSE
ve|estado yaracuy,VE,Estado Yaracuy,VE-U,FALSE
ve|estado zulia,VE,Estado Zulia,VE-V,FALSE
vi|saint croix island,VI,Saint Croix Island,VI-~4870,FALSE
vi|saint john island,VI,Saint John Island,VI-~4869,FALSE
vi|saint thomas island,VI,Saint Thomas Island,VI-~4868,FALSE
vn|tinh an giang,VN,Tinh An Giang,VN-44,FALSE
vn|ba ria - vung tau,VN,Ba Ria - Vung Tau,VN-43,FALSE
vn|bà rịa-vũng tàu,VN,Bà Rịa-Vũng Tàu,VN-43,FALSE
vn|ba ria-vung tau,VN,Ba Ria-Vung Tau,VN-43,FALSE
vn|ba ria - vtau,VN,Ba Ria - VTau,VN-43,FALSE
vn|tinh ba ria-vung tau,VN,Tinh Ba Ria-Vung Tau,VN-43,FALSE
vn|bac giang,VN,Bac Giang,VN-54,FALSE
vn|tinh bac giang,VN,Tinh Bac Giang,VN-54,FALSE
vn|bac lieu,VN,Bac Lieu,VN-55,FALSE
vn|tinh bac lieu,VN,Tinh Bac Lieu,VN-55,FALSE
vn|bac ninh,VN,Bac Ninh,VN-56,FALSE
vn|tinh bac ninh,VN,Tinh Bac Ninh,VN-56,FALSE
vn|ben tre,VN,Ben Tre,VN-50,FALSE
vn|tinh ben tre,VN,Tinh Ben Tre,VN-50,FALSE
vn|binh dinh,VN,Binh Dinh,VN-31,FALSE
vn|tinh binh dinh,VN,Tinh Binh Dinh,VN-31,FALSE
vn|binh duong,VN,Binh Duong,VN-57,FALSE
vn|tinh binh duong,VN,Tinh Binh Duong,VN-57,FALSE
vn|binh phuoc,VN,Binh Phuoc,VN-58,FALSE
vn|tinh binh phuoc,VN,Tinh Binh Phuoc,VN-58,FALSE
vn|binh thuan,VN,Binh Thuan,VN-40,FALSE
vn|tinh binh thuan,VN,Tinh Binh Thuan,VN-40,FALSE
vn|ca mau,VN,Ca Mau,VN-59,FALSE
vn|tinh ca mau,VN,Tinh Ca Mau,VN-59,FALSE
vn|cần thơ,VN,Cần Thơ,VN-CT,FALSE
vn|thanh pho can tho,VN,Thanh Pho Can Tho,VN-CT,FALSE
vn|cao bang,VN,Cao Bang,VN-04,FALSE
vn|tinh cao bang,VN,Tinh Cao Bang,VN-04,FALSE
vn|da nang,VN,Da Nang,VN-DN,FALSE
vn|da nang city,VN,Da Nang City,VN-DN,FALSE
vn|thanh pho da nang,VN,Thanh Pho Da Nang,VN-DN,FALSE
vn|dak lak,VN,Dak Lak,VN-33,FALSE
vn|dac lac,VN,Dac Lac,VN-33,FALSE
vn|tinh dak lak,VN,Tinh Dak Lak,VN-33,FALSE
vn|dak nong,VN,Dak Nong,VN-72,FALSE
vn|dac nong,VN,Dac Nong,VN-72,FALSE
vn|dien bien,VN,Dien Bien,VN-71,FALSE
vn|huyen dien bien,VN,Huyen Dien Bien,VN-71,FALSE
vn|dong bac,VN,Dong Bac,VN-53,FALSE
vn|northeast vietnam,VN,Northeast Vietnam,VN-53,FALSE
vn|north east,VN,North East,VN-53,FALSE
vn|tinh bac kan,VN,Tinh Bac Kan,VN-53,FALSE
vn|dong bang song hong,VN,Dong Bang Song Hong,VN-66,FALSE
vn|red river delta,VN,Red River Delta,VN-66,FALSE
vn|tinh hung yen,VN,Tinh Hung Yen,VN-66,FALSE
vn|dong nam bo,VN,Dong Nam Bo,VN-39,FALSE
vn|south east,VN,South East,VN-39,FALSE
vn|tinh dong nai,VN,Tinh Dong Nai,VN-39,FALSE
vn|dong thap,VN,Dong Thap,VN-45,FALSE
vn|đồng tháp,VN,Đồng Tháp,VN-45,FALSE
vn|tinh dong thap,VN,Tinh Dong Thap,VN-45,FALSE
vn|ð?ng tháp,VN,Ð?ng Tháp,VN-45,FALSE
vn|d?ng thap,VN,D?ng Thap,VN-45,FALSE
vn|tinh gia lai,VN,Tinh Gia Lai,VN-30,FALSE
vn|ha giang,VN,Ha Giang,VN-03,FALSE
vn|tinh ha giang,VN,Tinh Ha Giang,VN-03,FALSE
vn|ha nam,VN,Ha Nam,VN-63,FALSE
vn|tinh ha nam,VN,Tinh Ha Nam,VN-63,FALSE
vn|hanoi,VN,Hanoi,VN-HN,FALSE
vn|thanh pho ha noi,VN,Thanh Pho Ha Noi,VN-HN,FALSE
vn|hà tĩnh,VN,Hà Tĩnh,VN-23,FALSE
vn|tinh ha tinh,VN,Tinh Ha Tinh,VN-23,FALSE
vn|hai duong,VN,Hai Duong,VN-61,FALSE
vn|tinh hai duong,VN,Tinh Hai Duong,VN-61,FALSE
vn|hai phong,VN,Hai Phong,VN-HP,FALSE
vn|haiphong,VN,Haiphong,VN-HP,FALSE
vn|thanh pho hai phong,VN,Thanh Pho Hai Phong,VN-HP,FALSE
vn|hậu giang,VN,Hậu Giang,VN-73,FALSE
vn|ho chi minh city,VN,Ho Chi Minh city,VN-SG,FALSE
vn|ho chi minh,VN,Ho Chi Minh,VN-SG,FALSE
vn|thanh pho ho chi minh,VN,Thanh pho Ho Chi Minh,VN-SG,FALSE
vn|hoa binh,VN,Hoa Binh,VN-14,FALSE
vn|tinh hoa binh,VN,Tinh Hoa Binh,VN-14,FALSE
vn|khanh hoa,VN,Khanh Hoa,VN-34,FALSE
vn|tinh khanh hoa,VN,Tinh Khanh Hoa,VN-34,FALSE
vn|kien giang,VN,Kien Giang,VN-47,FALSE
vn|tinh kien giang,VN,Tinh Kien Giang,VN-47,FALSE
vn|tinh kon tum,VN,Tinh Kon Tum,VN-28,FALSE
vn|lai châu,VN,Lai Châu,VN-01,FALSE
vn|tinh lai chau,VN,Tinh Lai Chau,VN-01,FALSE
vn|lam dong,VN,Lam Dong,VN-35,FALSE
vn|tinh lam dong,VN,Tinh Lam Dong,VN-35,FALSE
vn|lang son,VN,Lang Son,VN-09,FALSE
vn|tinh lang son,VN,Tinh Lang Son,VN-09,FALSE
vn|lao cai,VN,Lao Cai,VN-02,FALSE
vn|tinh lao cai,VN,Tinh Lao Cai,VN-02,FALSE
vn|tinh long an,VN,Tinh Long An,VN-41,FALSE
vn|nam dinh,VN,Nam Dinh,VN-67,FALSE
vn|tinh nam dinh,VN,Tinh Nam Dinh,VN-67,FALSE
vn|nghe an,VN,Nghe An,VN-22,FALSE
vn|tinh nghe an,VN,Tinh Nghe An,VN-22,FALSE
vn|ninh binh,VN,Ninh Binh,VN-18,FALSE
vn|tinh ninh binh,VN,Tinh Ninh Binh,VN-18,FALSE
vn|ninh thuan,VN,Ninh Thuan,VN-36,FALSE
vn|tinh ninh thuan,VN,Tinh Ninh Thuan,VN-36,FALSE
vn|phu tho,VN,Phu Tho,VN-68,FALSE
vn|tinh phu tho,VN,Tinh Phu Tho,VN-68,FALSE
vn|phu yen,VN,Phu Yen,VN-32,FALSE
vn|tinh phu yen,VN,Tinh Phu Yen,VN-32,FALSE
vn|quang binh,VN,Quang Binh,VN-24,FALSE
vn|tinh quang binh,VN,Tinh Quang Binh,VN-24,FALSE
vn|quang nam,VN,Quang Nam,VN-27,FALSE
vn|quảng nam,VN,Quảng Nam,VN-27,FALSE
vn|tinh quang nam,VN,Tinh Quang Nam,VN-27,FALSE
vn|quang ngai,VN,Quang Ngai,VN-29,FALSE
vn|tinh quang ngai,VN,Tinh Quang Ngai,VN-29,FALSE
vn|quang ninh,VN,Quang Ninh,VN-13,FALSE
vn|tinh quang ninh,VN,Tinh Quang Ninh,VN-13,FALSE
vn|quang tri,VN,Quang Tri,VN-25,FALSE
vn|tinh quang tri,VN,Tinh Quang Tri,VN-25,FALSE
vn|soc trang,VN,Soc Trang,VN-52,FALSE
vn|tinh soc trang,VN,Tinh Soc Trang,VN-52,FALSE
vn|sơn la,VN,Sơn La,VN-05,FALSE
vn|tinh son la,VN,Tinh Son La,VN-05,FALSE
vn|tay ninh,VN,Tay Ninh,VN-37,FALSE
vn|tinh tay ninh,VN,Tinh Tay Ninh,VN-37,FALSE
vn|thai binh,VN,Thai Binh,VN-20,FALSE
vn|tinh thai binh,VN,Tinh Thai Binh,VN-20,FALSE
vn|thai nguyen,VN,Thai Nguyen,VN-69,FALSE
vn|tinh thai nguyen,VN,Tinh Thai Nguyen,VN-69,FALSE
vn|thanh hoa,VN,Thanh Hoa,VN-21,FALSE
vn|tinh thanh hoa,VN,Tinh Thanh Hoa,VN-21,FALSE
vn|thua thien - hue,VN,Thua Thien - Hue,VN-26,FALSE
vn|thừa thiên huế,VN,Thừa Thiên Huế,VN-26,FALSE
vn|thua thien hue,VN,Thua Thien Hue,VN-26,FALSE
vn|tinh thua thien-hue,VN,Tinh Thua Thien-Hue,VN-26,FALSE
vn|tien giang,VN,Tien Giang,VN-46,FALSE
vn|tinh tien giang,VN,Tinh Tien Giang,VN-46,FALSE
vn|tra vinh,VN,Tra Vinh,VN-51,FALSE
vn|tinh tra vinh,VN,Tinh Tra Vinh,VN-51,FALSE
vn|tuyen quang,VN,Tuyen Quang,VN-07,FALSE
vn|tinh tuyen quang,VN,Tinh Tuyen Quang,VN-07,FALSE
vn|vinh long,VN,Vinh Long,VN-49,FALSE
vn|tinh vinh long,VN,Tinh Vinh Long,VN-49,FALSE
vn|vinh phuc,VN,Vinh Phuc,VN-70,FALSE
vn|tinh vinh phuc,VN,Tinh Vinh Phuc,VN-70,FALSE
vn|yen bai,VN,Yen Bai,VN-06,FALSE
vn|tinh yen bai,VN,Tinh Yen Bai,VN-06,FALSE
vu|malampa province,VU,Malampa Province,VU-MAP,FALSE
vu|penama province,VU,Penama Province,VU-PAM,FALSE
vu|sanma province,VU,Sanma Province,VU-SAM,FALSE
vu|shefa province,VU,Shefa Province,VU-SEE,FALSE
vu|tafea province,VU,Tafea Province,VU-TAE,FALSE
vu|torba province,VU,Torba Province,VU-TOB,FALSE
wf|'uvea,WF,'Uvea,WF-UV,FALSE
wf|uvea,WF,Uvea,WF-UV,FALSE
wf|wallis,WF,Wallis,WF-UV,FALSE
wf|circonscription d'uvea,WF,Circonscription d'Uvea,WF-UV,FALSE
wf|circonscription duvea,WF,Circonscription dUvea,WF-UV,FALSE
wf|hahake,WF,Hahake,WF-UV,FALSE
wf|circonscription d'alo,WF,Circonscription d'Alo,WF-AL,FALSE
wf|circonscription dalo,WF,Circonscription dAlo,WF-AL,FALSE
wf|singave,WF,Singave,WF-SG,FALSE
wf|circonscription de sigave,WF,Circonscription de Sigave,WF-SG,FALSE
ws|aana,WS,Aana,WS-AA,FALSE
ws|a`ana,WS,A`ana,WS-AA,FALSE
ws|faasaleleaga,WS,Faasaleleaga,WS-FA,FALSE
ws|fa`asaleleaga,WS,Fa`asaleleaga,WS-FA,FALSE
ws|gagaemauga,WS,Gagaemauga,WS-GE,FALSE
ws|gaga`emauga,WS,Gaga`emauga,WS-GE,FALSE
ws|gagaifomauga,WS,Gagaifomauga,WS-GI,FALSE
ws|satupaitea,WS,Satupaitea,WS-SA,FALSE
ws|satupa`itea,WS,Satupa`itea,WS-SA,FALSE
ws|vaa-o-fonoti,WS,Vaa-o-Fonoti,WS-VF,FALSE
ws|va`a-o-fonoti,WS,Va`a-o-Fonoti,WS-VF,FALSE
xk|dakovica,XK,Dakovica,XK-~5890,FALSE
xk|gjakova,XK,Gjakova,XK-~5890,FALSE
xk|komuna e gjakoves,XK,Komuna e Gjakoves,XK-~5890,FALSE
xk|decani,XK,Decani,XK-~5889,FALSE
xk|komuna e decanit,XK,Komuna e Decanit,XK-~5889,FALSE
xk|dragas,XK,Dragas,XK-~5909,FALSE
xk|komuna e dragashit,XK,Komuna e Dragashit,XK-~5909,FALSE
xk|komuna e drenasit,XK,Komuna e Drenasit,XK-~5899,FALSE
xk|pristina,XK,Pristina,XK-~5899,FALSE
xk|komuna e gjilanit,XK,Komuna e Gjilanit,XK-~5904,FALSE
xk|komuna e istogut,XK,Komuna e Istogut,XK-~5887,FALSE
xk|kacanik,XK,Kacanik,XK-~5915,FALSE
xk|komuna e kacanikut,XK,Komuna e Kacanikut,XK-~5915,FALSE
xk|komuna e klines,XK,Komuna e Klines,XK-~5888,FALSE
xk|opstina kosovo polje,XK,Opstina Kosovo Polje,XK-~5898,FALSE
xk|kosovo-pomoravlje,XK,Kosovo-Pomoravlje,XK-~5907,FALSE
xk|opstina kamenica,XK,Opstina Kamenica,XK-~5907,FALSE
xk|komuna e mitrovices,XK,Komuna e Mitrovices,XK-~5894,FALSE
xk|leposavic,XK,Leposavic,XK-~5893,FALSE
xk|komuna e leposaviqit,XK,Komuna e Leposaviqit,XK-~5893,FALSE
xk|komuna e lipjanit,XK,Komuna e Lipjanit,XK-~5903,FALSE
xk|malisevo,XK,Malisevo,XK-~5911,FALSE
xk|komuna e malisheves,XK,Komuna e Malisheves,XK-~5911,FALSE
xk|opstina novo brdo,XK,Opstina Novo Brdo,XK-~5906,FALSE
xk|obilic,XK,Obilic,XK-~5900,FALSE
xk|obiliq,XK,Obiliq,XK-~5900,FALSE
xk|komuna e obiliqit,XK,Komuna e Obiliqit,XK-~5900,FALSE
xk|komuna e rahovecit,XK,Komuna e Rahovecit,XK-~5891,FALSE
xk|pec,XK,Pec,XK-~5886,FALSE
xk|peja,XK,Peja,XK-~5886,FALSE
xk|komuna e pejes,XK,Komuna e Pejes,XK-~5886,FALSE
xk|podujevo/podujeva,XK,Podujevo/Podujeva,XK-~5901,FALSE
xk|opstina podujevo,XK,Opstina Podujevo,XK-~5901,FALSE
xk|kosovo and metohija,XK,Kosovo and Metohija,XK-~5902,FALSE
xk|komuna e prishtines,XK,Komuna e Prishtines,XK-~5902,FALSE
xk|plužine,XK,Plužine,XK-~5908,FALSE
xk|pluzine,XK,Pluzine,XK-~5908,FALSE
xk|komuna e prizrenit,XK,Komuna e Prizrenit,XK-~5908,FALSE
xk|skenderaj/srbica,XK,Skenderaj/Srbica,XK-~5896,FALSE
xk|komuna e skenderajt,XK,Komuna e Skenderajt,XK-~5896,FALSE
xk|stimlje,XK,Stimlje,XK-~5912,FALSE
xk|komuna e shtimes,XK,Komuna e Shtimes,XK-~5912,FALSE
xk|strpce,XK,Strpce,XK-~5914,FALSE
xk|opstina strpce,XK,Opstina Strpce,XK-~5914,FALSE
xk|komuna e therandes,XK,Komuna e Therandes,XK-~5910,FALSE
xk|urosevac,XK,Urosevac,XK-~5913,FALSE
xk|uroševac/ferizaj,XK,Uroševac/ferizaj,XK-~5913,FALSE
xk|urosevac/ferizaj,XK,Urosevac/ferizaj,XK-~5913,FALSE
xk|komuna e ferizajt,XK,Komuna e Ferizajt,XK-~5913,FALSE
xk|viti/vitina,XK,Viti/Vitina,XK-~5905,FALSE
xk|komuna e vitise,XK,Komuna e Vitise,XK-~5905,FALSE
xk|vucitrn,XK,Vucitrn,XK-~5895,FALSE
xk|opstina vucitrn,XK,Opstina Vucitrn,XK-~5895,FALSE
xk|komuna e zubin potokut,XK,Komuna e Zubin Potokut,XK-~5897,FALSE
xk|zvecan,XK,Zvecan,XK-~5892,FALSE
xk|opstina zvecan,XK,Opstina Zvecan,XK-~5892,FALSE
ye|'adan,YE,'Adan,YE-AD,FALSE
ye|adan,YE,Adan,YE-AD,FALSE
ye|aden,YE,Aden,YE-AD,FALSE
ye|muhafazat `adan,YE,Muhafazat `Adan,YE-AD,FALSE
ye|muhafazat 'adan,YE,Muhafazat 'Adan,YE-AD,FALSE
ye|muhafazat adan,YE,Muhafazat Adan,YE-AD,FALSE
ye|muhafazat abyan,YE,Muhafazat Abyan,YE-AB,FALSE
ye|al bayda,YE,Al Bayda,YE-BA,FALSE
ye|albaidah,YE,Albaidah,YE-BA,FALSE
ye|al baidha,YE,Al Baidha,YE-BA,FALSE
ye|al-baydha,YE,Al-Baydha,YE-BA,FALSE
ye|al beida,YE,Al Beida,YE-BA,FALSE
ye|baidaa,YE,Baidaa,YE-BA,FALSE
ye|muhafazat al bayda',YE,Muhafazat al Bayda',YE-BA,FALSE
ye|muhafazat al bayda,YE,Muhafazat al Bayda,YE-BA,FALSE
ye|al dali,YE,Al Dali,YE-DA,FALSE
ye|ad dali',YE,Ad Dali',YE-DA,FALSE
ye|ad dali,YE,Ad Dali,YE-DA,FALSE
ye|al dhale'e,YE,Al Dhale'e,YE-DA,FALSE
ye|al dhalee,YE,Al Dhalee,YE-DA,FALSE
ye|muhafazat ad dali`,YE,Muhafazat ad Dali`,YE-DA,FALSE
ye|muhafazat ad dali',YE,Muhafazat ad Dali',YE-DA,FALSE
ye|muhafazat ad dali,YE,Muhafazat ad Dali,YE-DA,FALSE
ye|al hodeida,YE,Al Hodeida,YE-HU,FALSE
ye|al-hodeidah,YE,Al-Hodeidah,YE-HU,FALSE
ye|al hudaidah,YE,Al Hudaidah,YE-HU,FALSE
ye|hodiedah,YE,Hodiedah,YE-HU,FALSE
ye|hudaidah,YE,Hudaidah,YE-HU,FALSE
ye|muhafazat al hudaydah,YE,Muhafazat al Hudaydah,YE-HU,FALSE
ye|al jouf,YE,Al Jouf,YE-JA,FALSE
ye|aljowf,YE,Aljowf,YE-JA,FALSE
ye|jawf,YE,Jawf,YE-JA,FALSE
ye|muhafazat al jawf,YE,Muhafazat al Jawf,YE-JA,FALSE
ye|al ghaydah,YE,Al Ghaydah,YE-MR,FALSE
ye|al-mahara,YE,Al-Mahara,YE-MR,FALSE
ye|almaharah,YE,Almaharah,YE-MR,FALSE
ye|al-mahra,YE,al-Mahra,YE-MR,FALSE
ye|mahra,YE,Mahra,YE-MR,FALSE
ye|muhafazat al mahrah,YE,Muhafazat al Mahrah,YE-MR,FALSE
ye|almahweet,YE,Almahweet,YE-MW,FALSE
ye|mahweet,YE,Mahweet,YE-MW,FALSE
ye|muhafazat al mahwit,YE,Muhafazat al Mahwit,YE-MW,FALSE
ye|sanaa,YE,Sanaa,YE-SA,FALSE
ye|'amran,YE,'Amran,YE-AM,FALSE
ye|muhafazat `amran,YE,Muhafazat `Amran,YE-AM,FALSE
ye|muhafazat 'amran,YE,Muhafazat 'Amran,YE-AM,FALSE
ye|muhafazat amran,YE,Muhafazat Amran,YE-AM,FALSE
ye|muhafazat dhamar,YE,Muhafazat Dhamar,YE-DH,FALSE
ye|hadhramaut,YE,Hadhramaut,YE-HD,FALSE
ye|hadhramawt,YE,Hadhramawt,YE-HD,FALSE
ye|hadhramout,YE,Hadhramout,YE-HD,FALSE
ye|hadramauthadramout,YE,HadramautHadramout,YE-HD,FALSE
ye|muhafazat hadramawt,YE,Muhafazat Hadramawt,YE-HD,FALSE
ye|hajja,YE,Hajja,YE-HJ,FALSE
ye|muhafazat hajjah,YE,Muhafazat Hajjah,YE-HJ,FALSE
ye|muhafazat ibb,YE,Muhafazat Ibb,YE-IB,FALSE
ye|laheg,YE,Laheg,YE-LA,FALSE
ye|lahej,YE,Lahej,YE-LA,FALSE
ye|lahj,YE,Lahj,YE-LA,FALSE
ye|tuban,YE,Tuban,YE-LA,FALSE
ye|muhafazat lahij,YE,Muhafazat Lahij,YE-LA,FALSE
ye|marib,YE,Marib,YE-MA,FALSE
ye|mareb,YE,Mareb,YE-MA,FALSE
ye|muhafazat ma'rib,YE,Muhafazat Ma'rib,YE-MA,FALSE
ye|muhafazat marib,YE,Muhafazat Marib,YE-MA,FALSE
ye|muhafazat raymah,YE,Muhafazat Raymah,YE-RA,FALSE
ye|sa'dah,YE,Sa'dah,YE-SD,FALSE
ye|sadah,YE,Sadah,YE-SD,FALSE
ye|sa'ada,YE,Sa'ada,YE-SD,FALSE
ye|saada,YE,Saada,YE-SD,FALSE
ye|saadah,YE,Saadah,YE-SD,FALSE
ye|sa'da,YE,Sa'da,YE-SD,FALSE
ye|sada,YE,Sada,YE-SD,FALSE
ye|saidah,YE,Saidah,YE-SD,FALSE
ye|sa'adah,YE,Sa'adah,YE-SD,FALSE
ye|muhafazat sa`dah,YE,Muhafazat Sa`dah,YE-SD,FALSE
ye|muhafazat sa'dah,YE,Muhafazat Sa'dah,YE-SD,FALSE
ye|muhafazat sadah,YE,Muhafazat Sadah,YE-SD,FALSE
ye|shabwa,YE,Shabwa,YE-SH,FALSE
ye|shibwah,YE,Shibwah,YE-SH,FALSE
ye|ataq,YE,Ataq,YE-SH,FALSE
ye|muhafazat shabwah,YE,Muhafazat Shabwah,YE-SH,FALSE
ye|ta'izz,YE,Ta'izz,YE-TA,FALSE
ye|taizz,YE,Taizz,YE-TA,FALSE
ye|taez,YE,Taez,YE-TA,FALSE
ye|taiz,YE,Taiz,YE-TA,FALSE
ye|muhafazat ta`izz,YE,Muhafazat Ta`izz,YE-TA,FALSE
ye|muhafazat ta'izz,YE,Muhafazat Ta'izz,YE-TA,FALSE
ye|muhafazat taizz,YE,Muhafazat Taizz,YE-TA,FALSE
za|oos-kaap,ZA,Oos-Kaap,ZA-EC,FALSE
za|province of eastern cape,ZA,Province of Eastern Cape,ZA-EC,FALSE
za|orange free state,ZA,Orange Free State,ZA-FS,FALSE
za|vrystaat,ZA,Vrystaat,ZA-FS,FALSE
za|pretoria/witwatersrand/vaal,ZA,Pretoria/Witwatersrand/Vaal,ZA-GT,FALSE
za|natal and zululand,ZA,Natal and Zululand,ZA-NL,FALSE
za|province of kwazulu-natal,ZA,Province of KwaZulu-Natal,ZA-NL,FALSE
za|noordelike provinsie,ZA,Noordelike Provinsie,ZA-LP,FALSE
za|northern transvaal,ZA,Northern Transvaal,ZA-LP,FALSE
za|northern province,ZA,Northern Province,ZA-LP,FALSE
za|eastern transvaal,ZA,Eastern Transvaal,ZA-MP,FALSE
za|north-west,ZA,North-West,ZA-NW,FALSE
za|noordwes,ZA,Noordwes,ZA-NW,FALSE
za|province of north-west,ZA,Province of North-West,ZA-NW,FALSE
za|noord-kaap,ZA,Noord-Kaap,ZA-NC,FALSE
za|province of northern cape,ZA,Province of Northern Cape,ZA-NC,FALSE
za|wes-kaap,ZA,Wes-Kaap,ZA-WC,FALSE
za|province of the western cape,ZA,Province of the Western Cape,ZA-WC,FALSE
zm|broken hill,ZM,Broken Hill,ZM-02,FALSE
zm|central province,ZM,Central Province,ZM-02,FALSE
zm|copperbelt province,ZM,Copperbelt Province,ZM-08,FALSE
zm|fort jameson,ZM,Fort Jameson,ZM-03,FALSE
zm|eastern province,ZM,Eastern Province,ZM-03,FALSE
zm|fort rosebery,ZM,Fort Rosebery,ZM-04,FALSE
zm|luapula province,ZM,Luapula Province,ZM-04,FALSE
zm|lusaka province,ZM,Lusaka Province,ZM-09,FALSE
zm|northwestern,ZM,Northwestern,ZM-06,FALSE
zm|north-western province,ZM,North-Western Province,ZM-06,FALSE
zm|northern province,ZM,Northern Province,ZM-05,FALSE
zm|southern province,ZM,Southern Province,ZM-07,FALSE
zm|barotseland,ZM,Barotseland,ZM-01,FALSE
zm|western province,ZM,Western Province,ZM-01,FALSE
zw|bulawayo province,ZW,Bulawayo Province,ZW-BU,FALSE
zw|harare province,ZW,Harare Province,ZW-HA,FALSE
zw|manicaland province,ZW,Manicaland Province,ZW-MA,FALSE
zw|mashonaland central province,ZW,Mashonaland Central Province,ZW-MC,FALSE
zw|mashonaland east province,ZW,Mashonaland East Province,ZW-ME,FALSE
zw|mashonaland west province,ZW,Mashonaland West Province,ZW-MW,FALSE
zw|masvingo province,ZW,Masvingo Province,ZW-MV,FALSE
zw|matabeleland north province,ZW,Matabeleland North Province,ZW-MN,FALSE
zw|matabeleland south province,ZW,Matabeleland South Province,ZW-MS,FALSE
zw|midlands province,ZW,Midlands Province,ZW-MI,FALSE
